algorithm,variant,input_type,n,trial,seed,comparisons,swaps,time_ms,max_depth
QuickSort,det_first,few_distinct,1000,0,165909822774,12751,4186,0.038770,14
QuickSort,det_first,few_distinct,1000,1,165909822775,12374,4220,0.028957,15
QuickSort,det_first,few_distinct,1000,2,165909822776,12408,4181,0.035399,15
QuickSort,det_first,few_distinct,1000,3,165909822777,12264,4212,0.083599,14
QuickSort,det_first,few_distinct,1000,4,165909822778,12108,4208,0.038287,15
QuickSort,det_first,few_distinct,1000,5,165909822779,12311,4211,0.027436,14
QuickSort,det_first,few_distinct,1000,6,165909822780,11953,4230,0.028775,12
QuickSort,det_first,few_distinct,1000,7,165909822781,12430,4217,0.028141,14
QuickSort,det_first,few_distinct,1000,8,165909822782,11928,4261,0.028463,12
QuickSort,det_first,few_distinct,1000,9,165909822783,12124,4190,0.028171,14
QuickSort,det_first,few_distinct,1000,10,165909822784,12487,4172,0.027668,15
QuickSort,det_first,few_distinct,1000,11,165909822785,12502,4190,0.028000,14
QuickSort,det_first,few_distinct,1000,12,165909822786,12311,4218,0.038207,15
QuickSort,det_first,few_distinct,1000,13,165909822787,12166,4205,0.035308,14
QuickSort,det_first,few_distinct,1000,14,165909822788,12655,4167,0.027115,15
QuickSort,det_first,few_distinct,1000,15,165909822789,12123,4220,0.028413,14
QuickSort,det_first,few_distinct,1000,16,165909822790,12312,4224,0.027548,14
QuickSort,det_first,few_distinct,1000,17,165909822791,12483,4189,0.027749,14
QuickSort,det_first,few_distinct,1000,18,165909822792,12933,4196,0.027850,16
QuickSort,det_first,few_distinct,1000,19,165909822793,12168,4247,0.028050,13
QuickSort,det_first,few_distinct,1000,20,165909822794,12450,4231,0.039092,14
QuickSort,det_first,few_distinct,1000,21,165909822795,12082,4231,0.039474,13
QuickSort,det_first,few_distinct,1000,22,165909822796,12171,4208,0.051562,14
QuickSort,det_first,few_distinct,1000,23,165909822797,12668,4134,0.027387,16
QuickSort,det_first,few_distinct,1000,24,165909822798,12133,4221,0.028423,13
QuickSort,det_first,few_distinct,1000,25,165909822799,12673,4200,0.035791,15
QuickSort,det_first,few_distinct,1000,26,165909822800,12074,4219,0.036063,13
QuickSort,det_first,few_distinct,1000,27,165909822801,12367,4176,0.028232,13
QuickSort,det_first,few_distinct,1000,28,165909822802,12084,4196,0.031603,14
QuickSort,det_first,few_distinct,1000,29,165909822803,12240,4216,0.033869,15
QuickSort,det_first,few_distinct,1000,30,165909822804,12204,4226,0.035851,13
QuickSort,det_first,few_distinct,1000,31,165909822805,12141,4232,0.036465,13
QuickSort,det_first,few_distinct,1000,32,165909822806,12461,4225,0.038367,14
QuickSort,det_first,few_distinct,1000,33,165909822807,12152,4237,0.027306,13
QuickSort,det_first,few_distinct,1000,34,165909822808,12716,4191,0.034895,15
QuickSort,det_first,few_distinct,1000,35,165909822809,12272,4225,0.027638,16
QuickSort,det_first,few_distinct,1000,36,165909822810,12322,4180,0.027538,14
QuickSort,det_first,few_distinct,1000,37,165909822811,12734,4189,0.027246,15
QuickSort,det_first,few_distinct,1000,38,165909822812,12358,4199,0.026823,14
QuickSort,det_first,few_distinct,1000,39,165909822813,12857,4146,0.026270,16
QuickSort,det_first,few_distinct,1000,40,165909822814,12162,4235,0.028121,13
QuickSort,det_first,few_distinct,1000,41,165909822815,12096,4229,0.035388,13
QuickSort,det_first,few_distinct,1000,42,165909822816,12653,4144,0.031453,15
QuickSort,det_first,few_distinct,1000,43,165909822817,12494,4180,0.037511,14
QuickSort,det_first,few_distinct,1000,44,165909822818,12579,4158,0.032871,14
QuickSort,det_first,few_distinct,1000,45,165909822819,12332,4181,0.033445,14
QuickSort,det_first,few_distinct,1000,46,165909822820,12122,4215,0.035982,12
QuickSort,det_first,few_distinct,1000,47,165909822821,12526,4186,0.035629,15
QuickSort,det_first,few_distinct,1000,48,165909822822,12710,4162,0.033315,15
QuickSort,det_first,few_distinct,1000,49,165909822823,12509,4164,0.033838,15
QuickSort,det_first,few_distinct,1000,50,165909822824,12365,4207,0.036163,15
QuickSort,det_first,few_distinct,1000,51,165909822825,12130,4202,0.036163,14
QuickSort,det_first,few_distinct,1000,52,165909822826,13508,4125,0.034281,18
QuickSort,det_first,few_distinct,1000,53,165909822827,12302,4194,0.032469,14
QuickSort,det_first,few_distinct,1000,54,165909822828,12228,4193,0.032882,15
QuickSort,det_first,few_distinct,1000,55,165909822829,11993,4216,0.034653,13
QuickSort,det_first,few_distinct,1000,56,165909822830,13188,4182,0.033798,16
QuickSort,det_first,few_distinct,1000,57,165909822831,12035,4245,0.034432,13
QuickSort,det_first,few_distinct,1000,58,165909822832,12400,4237,0.035177,15
QuickSort,det_first,few_distinct,1000,59,165909822833,12533,4223,0.035851,14
QuickSort,det_first,few_distinct,1000,60,165909822834,12163,4221,0.038900,14
QuickSort,det_first,few_distinct,1000,61,165909822835,13794,4177,0.035841,17
QuickSort,det_first,few_distinct,1000,62,165909822836,12656,4254,0.036888,15
QuickSort,det_first,few_distinct,1000,63,165909822837,12098,4224,0.032651,14
QuickSort,det_first,few_distinct,1000,64,165909822838,12124,4225,0.036706,14
QuickSort,det_first,few_distinct,1000,65,165909822839,12120,4257,0.038418,13
QuickSort,det_first,few_distinct,1000,66,165909822840,12082,4229,0.038378,13
QuickSort,det_first,few_distinct,1000,67,165909822841,13890,4180,0.035146,18
QuickSort,det_first,few_distinct,1000,68,165909822842,12296,4197,0.034895,14
QuickSort,det_first,few_distinct,1000,69,165909822843,13614,4203,0.032943,15
QuickSort,det_first,few_distinct,1000,70,165909822844,12134,4211,0.035509,13
QuickSort,det_first,few_distinct,1000,71,165909822845,12595,4143,0.031563,14
QuickSort,det_first,few_distinct,1000,72,165909822846,12530,4177,0.033999,14
QuickSort,det_first,few_distinct,1000,73,165909822847,12367,4203,0.035650,14
QuickSort,det_first,few_distinct,1000,74,165909822848,12217,4227,0.034634,13
QuickSort,det_first,few_distinct,1000,75,165909822849,12159,4242,0.032751,14
QuickSort,det_first,few_distinct,1000,76,165909822850,12251,4209,0.032369,13
QuickSort,det_first,few_distinct,1000,77,165909822851,12369,4195,0.037502,14
QuickSort,det_first,few_distinct,1000,78,165909822852,13159,4142,0.036938,15
QuickSort,det_first,few_distinct,1000,79,165909822853,13138,4171,0.026642,17
QuickSort,det_first,few_distinct,1000,80,165909822854,12109,4206,0.027517,14
QuickSort,det_first,few_distinct,1000,81,165909822855,12270,4195,0.032650,14
QuickSort,det_first,few_distinct,1000,82,165909822856,12748,4142,0.037532,15
QuickSort,det_first,few_distinct,1000,83,165909822857,12523,4195,0.032409,15
QuickSort,det_first,few_distinct,1000,84,165909822858,12202,4226,0.033969,14
QuickSort,det_first,few_distinct,1000,85,165909822859,12757,4223,0.039816,15
QuickSort,det_first,few_distinct,1000,86,165909822860,12602,4190,0.030899,16
QuickSort,det_first,few_distinct,1000,87,165909822861,12626,4157,0.035710,14
QuickSort,det_first,few_distinct,1000,88,165909822862,12334,4229,0.036193,14
QuickSort,det_first,few_distinct,1000,89,165909822863,12353,4189,0.027437,14
QuickSort,det_first,few_distinct,1000,90,165909822864,12404,4181,0.083216,15
QuickSort,det_first,few_distinct,1000,91,165909822865,12564,4168,0.029500,15
QuickSort,det_first,few_distinct,1000,92,165909822866,12618,4176,0.028483,15
QuickSort,det_first,few_distinct,1000,93,165909822867,12094,4211,0.028645,13
QuickSort,det_first,few_distinct,1000,94,165909822868,12549,4180,0.028726,14
QuickSort,det_first,few_distinct,1000,95,165909822869,12139,4209,0.028353,14
QuickSort,det_first,few_distinct,1000,96,165909822870,12348,4191,0.027276,15
QuickSort,det_first,few_distinct,1000,97,165909822871,12426,4226,0.028474,14
QuickSort,det_first,few_distinct,1000,98,165909822872,12114,4233,0.028544,14
QuickSort,det_first,few_distinct,1000,99,165909822873,12202,4193,0.028342,13
QuickSort,det_first,few_distinct,1000,100,165909822874,12125,4216,0.028514,15
QuickSort,det_first,few_distinct,1000,101,165909822875,12474,4178,0.027708,14
QuickSort,det_first,few_distinct,1000,102,165909822876,12071,4237,0.028443,14
QuickSort,det_first,few_distinct,1000,103,165909822877,12784,4190,0.027457,13
QuickSort,det_first,few_distinct,1000,104,165909822878,12625,4184,0.027789,14
QuickSort,det_first,few_distinct,1000,105,165909822879,12292,4207,0.028131,14
QuickSort,det_first,few_distinct,1000,106,165909822880,12074,4284,0.038438,13
QuickSort,det_first,few_distinct,1000,107,165909822881,12803,4183,0.026582,14
QuickSort,det_first,few_distinct,1000,108,165909822882,12058,4217,0.035287,13
QuickSort,det_first,few_distinct,1000,109,165909822883,12679,4228,0.036415,15
QuickSort,det_first,few_distinct,1000,110,165909822884,12432,4217,0.027044,13
QuickSort,det_first,few_distinct,1000,111,165909822885,12198,4200,0.027950,14
QuickSort,det_first,few_distinct,1000,112,165909822886,12031,4212,0.028302,14
QuickSort,det_first,few_distinct,1000,113,165909822887,12164,4274,0.032057,13
QuickSort,det_first,few_distinct,1000,114,165909822888,14136,4129,0.036485,17
QuickSort,det_first,few_distinct,1000,115,165909822889,12921,4181,0.036787,15
QuickSort,det_first,few_distinct,1000,116,165909822890,12257,4223,0.028584,15
QuickSort,det_first,few_distinct,1000,117,165909822891,12737,4211,0.027840,14
QuickSort,det_first,few_distinct,1000,118,165909822892,12646,4170,0.026561,14
QuickSort,det_first,few_distinct,1000,119,165909822893,12110,4189,0.036475,15
QuickSort,det_first,few_distinct,1000,120,165909822894,13951,4142,0.037452,17
QuickSort,det_first,few_distinct,1000,121,165909822895,12790,4217,0.034331,15
QuickSort,det_first,few_distinct,1000,122,165909822896,12213,4211,0.027125,14
QuickSort,det_first,few_distinct,1000,123,165909822897,13200,4162,0.026249,16
QuickSort,det_first,few_distinct,1000,124,165909822898,12182,4204,0.027396,14
QuickSort,det_first,few_distinct,1000,125,165909822899,12888,4164,0.026199,17
QuickSort,det_first,few_distinct,1000,126,165909822900,12927,4186,0.027286,14
QuickSort,det_first,few_distinct,1000,127,165909822901,12254,4185,0.027719,14
QuickSort,det_first,few_distinct,1000,128,165909822902,12146,4226,0.028453,13
QuickSort,det_first,few_distinct,1000,129,165909822903,12413,4167,0.030960,15
QuickSort,det_first,few_distinct,1000,130,165909822904,12965,4165,0.029591,17
QuickSort,det_first,few_distinct,1000,131,165909822905,12440,4174,0.027266,14
QuickSort,det_first,few_distinct,1000,132,165909822906,12224,4207,0.027235,14
QuickSort,det_first,few_distinct,1000,133,165909822907,12937,4170,0.025676,15
QuickSort,det_first,few_distinct,1000,134,165909822908,12636,4203,0.028041,14
QuickSort,det_first,few_distinct,1000,135,165909822909,12634,4183,0.026954,15
QuickSort,det_first,few_distinct,1000,136,165909822910,13877,4154,0.032238,17
QuickSort,det_first,few_distinct,1000,137,165909822911,12345,4256,0.035781,14
QuickSort,det_first,few_distinct,1000,138,165909822912,12950,4179,0.036214,16
QuickSort,det_first,few_distinct,1000,139,165909822913,12693,4174,0.036998,14
QuickSort,det_first,few_distinct,1000,140,165909822914,12424,4185,0.040511,14
QuickSort,det_first,few_distinct,1000,141,165909822915,12012,4235,0.040069,13
QuickSort,det_first,few_distinct,1000,142,165909822916,12446,4228,0.033224,13
QuickSort,det_first,few_distinct,1000,143,165909822917,12305,4204,0.026934,15
QuickSort,det_first,few_distinct,1000,144,165909822918,12127,4225,0.035942,15
QuickSort,det_first,few_distinct,1000,145,165909822919,12604,4211,0.032137,13
QuickSort,det_first,few_distinct,1000,146,165909822920,12502,4206,0.027699,14
QuickSort,det_first,few_distinct,1000,147,165909822921,12044,4269,0.036556,13
QuickSort,det_first,few_distinct,1000,148,165909822922,13114,4150,0.033053,17
QuickSort,det_first,few_distinct,1000,149,165909822923,13327,4134,0.060702,15
QuickSort,det_first,few_distinct,1000,150,165909822924,12007,4233,0.039746,14
QuickSort,det_first,few_distinct,1000,151,165909822925,12364,4215,0.033265,14
QuickSort,det_first,few_distinct,1000,152,165909822926,12423,4195,0.028111,15
QuickSort,det_first,few_distinct,1000,153,165909822927,12013,4228,0.032338,13
QuickSort,det_first,few_distinct,1000,154,165909822928,13102,4193,0.027417,17
QuickSort,det_first,few_distinct,1000,155,165909822929,12387,4211,0.037652,14
QuickSort,det_first,few_distinct,1000,156,165909822930,12127,4238,0.035418,13
QuickSort,det_first,few_distinct,1000,157,165909822931,12507,4166,0.035509,15
QuickSort,det_first,few_distinct,1000,158,165909822932,12557,4211,0.035418,17
QuickSort,det_first,few_distinct,1000,159,165909822933,12561,4243,0.039495,14
QuickSort,det_first,few_distinct,1000,160,165909822934,12009,4239,0.033455,13
QuickSort,det_first,few_distinct,1000,161,165909822935,12317,4240,0.033365,13
QuickSort,det_first,few_distinct,1000,162,165909822936,12194,4232,0.034915,13
QuickSort,det_first,few_distinct,1000,163,165909822937,12751,4155,0.034784,16
QuickSort,det_first,few_distinct,1000,164,165909822938,13111,4203,0.027547,15
QuickSort,det_first,few_distinct,1000,165,165909822939,12941,4181,0.026350,15
QuickSort,det_first,few_distinct,1000,166,165909822940,12226,4241,0.027377,14
QuickSort,det_first,few_distinct,1000,167,165909822941,12808,4202,0.025988,15
QuickSort,det_first,few_distinct,1000,168,165909822942,12327,4194,0.036405,13
QuickSort,det_first,few_distinct,1000,169,165909822943,12573,4179,0.026602,13
QuickSort,det_first,few_distinct,1000,170,165909822944,12586,4245,0.028172,14
QuickSort,det_first,few_distinct,1000,171,165909822945,12152,4222,0.028444,13
QuickSort,det_first,few_distinct,1000,172,165909822946,12270,4207,0.028000,13
QuickSort,det_first,few_distinct,1000,173,165909822947,12253,4235,0.027980,13
QuickSort,det_first,few_distinct,1000,174,165909822948,12539,4214,0.028514,15
QuickSort,det_first,few_distinct,1000,175,165909822949,11912,4220,0.027981,12
QuickSort,det_first,few_distinct,1000,176,165909822950,12652,4145,0.027719,15
QuickSort,det_first,few_distinct,1000,177,165909822951,12240,4228,0.033576,14
QuickSort,det_first,few_distinct,1000,178,165909822952,12828,4195,0.031916,15
QuickSort,det_first,few_distinct,1000,179,165909822953,12809,4152,0.032207,15
QuickSort,det_first,few_distinct,1000,180,165909822954,13723,4107,0.025957,18
QuickSort,det_first,few_distinct,1000,181,165909822955,12801,4144,0.025866,16
QuickSort,det_first,few_distinct,1000,182,165909822956,12551,4175,0.035418,14
QuickSort,det_first,few_distinct,1000,183,165909822957,12035,4264,0.079734,12
QuickSort,det_first,few_distinct,1000,184,165909822958,12513,4186,0.027768,14
QuickSort,det_first,few_distinct,1000,185,165909822959,12699,4189,0.027246,14
QuickSort,det_first,few_distinct,1000,186,165909822960,12887,4205,0.030738,16
QuickSort,det_first,few_distinct,1000,187,165909822961,12616,4177,0.026863,14
QuickSort,det_first,few_distinct,1000,188,165909822962,12361,4248,0.027235,15
QuickSort,det_first,few_distinct,1000,189,165909822963,14193,4142,0.026823,19
QuickSort,det_first,few_distinct,1000,190,165909822964,12610,4201,0.027316,15
QuickSort,det_first,few_distinct,1000,191,165909822965,12188,4241,0.028232,14
QuickSort,det_first,few_distinct,1000,192,165909822966,12385,4179,0.033274,14
QuickSort,det_first,few_distinct,1000,193,165909822967,12534,4175,0.033637,15
QuickSort,det_first,few_distinct,1000,194,165909822968,12906,4193,0.034472,17
QuickSort,det_first,few_distinct,1000,195,165909822969,13229,4154,0.032842,17
QuickSort,det_first,few_distinct,1000,196,165909822970,12298,4221,0.039112,13
QuickSort,det_first,few_distinct,1000,197,165909822971,12905,4181,0.039222,15
QuickSort,det_first,few_distinct,1000,198,165909822972,12170,4232,0.028725,14
QuickSort,det_first,few_distinct,1000,199,165909822973,12161,4234,0.044185,14
QuickSort,det_first,few_distinct,10000,0,185327576532,154060,58749,0.294416,17
QuickSort,det_first,few_distinct,10000,1,185327576533,165128,58785,0.295037,19
QuickSort,det_first,few_distinct,10000,2,185327576534,154783,58422,0.293705,19
QuickSort,det_first,few_distinct,10000,3,185327576535,158047,58569,0.279596,18
QuickSort,det_first,few_distinct,10000,4,185327576536,160378,58542,0.274927,19
QuickSort,det_first,few_distinct,10000,5,185327576537,161107,58434,0.287011,20
QuickSort,det_first,few_distinct,10000,6,185327576538,156366,58634,0.359147,19
QuickSort,det_first,few_distinct,10000,7,185327576539,163244,58583,0.284987,19
QuickSort,det_first,few_distinct,10000,8,185327576540,158888,58421,0.277802,18
QuickSort,det_first,few_distinct,10000,9,185327576541,158941,58706,0.308965,18
QuickSort,det_first,few_distinct,10000,10,185327576542,154717,58796,0.358015,17
QuickSort,det_first,few_distinct,10000,11,185327576543,153352,58615,0.419750,18
QuickSort,det_first,few_distinct,10000,12,185327576544,156341,58552,0.388016,18
QuickSort,det_first,few_distinct,10000,13,185327576545,159172,58212,0.419801,20
QuickSort,det_first,few_distinct,10000,14,185327576546,154194,58839,0.410191,18
QuickSort,det_first,few_distinct,10000,15,185327576547,153713,59038,0.381773,18
QuickSort,det_first,few_distinct,10000,16,185327576548,158905,58261,0.364148,19
QuickSort,det_first,few_distinct,10000,17,185327576549,158933,58284,0.344918,19
QuickSort,det_first,few_distinct,10000,18,185327576550,164511,57957,0.326602,20
QuickSort,det_first,few_distinct,10000,19,185327576551,158003,58601,0.503060,20
QuickSort,det_first,few_distinct,10000,20,185327576552,158250,58572,0.319067,19
QuickSort,det_first,few_distinct,10000,21,185327576553,153201,58710,0.304226,17
QuickSort,det_first,few_distinct,10000,22,185327576554,166057,58306,0.281931,20
QuickSort,det_first,few_distinct,10000,23,185327576555,158746,58287,0.324767,20
QuickSort,det_first,few_distinct,10000,24,185327576556,154024,58598,0.290058,17
QuickSort,det_first,few_distinct,10000,25,185327576557,158629,58390,0.282042,19
QuickSort,det_first,few_distinct,10000,26,185327576558,159302,58562,0.272001,19
QuickSort,det_first,few_distinct,10000,27,185327576559,155536,58849,0.352314,19
QuickSort,det_first,few_distinct,10000,28,185327576560,160842,58862,0.316942,18
QuickSort,det_first,few_distinct,10000,29,185327576561,157477,58725,0.289898,19
QuickSort,det_first,few_distinct,10000,30,185327576562,164201,58280,0.331001,21
QuickSort,det_first,few_distinct,10000,31,185327576563,152465,58822,0.365350,17
QuickSort,det_first,few_distinct,10000,32,185327576564,158644,59057,0.283825,18
QuickSort,det_first,few_distinct,10000,33,185327576565,157679,58887,0.285008,18
QuickSort,det_first,few_distinct,10000,34,185327576566,159039,58856,0.292863,17
QuickSort,det_first,few_distinct,10000,35,185327576567,154888,58468,0.286710,19
QuickSort,det_first,few_distinct,10000,36,185327576568,159115,58243,0.278765,18
QuickSort,det_first,few_distinct,10000,37,185327576569,157453,58493,0.284547,19
QuickSort,det_first,few_distinct,10000,38,185327576570,153665,59064,0.288544,17
QuickSort,det_first,few_distinct,10000,39,185327576571,158584,58564,0.280588,19
QuickSort,det_first,few_distinct,10000,40,185327576572,158594,58535,0.290879,18
QuickSort,det_first,few_distinct,10000,41,185327576573,173461,58104,0.319227,22
QuickSort,det_first,few_distinct,10000,42,185327576574,156191,58524,0.287151,19
QuickSort,det_first,few_distinct,10000,43,185327576575,156113,58528,0.286049,20
QuickSort,det_first,few_distinct,10000,44,185327576576,158677,58244,0.286199,19
QuickSort,det_first,few_distinct,10000,45,185327576577,156632,58456,0.295288,20
QuickSort,det_first,few_distinct,10000,46,185327576578,153769,58885,0.309897,17
QuickSort,det_first,few_distinct,10000,47,185327576579,153016,58714,0.293945,18
QuickSort,det_first,few_distinct,10000,48,185327576580,154618,58736,0.300319,18
QuickSort,det_first,few_distinct,10000,49,185327576581,155012,58953,0.334758,18
QuickSort,det_first,few_distinct,10000,50,185327576582,160204,58643,0.310599,19
QuickSort,det_first,few_distinct,10000,51,185327576583,161047,58846,0.288535,19
QuickSort,det_first,few_distinct,10000,52,185327576584,160416,58233,0.320740,19
QuickSort,det_first,few_distinct,10000,53,185327576585,154389,58596,0.307302,18
QuickSort,det_first,few_distinct,10000,54,185327576586,156580,58597,0.280808,18
QuickSort,det_first,few_distinct,10000,55,185327576587,154475,58670,0.289396,17
QuickSort,det_first,few_distinct,10000,56,185327576588,156829,58356,0.291391,19
QuickSort,det_first,few_distinct,10000,57,185327576589,154312,58999,0.292602,17
QuickSort,det_first,few_distinct,10000,58,185327576590,157924,58632,0.276900,19
QuickSort,det_first,few_distinct,10000,59,185327576591,153041,58802,0.290107,19
QuickSort,det_first,few_distinct,10000,60,185327576592,155848,58793,0.363657,17
QuickSort,det_first,few_distinct,10000,61,185327576593,154830,58954,0.309206,18
QuickSort,det_first,few_distinct,10000,62,185327576594,155559,58578,0.283244,19
QuickSort,det_first,few_distinct,10000,63,185327576595,159347,58477,0.280097,19
QuickSort,det_first,few_distinct,10000,64,185327576596,156836,58890,0.277842,18
QuickSort,det_first,few_distinct,10000,65,185327576597,157407,58648,0.286149,20
QuickSort,det_first,few_distinct,10000,66,185327576598,161724,58140,0.303164,20
QuickSort,det_first,few_distinct,10000,67,185327576599,154594,58980,0.403808,17
QuickSort,det_first,few_distinct,10000,68,185327576600,155107,58559,0.359087,18
QuickSort,det_first,few_distinct,10000,69,185327576601,156955,58520,0.304556,18
QuickSort,det_first,few_distinct,10000,70,185327576602,156455,58676,0.279115,18
QuickSort,det_first,few_distinct,10000,71,185327576603,158221,58601,0.287202,19
QuickSort,det_first,few_distinct,10000,72,185327576604,156587,58592,0.282753,18
QuickSort,det_first,few_distinct,10000,73,185327576605,158423,58552,0.293796,19
QuickSort,det_first,few_distinct,10000,74,185327576606,158864,58531,0.281080,18
QuickSort,det_first,few_distinct,10000,75,185327576607,155518,58740,0.285608,18
QuickSort,det_first,few_distinct,10000,76,185327576608,163618,58123,0.272122,20
QuickSort,det_first,few_distinct,10000,77,185327576609,153723,58746,0.288124,17
QuickSort,det_first,few_distinct,10000,78,185327576610,157443,58864,0.300288,17
QuickSort,det_first,few_distinct,10000,79,185327576611,152372,58857,0.319557,17
QuickSort,det_first,few_distinct,10000,80,185327576612,159966,58594,0.312483,20
QuickSort,det_first,few_distinct,10000,81,185327576613,156934,58523,0.288374,18
QuickSort,det_first,few_distinct,10000,82,185327576614,163270,57952,0.272983,21
QuickSort,det_first,few_distinct,10000,83,185327576615,158465,58916,0.280007,17
QuickSort,det_first,few_distinct,10000,84,185327576616,160210,58444,0.278254,19
QuickSort,det_first,few_distinct,10000,85,185327576617,161212,58358,0.269125,19
QuickSort,det_first,few_distinct,10000,86,185327576618,158478,58528,0.284676,20
QuickSort,det_first,few_distinct,10000,87,185327576619,163543,58380,0.269797,19
QuickSort,det_first,few_distinct,10000,88,185327576620,162797,58490,0.322954,20
QuickSort,det_first,few_distinct,10000,89,185327576621,157065,59063,0.282803,18
QuickSort,det_first,few_distinct,10000,90,185327576622,155539,58812,0.291400,19
QuickSort,det_first,few_distinct,10000,91,185327576623,155414,58924,0.297192,17
QuickSort,det_first,few_distinct,10000,92,185327576624,168775,57958,0.268284,21
QuickSort,det_first,few_distinct,10000,93,185327576625,157357,58760,0.278294,17
QuickSort,det_first,few_distinct,10000,94,185327576626,155814,58611,0.294848,19
QuickSort,det_first,few_distinct,10000,95,185327576627,158605,58535,0.273734,18
QuickSort,det_first,few_distinct,10000,96,185327576628,165989,58130,0.269506,22
QuickSort,det_first,few_distinct,10000,97,185327576629,157123,58669,0.276751,18
QuickSort,det_first,few_distinct,10000,98,185327576630,157815,58478,0.299356,19
QuickSort,det_first,few_distinct,10000,99,185327576631,156017,58760,0.282733,18
QuickSort,det_first,few_distinct,5000,0,173044830401,72663,26816,0.173262,17
QuickSort,det_first,few_distinct,5000,1,173044830402,72008,26838,0.163600,17
QuickSort,det_first,few_distinct,5000,2,173044830403,71882,26834,0.351257,17
QuickSort,det_first,few_distinct,5000,3,173044830404,71871,26870,0.159431,15
QuickSort,det_first,few_distinct,5000,4,173044830405,73848,26882,0.138689,18
QuickSort,det_first,few_distinct,5000,5,173044830406,76838,26649,0.134106,19
QuickSort,det_first,few_distinct,5000,6,173044830407,70853,26883,0.144590,16
QuickSort,det_first,few_distinct,5000,7,173044830408,75679,26664,0.155471,18
QuickSort,det_first,few_distinct,5000,8,173044830409,77010,26775,0.146699,18
QuickSort,det_first,few_distinct,5000,9,173044830410,76072,26633,0.135689,19
QuickSort,det_first,few_distinct,5000,10,173044830411,76470,26842,0.133373,18
QuickSort,det_first,few_distinct,5000,11,173044830412,73924,26738,0.135353,18
QuickSort,det_first,few_distinct,5000,12,173044830413,73846,26568,0.136580,18
QuickSort,det_first,few_distinct,5000,13,173044830414,74514,26623,0.143016,18
QuickSort,det_first,few_distinct,5000,14,173044830415,76839,26679,0.136610,19
QuickSort,det_first,few_distinct,5000,15,173044830416,73476,26968,0.138333,16
QuickSort,det_first,few_distinct,5000,16,173044830417,76477,26462,0.133046,19
QuickSort,det_first,few_distinct,5000,17,173044830418,72514,26833,0.139907,17
QuickSort,det_first,few_distinct,5000,18,173044830419,73156,26798,0.137976,16
QuickSort,det_first,few_distinct,5000,19,173044830420,74230,26875,0.149689,18
QuickSort,det_first,few_distinct,5000,20,173044830421,73032,26940,0.134323,18
QuickSort,det_first,few_distinct,5000,21,173044830422,73811,26704,0.135977,18
QuickSort,det_first,few_distinct,5000,22,173044830423,74423,26925,0.137977,17
QuickSort,det_first,few_distinct,5000,23,173044830424,73496,26933,0.138660,16
QuickSort,det_first,few_distinct,5000,24,173044830425,73366,26824,0.139491,18
QuickSort,det_first,few_distinct,5000,25,173044830426,74013,26922,0.135877,18
QuickSort,det_first,few_distinct,5000,26,173044830427,73674,26900,0.135659,17
QuickSort,det_first,few_distinct,5000,27,173044830428,75372,26696,0.178440,20
QuickSort,det_first,few_distinct,5000,28,173044830429,74207,26685,0.205945,17
QuickSort,det_first,few_distinct,5000,29,173044830430,75500,26554,0.134857,18
QuickSort,det_first,few_distinct,5000,30,173044830431,74924,26547,0.182966,18
QuickSort,det_first,few_distinct,5000,31,173044830432,73916,27059,0.134155,17
QuickSort,det_first,few_distinct,5000,32,173044830433,71675,26856,0.163688,18
QuickSort,det_first,few_distinct,5000,33,173044830434,74171,26831,0.134907,17
QuickSort,det_first,few_distinct,5000,34,173044830435,74722,26740,0.133600,18
QuickSort,det_first,few_distinct,5000,35,173044830436,71545,26852,0.141897,16
QuickSort,det_first,few_distinct,5000,36,173044830437,80180,26513,0.134422,22
QuickSort,det_first,few_distinct,5000,37,173044830438,74573,26626,0.137372,19
QuickSort,det_first,few_distinct,5000,38,173044830439,72947,26714,0.138610,19
QuickSort,det_first,few_distinct,5000,39,173044830440,72978,26896,0.137758,17
QuickSort,det_first,few_distinct,5000,40,173044830441,72699,26810,0.139581,17
QuickSort,det_first,few_distinct,5000,41,173044830442,73020,26856,0.139382,18
QuickSort,det_first,few_distinct,5000,42,173044830443,72705,26906,0.140432,16
QuickSort,det_first,few_distinct,5000,43,173044830444,73712,26725,0.140194,18
QuickSort,det_first,few_distinct,5000,44,173044830445,74662,26649,0.134788,18
QuickSort,det_first,few_distinct,5000,45,173044830446,71078,26867,0.143511,16
QuickSort,det_first,few_distinct,5000,46,173044830447,71075,26969,0.144026,17
QuickSort,det_first,few_distinct,5000,47,173044830448,73677,26847,0.136551,17
QuickSort,det_first,few_distinct,5000,48,173044830449,73098,26903,0.136472,16
QuickSort,det_first,few_distinct,5000,49,173044830450,74138,26636,0.153203,20
QuickSort,det_first,few_distinct,5000,50,173044830451,74118,26866,0.137373,16
QuickSort,det_first,few_distinct,5000,51,173044830452,73522,26867,0.137878,18
QuickSort,det_first,few_distinct,5000,52,173044830453,74454,26637,0.158223,18
QuickSort,det_first,few_distinct,5000,53,173044830454,73299,26735,0.160639,18
QuickSort,det_first,few_distinct,5000,54,173044830455,76840,26640,0.141144,19
QuickSort,det_first,few_distinct,5000,55,173044830456,71823,26810,0.173213,17
QuickSort,det_first,few_distinct,5000,56,173044830457,72909,26740,0.180540,18
QuickSort,det_first,few_distinct,5000,57,173044830458,73633,26733,0.185331,18
QuickSort,det_first,few_distinct,5000,58,173044830459,73214,26667,0.178768,18
QuickSort,det_first,few_distinct,5000,59,173044830460,71551,26947,0.192539,15
QuickSort,det_first,few_distinct,5000,60,173044830461,81410,26529,0.143857,19
QuickSort,det_first,few_distinct,5000,61,173044830462,72266,26808,0.140768,17
QuickSort,det_first,few_distinct,5000,62,173044830463,72730,26733,0.158233,17
QuickSort,det_first,few_distinct,5000,63,173044830464,74973,26798,0.134977,17
QuickSort,det_first,few_distinct,5000,64,173044830465,73581,26855,0.138402,16
QuickSort,det_first,few_distinct,5000,65,173044830466,71970,26976,0.141036,17
QuickSort,det_first,few_distinct,5000,66,173044830467,72555,26889,0.138144,17
QuickSort,det_first,few_distinct,5000,67,173044830468,74063,26727,0.136748,17
QuickSort,det_first,few_distinct,5000,68,173044830469,73918,26790,0.135135,17
QuickSort,det_first,few_distinct,5000,69,173044830470,74693,26646,0.178084,18
QuickSort,det_first,few_distinct,5000,70,173044830471,72792,26830,0.194321,17
QuickSort,det_first,few_distinct,5000,71,173044830472,73622,26815,0.136471,16
QuickSort,det_first,few_distinct,5000,72,173044830473,71570,26985,0.141481,16
QuickSort,det_first,few_distinct,5000,73,173044830474,72573,26904,0.157798,17
QuickSort,det_first,few_distinct,5000,74,173044830475,72912,26824,0.150233,16
QuickSort,det_first,few_distinct,5000,75,173044830476,79525,26540,0.141293,19
QuickSort,det_first,few_distinct,5000,76,173044830477,72405,26873,0.138065,16
QuickSort,det_first,few_distinct,5000,77,173044830478,74396,26730,0.210093,20
QuickSort,det_first,few_distinct,5000,78,173044830479,72644,26901,0.154718,16
QuickSort,det_first,few_distinct,5000,79,173044830480,74088,26734,0.138224,17
QuickSort,det_first,few_distinct,5000,80,173044830481,73453,26960,0.195093,16
QuickSort,det_first,few_distinct,5000,81,173044830482,74871,26756,0.136174,17
QuickSort,det_first,few_distinct,5000,82,173044830483,75096,26734,0.177500,19
QuickSort,det_first,few_distinct,5000,83,173044830484,73100,26817,0.231647,18
QuickSort,det_first,few_distinct,5000,84,173044830485,76657,26526,0.168203,19
QuickSort,det_first,few_distinct,5000,85,173044830486,72504,26880,0.177847,16
QuickSort,det_first,few_distinct,5000,86,173044830487,75648,26604,0.175312,19
QuickSort,det_first,few_distinct,5000,87,173044830488,75146,26633,0.165520,18
QuickSort,det_first,few_distinct,5000,88,173044830489,73963,26838,0.165381,16
QuickSort,det_first,few_distinct,5000,89,173044830490,73359,26733,0.137917,16
QuickSort,det_first,few_distinct,5000,90,173044830491,72237,26720,0.138531,17
QuickSort,det_first,few_distinct,5000,91,173044830492,74325,26846,0.139421,19
QuickSort,det_first,few_distinct,5000,92,173044830493,74239,26662,0.133848,19
QuickSort,det_first,few_distinct,5000,93,173044830494,74617,26808,0.132848,17
QuickSort,det_first,few_distinct,5000,94,173044830495,72130,26864,0.162005,17
QuickSort,det_first,few_distinct,5000,95,173044830496,72668,26798,0.139778,17
QuickSort,det_first,few_distinct,5000,96,173044830497,75263,26608,0.132837,18
QuickSort,det_first,few_distinct,5000,97,173044830498,72690,26843,0.138481,16
QuickSort,det_first,few_distinct,5000,98,173044830499,73523,26714,0.138372,19
QuickSort,det_first,few_distinct,5000,99,173044830500,77197,26653,0.135709,18
QuickSort,det_first,few_distinct,5000,100,173044830501,80125,26775,0.136432,19
QuickSort,det_first,few_distinct,5000,101,173044830502,72854,26851,0.146659,16
QuickSort,det_first,few_distinct,5000,102,173044830503,72241,26771,0.141223,18
QuickSort,det_first,few_distinct,5000,103,173044830504,72602,26836,0.149570,17
QuickSort,det_first,few_distinct,5000,104,173044830505,75409,26775,0.172183,18
QuickSort,det_first,few_distinct,5000,105,173044830506,75197,26746,0.165044,18
QuickSort,det_first,few_distinct,5000,106,173044830507,71980,26995,0.140610,16
QuickSort,det_first,few_distinct,5000,107,173044830508,77219,26707,0.132877,17
QuickSort,det_first,few_distinct,5000,108,173044830509,74602,26601,0.134877,18
QuickSort,det_first,few_distinct,5000,109,173044830510,74313,26842,0.158511,17
QuickSort,det_first,few_distinct,5000,110,173044830511,72693,26928,0.141798,17
QuickSort,det_first,few_distinct,5000,111,173044830512,73301,26704,0.138273,18
QuickSort,det_first,few_distinct,5000,112,173044830513,74559,26658,0.133868,19
QuickSort,det_first,few_distinct,5000,113,173044830514,80313,26578,0.136897,18
QuickSort,det_first,few_distinct,5000,114,173044830515,75234,26651,0.170104,18
QuickSort,det_first,few_distinct,5000,115,173044830516,72278,26933,0.139798,17
QuickSort,det_first,few_distinct,5000,116,173044830517,71894,26752,0.140382,16
QuickSort,det_first,few_distinct,5000,117,173044830518,73777,26948,0.138828,16
QuickSort,det_first,few_distinct,5000,118,173044830519,73113,26779,0.138284,17
QuickSort,det_first,few_distinct,5000,119,173044830520,74396,26636,0.136738,17
QuickSort,det_first,few_distinct,5000,120,173044830521,77064,26690,0.128947,19
QuickSort,det_first,few_distinct,5000,121,173044830522,72498,26866,0.139808,16
QuickSort,det_first,few_distinct,5000,122,173044830523,72153,26925,0.144015,16
QuickSort,det_first,few_distinct,5000,123,173044830524,77271,26772,0.133253,20
QuickSort,det_first,few_distinct,5000,124,173044830525,72118,26876,0.139936,16
QuickSort,det_first,few_distinct,5000,125,173044830526,77405,26787,0.141956,19
QuickSort,det_first,few_distinct,5000,126,173044830527,76344,26796,0.132709,19
QuickSort,det_first,few_distinct,5000,127,173044830528,74362,26763,0.133511,17
QuickSort,det_first,few_distinct,5000,128,173044830529,72730,26735,0.139085,17
QuickSort,det_first,few_distinct,5000,129,173044830530,73913,26673,0.136551,18
QuickSort,det_first,few_distinct,5000,130,173044830531,74216,26705,0.134045,17
QuickSort,det_first,few_distinct,5000,131,173044830532,75906,26564,0.132610,19
QuickSort,det_first,few_distinct,5000,132,173044830533,71532,26790,0.140016,17
QuickSort,det_first,few_distinct,5000,133,173044830534,73336,26766,0.137501,16
QuickSort,det_first,few_distinct,5000,134,173044830535,72169,26891,0.138233,16
QuickSort,det_first,few_distinct,5000,135,173044830536,74721,26862,0.159471,19
QuickSort,det_first,few_distinct,5000,136,173044830537,76256,26702,0.139967,18
QuickSort,det_first,few_distinct,5000,137,173044830538,73452,26692,0.176054,18
QuickSort,det_first,few_distinct,5000,138,173044830539,75706,26899,0.131709,17
QuickSort,det_first,few_distinct,5000,139,173044830540,75706,26754,0.134679,17
QuickSort,det_first,few_distinct,5000,140,173044830541,71743,26793,0.143481,19
QuickSort,det_first,few_distinct,5000,141,173044830542,71731,26879,0.152233,17
QuickSort,det_first,few_distinct,5000,142,173044830543,72468,26790,0.139194,17
QuickSort,det_first,few_distinct,5000,143,173044830544,72407,26799,0.160521,17
QuickSort,det_first,few_distinct,5000,144,173044830545,74198,26814,0.137689,18
QuickSort,det_first,few_distinct,5000,145,173044830546,77117,26512,0.135402,18
QuickSort,det_first,few_distinct,5000,146,173044830547,73169,26840,0.145006,16
QuickSort,det_first,few_distinct,5000,147,173044830548,72423,26873,0.138986,17
QuickSort,det_first,few_distinct,5000,148,173044830549,71611,26719,0.142115,17
QuickSort,det_first,few_distinct,5000,149,173044830550,72535,26819,0.139708,17
QuickSort,det_first,few_distinct,5000,150,173044830551,72248,26931,0.139739,18
QuickSort,det_first,few_distinct,5000,151,173044830552,77912,26573,0.132373,19
QuickSort,det_first,few_distinct,5000,152,173044830553,71818,26825,0.140164,17
QuickSort,det_first,few_distinct,5000,153,173044830554,73143,26758,0.138847,17
QuickSort,det_first,few_distinct,5000,154,173044830555,76743,26560,0.131551,19
QuickSort,det_first,few_distinct,5000,155,173044830556,76049,26566,0.136927,19
QuickSort,det_first,few_distinct,5000,156,173044830557,72534,26892,0.137551,16
QuickSort,det_first,few_distinct,5000,157,173044830558,73951,26786,0.253914,18
QuickSort,det_first,few_distinct,5000,158,173044830559,71382,26885,0.200321,16
QuickSort,det_first,few_distinct,5000,159,173044830560,71672,26828,0.199390,16
QuickSort,det_first,few_distinct,5000,160,173044830561,76208,26775,0.181500,17
QuickSort,det_first,few_distinct,5000,161,173044830562,73439,26668,0.159699,18
QuickSort,det_first,few_distinct,5000,162,173044830563,74748,26862,0.136947,18
QuickSort,det_first,few_distinct,5000,163,173044830564,71427,26899,0.143630,16
QuickSort,det_first,few_distinct,5000,164,173044830565,72691,26769,0.138867,17
QuickSort,det_first,few_distinct,5000,165,173044830566,71548,26931,0.141511,17
QuickSort,det_first,few_distinct,5000,166,173044830567,74213,26819,0.140135,16
QuickSort,det_first,few_distinct,5000,167,173044830568,70866,26889,0.144135,17
QuickSort,det_first,few_distinct,5000,168,173044830569,73740,26740,0.139986,17
QuickSort,det_first,few_distinct,5000,169,173044830570,74021,26746,0.133759,17
QuickSort,det_first,few_distinct,5000,170,173044830571,77223,26568,0.130847,20
QuickSort,det_first,few_distinct,5000,171,173044830572,73690,26970,0.140105,16
QuickSort,det_first,few_distinct,5000,172,173044830573,76658,26734,0.137115,19
QuickSort,det_first,few_distinct,5000,173,173044830574,73040,26842,0.137303,17
QuickSort,det_first,few_distinct,5000,174,173044830575,72914,26892,0.136134,17
QuickSort,det_first,few_distinct,5000,175,173044830576,72542,26818,0.161550,18
QuickSort,det_first,few_distinct,5000,176,173044830577,73653,26965,0.140768,17
QuickSort,det_first,few_distinct,5000,177,173044830578,71614,26848,0.156738,17
QuickSort,det_first,few_distinct,5000,178,173044830579,72965,26792,0.139788,16
QuickSort,det_first,few_distinct,5000,179,173044830580,73604,26712,0.175055,17
QuickSort,det_first,few_distinct,5000,180,173044830581,76674,26568,0.177986,19
QuickSort,det_first,few_distinct,5000,181,173044830582,73450,26968,0.136244,17
QuickSort,det_first,few_distinct,5000,182,173044830583,75872,26551,0.132055,19
QuickSort,det_first,few_distinct,5000,183,173044830584,75291,26634,0.130779,18
QuickSort,det_first,few_distinct,5000,184,173044830585,74403,26911,0.134917,17
QuickSort,det_first,few_distinct,5000,185,173044830586,72220,26785,0.139828,17
QuickSort,det_first,few_distinct,5000,186,173044830587,71958,26927,0.140660,16
QuickSort,det_first,few_distinct,5000,187,173044830588,75418,26771,0.133511,19
QuickSort,det_first,few_distinct,5000,188,173044830589,73731,26935,0.137966,17
QuickSort,det_first,few_distinct,5000,189,173044830590,73866,26671,0.152382,17
QuickSort,det_first,few_distinct,5000,190,173044830591,72660,26835,0.139392,17
QuickSort,det_first,few_distinct,5000,191,173044830592,74444,26708,0.141372,18
QuickSort,det_first,few_distinct,5000,192,173044830593,72133,26826,0.138828,17
QuickSort,det_first,few_distinct,5000,193,173044830594,72793,26763,0.206845,17
QuickSort,det_first,few_distinct,5000,194,173044830595,72862,26906,0.139827,16
QuickSort,det_first,few_distinct,5000,195,173044830596,72803,26820,0.138847,17
QuickSort,det_first,few_distinct,5000,196,173044830597,76617,26544,0.133640,18
QuickSort,det_first,few_distinct,5000,197,173044830598,73438,27057,0.134679,16
QuickSort,det_first,few_distinct,5000,198,173044830599,75833,26719,0.135452,19
QuickSort,det_first,few_distinct,5000,199,173044830600,72514,26863,0.142075,17
QuickSort,det_first,few_distinct,50000,0,269149076646,923688,350797,3.501106,24
QuickSort,det_first,few_distinct,50000,1,269149076647,917396,350350,2.011405,22
QuickSort,det_first,few_distinct,50000,2,269149076648,920820,349148,1.635392,23
QuickSort,det_first,few_distinct,50000,3,269149076649,950149,349315,1.373634,23
QuickSort,det_first,few_distinct,50000,4,269149076650,909727,349891,1.475235,21
QuickSort,det_first,few_distinct,50000,5,269149076651,916982,352080,1.615266,21
QuickSort,det_first,few_distinct,50000,6,269149076652,902604,350862,1.547019,22
QuickSort,det_first,few_distinct,50000,7,269149076653,891698,350957,1.491324,22
QuickSort,det_first,few_distinct,50000,8,269149076654,934071,349519,1.486065,23
QuickSort,det_first,few_distinct,50000,9,269149076655,905869,350925,1.451390,20
QuickSort,det_first,few_distinct,50000,10,269149076656,912066,349771,1.449677,24
QuickSort,det_first,few_distinct,50000,11,269149076657,896303,351250,1.488369,21
QuickSort,det_first,few_distinct,50000,12,269149076658,915965,350901,1.428136,23
QuickSort,det_first,few_distinct,50000,13,269149076659,928290,350667,1.410765,23
QuickSort,det_first,few_distinct,50000,14,269149076660,906744,351236,1.567346,22
QuickSort,det_first,few_distinct,50000,15,269149076661,878703,351804,1.581734,21
QuickSort,det_first,few_distinct,50000,16,269149076662,889127,352806,1.916488,22
QuickSort,det_first,few_distinct,50000,17,269149076663,900510,351268,1.469925,22
QuickSort,det_first,few_distinct,50000,18,269149076664,884223,351606,1.537241,22
QuickSort,det_first,few_distinct,50000,19,269149076665,914892,350377,1.450929,21
QuickSort,det_first,few_distinct,50000,20,269149076666,886053,351242,1.521561,22
QuickSort,det_first,few_distinct,50000,21,269149076667,909348,351323,1.560213,23
QuickSort,det_first,few_distinct,50000,22,269149076668,918518,351090,1.457260,22
QuickSort,det_first,few_distinct,50000,23,269149076669,942878,350047,2.144222,23
QuickSort,det_first,few_distinct,50000,24,269149076670,913554,352272,1.819817,23
QuickSort,det_first,few_distinct,50000,25,269149076671,891616,351018,1.793898,22
QuickSort,det_first,few_distinct,50000,26,269149076672,914528,350303,1.484321,23
QuickSort,det_first,few_distinct,50000,27,269149076673,893998,351609,1.510540,21
QuickSort,det_first,few_distinct,50000,28,269149076674,875919,351939,1.771849,20
QuickSort,det_first,few_distinct,50000,29,269149076675,889255,350018,3.486520,21
QuickSort,det_first,nearly_sorted,1000,0,165784592952,38585,148,0.034804,109
QuickSort,det_first,nearly_sorted,1000,1,165784592953,36672,122,0.030819,75
QuickSort,det_first,nearly_sorted,1000,2,165784592954,46791,144,0.036375,99
QuickSort,det_first,nearly_sorted,1000,3,165784592955,27186,148,0.025655,66
QuickSort,det_first,nearly_sorted,1000,4,165784592956,50192,134,0.045614,106
QuickSort,det_first,nearly_sorted,1000,5,165784592957,27770,148,0.037824,73
QuickSort,det_first,nearly_sorted,1000,6,165784592958,37456,148,0.043973,94
QuickSort,det_first,nearly_sorted,1000,7,165784592959,34468,136,0.042705,124
QuickSort,det_first,nearly_sorted,1000,8,165784592960,36718,160,0.033606,133
QuickSort,det_first,nearly_sorted,1000,9,165784592961,30996,154,0.027447,77
QuickSort,det_first,nearly_sorted,1000,10,165784592962,29183,156,0.026410,96
QuickSort,det_first,nearly_sorted,1000,11,165784592963,42546,146,0.043993,105
QuickSort,det_first,nearly_sorted,1000,12,165784592964,33140,134,0.040219,116
QuickSort,det_first,nearly_sorted,1000,13,165784592965,32195,142,0.032620,80
QuickSort,det_first,nearly_sorted,1000,14,165784592966,30956,160,0.027205,83
QuickSort,det_first,nearly_sorted,1000,15,165784592967,25245,160,0.024508,75
QuickSort,det_first,nearly_sorted,1000,16,165784592968,32040,142,0.027578,87
QuickSort,det_first,nearly_sorted,1000,17,165784592969,52574,150,0.038719,104
QuickSort,det_first,nearly_sorted,1000,18,165784592970,30250,146,0.026582,69
QuickSort,det_first,nearly_sorted,1000,19,165784592971,39636,136,0.031865,118
QuickSort,det_first,nearly_sorted,1000,20,165784592972,38546,132,0.031181,161
QuickSort,det_first,nearly_sorted,1000,21,165784592973,41237,150,0.032530,82
QuickSort,det_first,nearly_sorted,1000,22,165784592974,42096,150,0.032973,91
QuickSort,det_first,nearly_sorted,1000,23,165784592975,29106,142,0.025967,90
QuickSort,det_first,nearly_sorted,1000,24,165784592976,45052,130,0.034150,108
QuickSort,det_first,nearly_sorted,1000,25,165784592977,64558,152,0.062624,106
QuickSort,det_first,nearly_sorted,1000,26,165784592978,36737,150,0.044638,78
QuickSort,det_first,nearly_sorted,1000,27,165784592979,40582,152,0.032570,91
QuickSort,det_first,nearly_sorted,1000,28,165784592980,26950,164,0.025343,64
QuickSort,det_first,nearly_sorted,1000,29,165784592981,39836,142,0.031675,90
QuickSort,det_first,nearly_sorted,1000,30,165784592982,28688,144,0.025303,62
QuickSort,det_first,nearly_sorted,1000,31,165784592983,51874,116,0.037703,111
QuickSort,det_first,nearly_sorted,1000,32,165784592984,33503,162,0.029027,128
QuickSort,det_first,nearly_sorted,1000,33,165784592985,43508,132,0.032973,100
QuickSort,det_first,nearly_sorted,1000,34,165784592986,31109,160,0.027416,75
QuickSort,det_first,nearly_sorted,1000,35,165784592987,36627,154,0.029782,75
QuickSort,det_first,nearly_sorted,1000,36,165784592988,32295,136,0.028050,92
QuickSort,det_first,nearly_sorted,1000,37,165784592989,28129,152,0.025615,108
QuickSort,det_first,nearly_sorted,1000,38,165784592990,51926,129,0.037733,109
QuickSort,det_first,nearly_sorted,1000,39,165784592991,45662,134,0.034815,95
QuickSort,det_first,nearly_sorted,1000,40,165784592992,35562,140,0.030275,82
QuickSort,det_first,nearly_sorted,1000,41,165784592993,38816,146,0.031151,84
QuickSort,det_first,nearly_sorted,1000,42,165784592994,30521,152,0.032328,78
QuickSort,det_first,nearly_sorted,1000,43,165784592995,26325,160,0.032197,68
QuickSort,det_first,nearly_sorted,1000,44,165784592996,34737,144,0.039756,85
QuickSort,det_first,nearly_sorted,1000,45,165784592997,38861,154,0.041005,97
QuickSort,det_first,nearly_sorted,1000,46,165784592998,48329,126,0.048261,117
QuickSort,det_first,nearly_sorted,1000,47,165784592999,30680,146,0.036103,77
QuickSort,det_first,nearly_sorted,1000,48,165784593000,47228,160,0.049962,102
QuickSort,det_first,nearly_sorted,1000,49,165784593001,52324,138,0.061607,120
QuickSort,det_first,nearly_sorted,1000,50,165784593002,59686,126,0.078888,106
QuickSort,det_first,nearly_sorted,1000,51,165784593003,30113,144,0.032379,85
QuickSort,det_first,nearly_sorted,1000,52,165784593004,58216,134,0.058528,102
QuickSort,det_first,nearly_sorted,1000,53,165784593005,59607,146,0.058366,226
QuickSort,det_first,nearly_sorted,1000,54,165784593006,38414,140,0.039123,93
QuickSort,det_first,nearly_sorted,1000,55,165784593007,36677,144,0.044165,69
QuickSort,det_first,nearly_sorted,1000,56,165784593008,44594,150,0.041790,96
QuickSort,det_first,nearly_sorted,1000,57,165784593009,29856,128,0.040732,77
QuickSort,det_first,nearly_sorted,1000,58,165784593010,38089,142,0.031201,78
QuickSort,det_first,nearly_sorted,1000,59,165784593011,39279,154,0.031160,104
QuickSort,det_first,nearly_sorted,1000,60,165784593012,40932,154,0.037451,87
QuickSort,det_first,nearly_sorted,1000,61,165784593013,29182,158,0.035841,86
QuickSort,det_first,nearly_sorted,1000,62,165784593014,31885,156,0.038981,99
QuickSort,det_first,nearly_sorted,1000,63,165784593015,40741,134,0.044980,112
QuickSort,det_first,nearly_sorted,1000,64,165784593016,33373,152,0.045715,103
QuickSort,det_first,nearly_sorted,1000,65,165784593017,28523,144,0.041216,81
QuickSort,det_first,nearly_sorted,1000,66,165784593018,37981,139,0.031151,92
QuickSort,det_first,nearly_sorted,1000,67,165784593019,37614,146,0.030557,81
QuickSort,det_first,nearly_sorted,1000,68,165784593020,35117,136,0.028816,71
QuickSort,det_first,nearly_sorted,1000,69,165784593021,26322,152,0.024518,58
QuickSort,det_first,nearly_sorted,1000,70,165784593022,50477,144,0.038700,96
QuickSort,det_first,nearly_sorted,1000,71,165784593023,57162,148,0.041638,128
QuickSort,det_first,nearly_sorted,1000,72,165784593024,39138,158,0.032207,90
QuickSort,det_first,nearly_sorted,1000,73,165784593025,61700,154,0.044114,129
QuickSort,det_first,nearly_sorted,1000,74,165784593026,37924,160,0.031040,96
QuickSort,det_first,nearly_sorted,1000,75,165784593027,43063,156,0.033516,118
QuickSort,det_first,nearly_sorted,1000,76,165784593028,51180,144,0.037401,114
QuickSort,det_first,nearly_sorted,1000,77,165784593029,50024,134,0.036596,114
QuickSort,det_first,nearly_sorted,1000,78,165784593030,51104,142,0.038921,98
QuickSort,det_first,nearly_sorted,1000,79,165784593031,35063,134,0.028987,114
QuickSort,det_first,nearly_sorted,1000,80,165784593032,45355,160,0.035288,116
QuickSort,det_first,nearly_sorted,1000,81,165784593033,37005,144,0.031061,145
QuickSort,det_first,nearly_sorted,1000,82,165784593034,36783,134,0.029863,92
QuickSort,det_first,nearly_sorted,1000,83,165784593035,52481,136,0.038256,130
QuickSort,det_first,nearly_sorted,1000,84,165784593036,42686,146,0.034191,108
QuickSort,det_first,nearly_sorted,1000,85,165784593037,32976,148,0.027919,98
QuickSort,det_first,nearly_sorted,1000,86,165784593038,42729,139,0.032963,81
QuickSort,det_first,nearly_sorted,1000,87,165784593039,32219,150,0.027367,114
QuickSort,det_first,nearly_sorted,1000,88,165784593040,31542,138,0.026651,79
QuickSort,det_first,nearly_sorted,1000,89,165784593041,32085,164,0.027568,70
QuickSort,det_first,nearly_sorted,1000,90,165784593042,32068,122,0.027387,91
QuickSort,det_first,nearly_sorted,1000,91,165784593043,34720,136,0.028756,90
QuickSort,det_first,nearly_sorted,1000,92,165784593044,31925,154,0.028604,92
QuickSort,det_first,nearly_sorted,1000,93,165784593045,38053,140,0.030668,85
QuickSort,det_first,nearly_sorted,1000,94,165784593046,52442,136,0.039082,106
QuickSort,det_first,nearly_sorted,1000,95,165784593047,29455,146,0.026349,93
QuickSort,det_first,nearly_sorted,1000,96,165784593048,44687,130,0.034201,93
QuickSort,det_first,nearly_sorted,1000,97,165784593049,26182,140,0.023682,87
QuickSort,det_first,nearly_sorted,1000,98,165784593050,31306,158,0.027397,96
QuickSort,det_first,nearly_sorted,1000,99,165784593051,43091,134,0.033496,98
QuickSort,det_first,nearly_sorted,1000,100,165784593052,48874,152,0.036757,107
QuickSort,det_first,nearly_sorted,1000,101,165784593053,37871,140,0.030748,112
QuickSort,det_first,nearly_sorted,1000,102,165784593054,40392,144,0.033224,103
QuickSort,det_first,nearly_sorted,1000,103,165784593055,38740,140,0.054028,68
QuickSort,det_first,nearly_sorted,1000,104,165784593056,29644,152,0.025958,65
QuickSort,det_first,nearly_sorted,1000,105,165784593057,31947,142,0.031181,114
QuickSort,det_first,nearly_sorted,1000,106,165784593058,32782,156,0.029571,71
QuickSort,det_first,nearly_sorted,1000,107,165784593059,48394,148,0.037220,97
QuickSort,det_first,nearly_sorted,1000,108,165784593060,44015,150,0.036022,96
QuickSort,det_first,nearly_sorted,1000,109,165784593061,38894,142,0.031110,82
QuickSort,det_first,nearly_sorted,1000,110,165784593062,34096,142,0.028585,77
QuickSort,det_first,nearly_sorted,1000,111,165784593063,52415,136,0.038528,95
QuickSort,det_first,nearly_sorted,1000,112,165784593064,46375,166,0.037240,114
QuickSort,det_first,nearly_sorted,1000,113,165784593065,36727,144,0.031684,138
QuickSort,det_first,nearly_sorted,1000,114,165784593066,31683,142,0.027800,81
QuickSort,det_first,nearly_sorted,1000,115,165784593067,28119,138,0.025816,63
QuickSort,det_first,nearly_sorted,1000,116,165784593068,52505,150,0.040219,146
QuickSort,det_first,nearly_sorted,1000,117,165784593069,27839,148,0.025605,73
QuickSort,det_first,nearly_sorted,1000,118,165784593070,42509,144,0.034935,125
QuickSort,det_first,nearly_sorted,1000,119,165784593071,35457,158,0.088400,86
QuickSort,det_first,nearly_sorted,1000,120,165784593072,30243,142,0.038649,94
QuickSort,det_first,nearly_sorted,1000,121,165784593073,34103,140,0.028604,81
QuickSort,det_first,nearly_sorted,1000,122,165784593074,31402,150,0.027337,98
QuickSort,det_first,nearly_sorted,1000,123,165784593075,43965,148,0.034503,114
QuickSort,det_first,nearly_sorted,1000,124,165784593076,50435,146,0.037743,115
QuickSort,det_first,nearly_sorted,1000,125,165784593077,42610,138,0.033385,93
QuickSort,det_first,nearly_sorted,1000,126,165784593078,31638,146,0.027185,81
QuickSort,det_first,nearly_sorted,1000,127,165784593079,42925,146,0.033536,93
QuickSort,det_first,nearly_sorted,1000,128,165784593080,53586,130,0.039917,108
QuickSort,det_first,nearly_sorted,1000,129,165784593081,39091,144,0.031010,101
QuickSort,det_first,nearly_sorted,1000,130,165784593082,41848,142,0.032530,98
QuickSort,det_first,nearly_sorted,1000,131,165784593083,41700,136,0.032217,100
QuickSort,det_first,nearly_sorted,1000,132,165784593084,31442,142,0.027155,97
QuickSort,det_first,nearly_sorted,1000,133,165784593085,27099,148,0.025394,70
QuickSort,det_first,nearly_sorted,1000,134,165784593086,32031,154,0.027477,78
QuickSort,det_first,nearly_sorted,1000,135,165784593087,28385,154,0.025746,69
QuickSort,det_first,nearly_sorted,1000,136,165784593088,43379,141,0.033556,152
QuickSort,det_first,nearly_sorted,1000,137,165784593089,56861,127,0.040561,126
QuickSort,det_first,nearly_sorted,1000,138,165784593090,52110,142,0.038015,108
QuickSort,det_first,nearly_sorted,1000,139,165784593091,36094,160,0.029984,103
QuickSort,det_first,nearly_sorted,1000,140,165784593092,37758,154,0.030658,111
QuickSort,det_first,nearly_sorted,1000,141,165784593093,33366,140,0.028081,77
QuickSort,det_first,nearly_sorted,1000,142,165784593094,39323,152,0.031513,83
QuickSort,det_first,nearly_sorted,1000,143,165784593095,49675,136,0.037240,131
QuickSort,det_first,nearly_sorted,1000,144,165784593096,37192,128,0.030074,99
QuickSort,det_first,nearly_sorted,1000,145,165784593097,32808,140,0.027769,75
QuickSort,det_first,nearly_sorted,1000,146,165784593098,42704,158,0.033416,107
QuickSort,det_first,nearly_sorted,1000,147,165784593099,34901,148,0.029219,111
QuickSort,det_first,nearly_sorted,1000,148,165784593100,30567,150,0.027265,87
QuickSort,det_first,nearly_sorted,1000,149,165784593101,33089,156,0.028061,74
QuickSort,det_first,nearly_sorted,1000,150,165784593102,65553,152,0.045684,126
QuickSort,det_first,nearly_sorted,1000,151,165784593103,37680,150,0.030225,73
QuickSort,det_first,nearly_sorted,1000,152,165784593104,40501,140,0.053937,94
QuickSort,det_first,nearly_sorted,1000,153,165784593105,42833,144,0.033335,86
QuickSort,det_first,nearly_sorted,1000,154,165784593106,47897,144,0.036254,92
QuickSort,det_first,nearly_sorted,1000,155,165784593107,30820,150,0.026380,84
QuickSort,det_first,nearly_sorted,1000,156,165784593108,34714,158,0.030013,99
QuickSort,det_first,nearly_sorted,1000,157,165784593109,34507,154,0.028937,95
QuickSort,det_first,nearly_sorted,1000,158,165784593110,27417,146,0.025152,70
QuickSort,det_first,nearly_sorted,1000,159,165784593111,29671,148,0.026188,88
QuickSort,det_first,nearly_sorted,1000,160,165784593112,56902,142,0.041316,127
QuickSort,det_first,nearly_sorted,1000,161,165784593113,30013,144,0.026310,65
QuickSort,det_first,nearly_sorted,1000,162,165784593114,33036,152,0.028605,77
QuickSort,det_first,nearly_sorted,1000,163,165784593115,41074,156,0.032570,77
QuickSort,det_first,nearly_sorted,1000,164,165784593116,26662,150,0.024548,60
QuickSort,det_first,nearly_sorted,1000,165,165784593117,37644,140,0.030255,95
QuickSort,det_first,nearly_sorted,1000,166,165784593118,34966,130,0.028806,92
QuickSort,det_first,nearly_sorted,1000,167,165784593119,59177,130,0.042645,122
QuickSort,det_first,nearly_sorted,1000,168,165784593120,59824,152,0.042534,131
QuickSort,det_first,nearly_sorted,1000,169,165784593121,40021,140,0.031624,107
QuickSort,det_first,nearly_sorted,1000,170,165784593122,35406,150,0.029158,96
QuickSort,det_first,nearly_sorted,1000,171,165784593123,55049,146,0.054370,104
QuickSort,det_first,nearly_sorted,1000,172,165784593124,33262,132,0.032922,82
QuickSort,det_first,nearly_sorted,1000,173,165784593125,32908,160,0.034452,94
QuickSort,det_first,nearly_sorted,1000,174,165784593126,30940,132,0.039666,82
QuickSort,det_first,nearly_sorted,1000,175,165784593127,30792,150,0.044587,89
QuickSort,det_first,nearly_sorted,1000,176,165784593128,32720,146,0.028031,95
QuickSort,det_first,nearly_sorted,1000,177,165784593129,32517,146,0.027256,70
QuickSort,det_first,nearly_sorted,1000,178,165784593130,41363,144,0.032500,122
QuickSort,det_first,nearly_sorted,1000,179,165784593131,30886,142,0.026712,87
QuickSort,det_first,nearly_sorted,1000,180,165784593132,34615,156,0.029500,106
QuickSort,det_first,nearly_sorted,1000,181,165784593133,58231,152,0.042816,111
QuickSort,det_first,nearly_sorted,1000,182,165784593134,37532,142,0.029973,87
QuickSort,det_first,nearly_sorted,1000,183,165784593135,67545,126,0.058689,129
QuickSort,det_first,nearly_sorted,1000,184,165784593136,33226,152,0.033697,94
QuickSort,det_first,nearly_sorted,1000,185,165784593137,35716,144,0.034331,75
QuickSort,det_first,nearly_sorted,1000,186,165784593138,29585,152,0.030879,89
QuickSort,det_first,nearly_sorted,1000,187,165784593139,47368,154,0.042635,91
QuickSort,det_first,nearly_sorted,1000,188,165784593140,33023,136,0.027537,76
QuickSort,det_first,nearly_sorted,1000,189,165784593141,34243,143,0.028766,78
QuickSort,det_first,nearly_sorted,1000,190,165784593142,46530,144,0.035428,116
QuickSort,det_first,nearly_sorted,1000,191,165784593143,31737,152,0.027165,73
QuickSort,det_first,nearly_sorted,1000,192,165784593144,37393,156,0.030768,133
QuickSort,det_first,nearly_sorted,1000,193,165784593145,46364,136,0.035056,97
QuickSort,det_first,nearly_sorted,1000,194,165784593146,39996,146,0.032993,80
QuickSort,det_first,nearly_sorted,1000,195,165784593147,44679,132,0.034241,153
QuickSort,det_first,nearly_sorted,1000,196,165784593148,37420,122,0.029540,90
QuickSort,det_first,nearly_sorted,1000,197,165784593149,31532,146,0.026612,83
QuickSort,det_first,nearly_sorted,1000,198,165784593150,48649,148,0.036424,108
QuickSort,det_first,nearly_sorted,1000,199,165784593151,25576,150,0.024398,75
QuickSort,det_first,nearly_sorted,10000,0,184650315723,3468403,162,2.705801,1061
QuickSort,det_first,nearly_sorted,10000,1,184650315724,3715781,148,2.499491,904
QuickSort,det_first,nearly_sorted,10000,2,184650315725,2949187,144,1.747503,719
QuickSort,det_first,nearly_sorted,10000,3,184650315726,2513911,174,1.869327,690
QuickSort,det_first,nearly_sorted,10000,4,184650315727,2858231,142,1.813291,1212
QuickSort,det_first,nearly_sorted,10000,5,184650315728,2157591,136,1.729586,539
QuickSort,det_first,nearly_sorted,10000,6,184650315729,2527760,140,2.456613,862
QuickSort,det_first,nearly_sorted,10000,7,184650315730,3715748,156,2.656930,974
QuickSort,det_first,nearly_sorted,10000,8,184650315731,3399054,156,2.054935,903
QuickSort,det_first,nearly_sorted,10000,9,184650315732,2990259,150,2.117706,676
QuickSort,det_first,nearly_sorted,10000,10,184650315733,2871170,152,2.181539,1074
QuickSort,det_first,nearly_sorted,10000,11,184650315734,2186688,152,1.409249,893
QuickSort,det_first,nearly_sorted,10000,12,184650315735,2925466,154,1.771734,896
QuickSort,det_first,nearly_sorted,10000,13,184650315736,3869592,164,3.034187,1006
QuickSort,det_first,nearly_sorted,10000,14,184650315737,3014445,144,1.745409,1229
QuickSort,det_first,nearly_sorted,10000,15,184650315738,3607004,158,5.233242,935
QuickSort,det_first,nearly_sorted,10000,16,184650315739,3198057,160,2.411978,1030
QuickSort,det_first,nearly_sorted,10000,17,184650315740,3061691,158,1.846730,864
QuickSort,det_first,nearly_sorted,10000,18,184650315741,2732197,150,1.714223,1236
QuickSort,det_first,nearly_sorted,10000,19,184650315742,3716418,148,2.267507,948
QuickSort,det_first,nearly_sorted,10000,20,184650315743,2601522,164,1.488323,888
QuickSort,det_first,nearly_sorted,10000,21,184650315744,2729327,132,1.578100,1263
QuickSort,det_first,nearly_sorted,10000,22,184650315745,3821605,146,3.681415,1238
QuickSort,det_first,nearly_sorted,10000,23,184650315746,2069888,162,1.226758,978
QuickSort,det_first,nearly_sorted,10000,24,184650315747,2995240,152,1.755470,621
QuickSort,det_first,nearly_sorted,10000,25,184650315748,3121593,176,2.408081,855
QuickSort,det_first,nearly_sorted,10000,26,184650315749,4187486,160,2.558876,1397
QuickSort,det_first,nearly_sorted,10000,27,184650315750,3605866,152,2.046337,1053
QuickSort,det_first,nearly_sorted,10000,28,184650315751,2715203,150,1.663097,780
QuickSort,det_first,nearly_sorted,10000,29,184650315752,1631877,172,1.183608,564
QuickSort,det_first,nearly_sorted,10000,30,184650315753,2242984,136,1.300782,837
QuickSort,det_first,nearly_sorted,10000,31,184650315754,3061955,158,1.769640,699
QuickSort,det_first,nearly_sorted,10000,32,184650315755,5281375,140,3.111839,1045
QuickSort,det_first,nearly_sorted,10000,33,184650315756,3426056,148,1.966480,1085
QuickSort,det_first,nearly_sorted,10000,34,184650315757,5301480,158,2.963439,1087
QuickSort,det_first,nearly_sorted,10000,35,184650315758,1746928,152,1.090553,610
QuickSort,det_first,nearly_sorted,10000,36,184650315759,3323001,164,1.988957,791
QuickSort,det_first,nearly_sorted,10000,37,184650315760,3332931,144,2.549015,1104
QuickSort,det_first,nearly_sorted,10000,38,184650315761,3061128,148,2.088405,819
QuickSort,det_first,nearly_sorted,10000,39,184650315762,3842318,146,2.360181,1112
QuickSort,det_first,nearly_sorted,10000,40,184650315763,4807368,162,2.786931,1197
QuickSort,det_first,nearly_sorted,10000,41,184650315764,2590139,160,1.654689,703
QuickSort,det_first,nearly_sorted,10000,42,184650315765,2114310,148,1.232750,667
QuickSort,det_first,nearly_sorted,10000,43,184650315766,2980727,136,1.728684,911
QuickSort,det_first,nearly_sorted,10000,44,184650315767,3468300,136,2.230831,1268
QuickSort,det_first,nearly_sorted,10000,45,184650315768,2761400,138,1.837049,780
QuickSort,det_first,nearly_sorted,10000,46,184650315769,4933104,162,2.836103,995
QuickSort,det_first,nearly_sorted,10000,47,184650315770,2185889,154,1.274618,753
QuickSort,det_first,nearly_sorted,10000,48,184650315771,3685602,156,2.114809,821
QuickSort,det_first,nearly_sorted,10000,49,184650315772,3336416,140,1.903489,880
QuickSort,det_first,nearly_sorted,10000,50,184650315773,2336157,162,1.375668,758
QuickSort,det_first,nearly_sorted,10000,51,184650315774,5520404,150,3.171674,1397
QuickSort,det_first,nearly_sorted,10000,52,184650315775,3195214,138,2.625655,889
QuickSort,det_first,nearly_sorted,10000,53,184650315776,2904625,152,1.665312,738
QuickSort,det_first,nearly_sorted,10000,54,184650315777,3214541,146,1.847522,830
QuickSort,det_first,nearly_sorted,10000,55,184650315778,2482375,148,1.500148,766
QuickSort,det_first,nearly_sorted,10000,56,184650315779,3121531,146,1.922538,1004
QuickSort,det_first,nearly_sorted,10000,57,184650315780,3056098,164,1.745059,650
QuickSort,det_first,nearly_sorted,10000,58,184650315781,3029526,152,1.743265,903
QuickSort,det_first,nearly_sorted,10000,59,184650315782,3093671,146,1.774109,875
QuickSort,det_first,nearly_sorted,10000,60,184650315783,4553228,122,3.197567,1261
QuickSort,det_first,nearly_sorted,10000,61,184650315784,3278343,144,2.033730,1249
QuickSort,det_first,nearly_sorted,10000,62,184650315785,2491674,148,1.602080,899
QuickSort,det_first,nearly_sorted,10000,63,184650315786,3100633,150,1.986942,748
QuickSort,det_first,nearly_sorted,10000,64,184650315787,4134074,150,2.350160,975
QuickSort,det_first,nearly_sorted,10000,65,184650315788,2075740,152,1.233401,725
QuickSort,det_first,nearly_sorted,10000,66,184650315789,4129690,156,2.433453,914
QuickSort,det_first,nearly_sorted,10000,67,184650315790,2291143,160,1.617753,690
QuickSort,det_first,nearly_sorted,10000,68,184650315791,5182294,164,2.911631,1379
QuickSort,det_first,nearly_sorted,10000,69,184650315792,4579394,150,2.637760,1061
QuickSort,det_first,nearly_sorted,10000,70,184650315793,2928067,150,1.781034,637
QuickSort,det_first,nearly_sorted,10000,71,184650315794,3129532,170,1.779150,764
QuickSort,det_first,nearly_sorted,10000,72,184650315795,2277850,156,1.329432,574
QuickSort,det_first,nearly_sorted,10000,73,184650315796,4535883,142,2.550378,888
QuickSort,det_first,nearly_sorted,10000,74,184650315797,3526443,138,2.000321,889
QuickSort,det_first,nearly_sorted,10000,75,184650315798,3203854,150,2.168111,950
QuickSort,det_first,nearly_sorted,10000,76,184650315799,2783581,150,1.612112,692
QuickSort,det_first,nearly_sorted,10000,77,184650315800,2576802,154,1.483393,865
QuickSort,det_first,nearly_sorted,10000,78,184650315801,2387884,150,1.381751,899
QuickSort,det_first,nearly_sorted,10000,79,184650315802,4315548,136,2.452474,1205
QuickSort,det_first,nearly_sorted,10000,80,184650315803,1946120,158,1.140377,579
QuickSort,det_first,nearly_sorted,10000,81,184650315804,4084469,168,2.311610,908
QuickSort,det_first,nearly_sorted,10000,82,184650315805,3609304,154,2.047628,755
QuickSort,det_first,nearly_sorted,10000,83,184650315806,3715200,154,2.232915,959
QuickSort,det_first,nearly_sorted,10000,84,184650315807,2500547,154,1.443109,707
QuickSort,det_first,nearly_sorted,10000,85,184650315808,2142962,148,1.254736,573
QuickSort,det_first,nearly_sorted,10000,86,184650315809,3901648,130,2.285956,952
QuickSort,det_first,nearly_sorted,10000,87,184650315810,2148917,158,1.264025,680
QuickSort,det_first,nearly_sorted,10000,88,184650315811,5351620,146,2.991027,1115
QuickSort,det_first,nearly_sorted,10000,89,184650315812,2447196,140,1.423538,803
QuickSort,det_first,nearly_sorted,10000,90,184650315813,3122610,162,1.782316,1033
QuickSort,det_first,nearly_sorted,10000,91,184650315814,5473605,162,3.464273,1074
QuickSort,det_first,nearly_sorted,10000,92,184650315815,2242439,154,1.376079,677
QuickSort,det_first,nearly_sorted,10000,93,184650315816,2892435,148,2.495222,817
QuickSort,det_first,nearly_sorted,10000,94,184650315817,2949148,162,1.840488,723
QuickSort,det_first,nearly_sorted,10000,95,184650315818,1915012,170,1.143454,720
QuickSort,det_first,nearly_sorted,10000,96,184650315819,3005263,156,1.741100,1221
QuickSort,det_first,nearly_sorted,10000,97,184650315820,3343948,134,2.051437,1021
QuickSort,det_first,nearly_sorted,10000,98,184650315821,2372916,156,1.380969,638
QuickSort,det_first,nearly_sorted,10000,99,184650315822,2290525,160,1.334453,647
QuickSort,det_first,nearly_sorted,5000,0,172607125140,506015,150,0.419252,332
QuickSort,det_first,nearly_sorted,5000,1,172607125141,658710,164,0.415112,467
QuickSort,det_first,nearly_sorted,5000,2,172607125142,857056,154,0.500343,516
QuickSort,det_first,nearly_sorted,5000,3,172607125143,673670,146,0.429978,421
QuickSort,det_first,nearly_sorted,5000,4,172607125144,2264850,150,1.348860,740
QuickSort,det_first,nearly_sorted,5000,5,172607125145,762036,162,0.522508,455
QuickSort,det_first,nearly_sorted,5000,6,172607125146,527966,156,0.431671,480
QuickSort,det_first,nearly_sorted,5000,7,172607125147,909901,156,0.566163,451
QuickSort,det_first,nearly_sorted,5000,8,172607125148,622745,158,0.417043,351
QuickSort,det_first,nearly_sorted,5000,9,172607125149,1014998,144,0.688682,485
QuickSort,det_first,nearly_sorted,5000,10,172607125150,1393467,144,0.790818,665
QuickSort,det_first,nearly_sorted,5000,11,172607125151,770043,160,0.585842,372
QuickSort,det_first,nearly_sorted,5000,12,172607125152,904684,152,0.883645,522
QuickSort,det_first,nearly_sorted,5000,13,172607125153,651867,154,0.458114,474
QuickSort,det_first,nearly_sorted,5000,14,172607125154,681868,150,0.425709,433
QuickSort,det_first,nearly_sorted,5000,15,172607125155,1167395,156,0.669617,615
QuickSort,det_first,nearly_sorted,5000,16,172607125156,634578,142,0.376824,353
QuickSort,det_first,nearly_sorted,5000,17,172607125157,827804,154,0.510890,462
QuickSort,det_first,nearly_sorted,5000,18,172607125158,862606,144,0.615216,490
QuickSort,det_first,nearly_sorted,5000,19,172607125159,988206,138,0.696614,536
QuickSort,det_first,nearly_sorted,5000,20,172607125160,888301,150,0.549218,506
QuickSort,det_first,nearly_sorted,5000,21,172607125161,708003,170,0.512129,367
QuickSort,det_first,nearly_sorted,5000,22,172607125162,780016,158,0.651781,417
QuickSort,det_first,nearly_sorted,5000,23,172607125163,726924,146,0.448647,430
QuickSort,det_first,nearly_sorted,5000,24,172607125164,850889,150,0.497917,478
QuickSort,det_first,nearly_sorted,5000,25,172607125165,496313,152,0.301765,312
QuickSort,det_first,nearly_sorted,5000,26,172607125166,756177,148,0.459471,361
QuickSort,det_first,nearly_sorted,5000,27,172607125167,585295,150,0.348975,453
QuickSort,det_first,nearly_sorted,5000,28,172607125168,877401,144,0.513426,488
QuickSort,det_first,nearly_sorted,5000,29,172607125169,1057750,150,0.601926,553
QuickSort,det_first,nearly_sorted,5000,30,172607125170,475303,162,0.302359,347
QuickSort,det_first,nearly_sorted,5000,31,172607125171,720106,158,0.522250,416
QuickSort,det_first,nearly_sorted,5000,32,172607125172,788571,152,0.491331,448
QuickSort,det_first,nearly_sorted,5000,33,172607125173,1169936,166,0.709419,465
QuickSort,det_first,nearly_sorted,5000,34,172607125174,682412,144,0.420193,367
QuickSort,det_first,nearly_sorted,5000,35,172607125175,914022,154,0.545881,366
QuickSort,det_first,nearly_sorted,5000,36,172607125176,672818,158,0.407467,460
QuickSort,det_first,nearly_sorted,5000,37,172607125177,658722,154,0.390254,385
QuickSort,det_first,nearly_sorted,5000,38,172607125178,700197,158,0.421817,389
QuickSort,det_first,nearly_sorted,5000,39,172607125179,678248,150,0.401673,432
QuickSort,det_first,nearly_sorted,5000,40,172607125180,647932,134,0.381777,411
QuickSort,det_first,nearly_sorted,5000,41,172607125181,478319,154,0.293268,387
QuickSort,det_first,nearly_sorted,5000,42,172607125182,1030324,150,0.758691,440
QuickSort,det_first,nearly_sorted,5000,43,172607125183,840152,162,0.503839,464
QuickSort,det_first,nearly_sorted,5000,44,172607125184,1275588,122,0.747469,551
QuickSort,det_first,nearly_sorted,5000,45,172607125185,844763,154,0.496352,485
QuickSort,det_first,nearly_sorted,5000,46,172607125186,609435,140,0.509841,305
QuickSort,det_first,nearly_sorted,5000,47,172607125187,499003,132,0.333358,327
QuickSort,det_first,nearly_sorted,5000,48,172607125188,899436,146,0.609214,495
QuickSort,det_first,nearly_sorted,5000,49,172607125189,631956,150,0.405090,409
QuickSort,det_first,nearly_sorted,5000,50,172607125190,1086878,168,0.657841,433
QuickSort,det_first,nearly_sorted,5000,51,172607125191,1047084,144,0.594537,488
QuickSort,det_first,nearly_sorted,5000,52,172607125192,657002,158,0.400574,339
QuickSort,det_first,nearly_sorted,5000,53,172607125193,626455,154,0.385134,518
QuickSort,det_first,nearly_sorted,5000,54,172607125194,1843484,138,1.040707,599
QuickSort,det_first,nearly_sorted,5000,55,172607125195,504140,154,0.341498,363
QuickSort,det_first,nearly_sorted,5000,56,172607125196,518527,168,0.345836,421
QuickSort,det_first,nearly_sorted,5000,57,172607125197,794532,150,0.461134,453
QuickSort,det_first,nearly_sorted,5000,58,172607125198,538601,156,0.439485,351
QuickSort,det_first,nearly_sorted,5000,59,172607125199,662792,158,0.422520,459
QuickSort,det_first,nearly_sorted,5000,60,172607125200,563589,148,0.483131,433
QuickSort,det_first,nearly_sorted,5000,61,172607125201,763644,164,0.793452,478
QuickSort,det_first,nearly_sorted,5000,62,172607125202,910251,162,0.699090,343
QuickSort,det_first,nearly_sorted,5000,63,172607125203,612247,148,0.422253,412
QuickSort,det_first,nearly_sorted,5000,64,172607125204,1470905,136,1.038855,532
QuickSort,det_first,nearly_sorted,5000,65,172607125205,912313,144,0.529618,370
QuickSort,det_first,nearly_sorted,5000,66,172607125206,1395465,162,0.827828,528
QuickSort,det_first,nearly_sorted,5000,67,172607125207,703271,148,0.447586,353
QuickSort,det_first,nearly_sorted,5000,68,172607125208,625093,152,0.395958,355
QuickSort,det_first,nearly_sorted,5000,69,172607125209,478891,142,0.365465,276
QuickSort,det_first,nearly_sorted,5000,70,172607125210,621426,138,0.528024,340
QuickSort,det_first,nearly_sorted,5000,71,172607125211,1122786,144,0.820083,513
QuickSort,det_first,nearly_sorted,5000,72,172607125212,1590046,160,1.055246,631
QuickSort,det_first,nearly_sorted,5000,73,172607125213,896059,150,0.621446,372
QuickSort,det_first,nearly_sorted,5000,74,172607125214,896373,170,0.564786,402
QuickSort,det_first,nearly_sorted,5000,75,172607125215,1054646,148,0.653969,474
QuickSort,det_first,nearly_sorted,5000,76,172607125216,556667,150,0.453895,306
QuickSort,det_first,nearly_sorted,5000,77,172607125217,984544,132,0.924983,618
QuickSort,det_first,nearly_sorted,5000,78,172607125218,826395,140,0.671836,468
QuickSort,det_first,nearly_sorted,5000,79,172607125219,834897,164,0.751966,561
QuickSort,det_first,nearly_sorted,5000,80,172607125220,661036,138,0.490905,407
QuickSort,det_first,nearly_sorted,5000,81,172607125221,758807,140,0.606164,541
QuickSort,det_first,nearly_sorted,5000,82,172607125222,815817,142,0.863155,380
QuickSort,det_first,nearly_sorted,5000,83,172607125223,631665,150,0.424045,352
QuickSort,det_first,nearly_sorted,5000,84,172607125224,540181,154,0.365812,433
QuickSort,det_first,nearly_sorted,5000,85,172607125225,793803,160,0.512386,448
QuickSort,det_first,nearly_sorted,5000,86,172607125226,900910,144,0.594477,514
QuickSort,det_first,nearly_sorted,5000,87,172607125227,747554,152,0.439564,628
QuickSort,det_first,nearly_sorted,5000,88,172607125228,1144538,150,0.675489,530
QuickSort,det_first,nearly_sorted,5000,89,172607125229,1156290,158,0.736209,464
QuickSort,det_first,nearly_sorted,5000,90,172607125230,1111424,142,0.836949,586
QuickSort,det_first,nearly_sorted,5000,91,172607125231,689813,138,0.602212,467
QuickSort,det_first,nearly_sorted,5000,92,172607125232,666294,144,0.741498,419
QuickSort,det_first,nearly_sorted,5000,93,172607125233,593545,154,0.422778,320
QuickSort,det_first,nearly_sorted,5000,94,172607125234,624371,150,1.315227,338
QuickSort,det_first,nearly_sorted,5000,95,172607125235,441242,150,0.344440,316
QuickSort,det_first,nearly_sorted,5000,96,172607125236,639184,168,0.415350,397
QuickSort,det_first,nearly_sorted,5000,97,172607125237,681602,150,0.690662,417
QuickSort,det_first,nearly_sorted,5000,98,172607125238,1099101,142,1.170060,438
QuickSort,det_first,nearly_sorted,5000,99,172607125239,552840,150,0.567689,581
QuickSort,det_first,nearly_sorted,5000,100,172607125240,700042,170,0.799484,409
QuickSort,det_first,nearly_sorted,5000,101,172607125241,1041149,164,1.005798,526
QuickSort,det_first,nearly_sorted,5000,102,172607125242,496495,168,0.495025,554
QuickSort,det_first,nearly_sorted,5000,103,172607125243,765730,144,0.447606,386
QuickSort,det_first,nearly_sorted,5000,104,172607125244,665262,168,0.392711,373
QuickSort,det_first,nearly_sorted,5000,105,172607125245,1056957,138,0.608135,491
QuickSort,det_first,nearly_sorted,5000,106,172607125246,724410,160,0.491093,329
QuickSort,det_first,nearly_sorted,5000,107,172607125247,654272,136,0.386857,332
QuickSort,det_first,nearly_sorted,5000,108,172607125248,920433,156,0.528004,403
QuickSort,det_first,nearly_sorted,5000,109,172607125249,732271,168,0.427106,315
QuickSort,det_first,nearly_sorted,5000,110,172607125250,774154,149,0.483537,371
QuickSort,det_first,nearly_sorted,5000,111,172607125251,755035,152,0.471781,468
QuickSort,det_first,nearly_sorted,5000,112,172607125252,891377,176,0.593141,528
QuickSort,det_first,nearly_sorted,5000,113,172607125253,618531,166,0.443328,340
QuickSort,det_first,nearly_sorted,5000,114,172607125254,577659,170,0.384401,379
QuickSort,det_first,nearly_sorted,5000,115,172607125255,1118343,144,0.710569,666
QuickSort,det_first,nearly_sorted,5000,116,172607125256,794558,142,0.498521,519
QuickSort,det_first,nearly_sorted,5000,117,172607125257,619657,154,0.398138,377
QuickSort,det_first,nearly_sorted,5000,118,172607125258,647139,152,0.411240,431
QuickSort,det_first,nearly_sorted,5000,119,172607125259,967199,162,0.882774,413
QuickSort,det_first,nearly_sorted,5000,120,172607125260,1460371,170,0.884477,567
QuickSort,det_first,nearly_sorted,5000,121,172607125261,873254,132,0.767722,525
QuickSort,det_first,nearly_sorted,5000,122,172607125262,803186,154,0.693108,434
QuickSort,det_first,nearly_sorted,5000,123,172607125263,862373,156,0.540226,383
QuickSort,det_first,nearly_sorted,5000,124,172607125264,1577397,150,1.208673,674
QuickSort,det_first,nearly_sorted,5000,125,172607125265,591419,154,0.362613,457
QuickSort,det_first,nearly_sorted,5000,126,172607125266,654417,152,0.665309,404
QuickSort,det_first,nearly_sorted,5000,127,172607125267,610972,148,0.574898,418
QuickSort,det_first,nearly_sorted,5000,128,172607125268,710305,154,0.669181,405
QuickSort,det_first,nearly_sorted,5000,129,172607125269,729318,150,0.549891,411
QuickSort,det_first,nearly_sorted,5000,130,172607125270,891002,162,0.515912,434
QuickSort,det_first,nearly_sorted,5000,131,172607125271,638875,156,0.382777,433
QuickSort,det_first,nearly_sorted,5000,132,172607125272,594887,150,0.357829,425
QuickSort,det_first,nearly_sorted,5000,133,172607125273,507569,150,0.323899,348
QuickSort,det_first,nearly_sorted,5000,134,172607125274,1628588,144,0.959467,762
QuickSort,det_first,nearly_sorted,5000,135,172607125275,1604741,142,1.233601,688
QuickSort,det_first,nearly_sorted,5000,136,172607125276,566035,146,0.340805,420
QuickSort,det_first,nearly_sorted,5000,137,172607125277,612598,158,0.380133,470
QuickSort,det_first,nearly_sorted,5000,138,172607125278,709621,156,0.434989,362
QuickSort,det_first,nearly_sorted,5000,139,172607125279,914547,142,0.691731,718
QuickSort,det_first,nearly_sorted,5000,140,172607125280,1007492,142,0.748519,669
QuickSort,det_first,nearly_sorted,5000,141,172607125281,670438,146,0.398286,450
QuickSort,det_first,nearly_sorted,5000,142,172607125282,777608,150,0.507841,461
QuickSort,det_first,nearly_sorted,5000,143,172607125283,1185549,132,0.684155,626
QuickSort,det_first,nearly_sorted,5000,144,172607125284,752530,130,0.439852,527
QuickSort,det_first,nearly_sorted,5000,145,172607125285,656034,156,0.384669,376
QuickSort,det_first,nearly_sorted,5000,146,172607125286,638555,166,0.424551,494
QuickSort,det_first,nearly_sorted,5000,147,172607125287,883960,152,0.700476,433
QuickSort,det_first,nearly_sorted,5000,148,172607125288,486394,140,0.298239,320
QuickSort,det_first,nearly_sorted,5000,149,172607125289,740845,162,0.433474,408
QuickSort,det_first,nearly_sorted,5000,150,172607125290,758411,144,0.441872,505
QuickSort,det_first,nearly_sorted,5000,151,172607125291,557709,146,0.343687,440
QuickSort,det_first,nearly_sorted,5000,152,172607125292,991678,156,0.624664,522
QuickSort,det_first,nearly_sorted,5000,153,172607125293,676883,152,0.400871,396
QuickSort,det_first,nearly_sorted,5000,154,172607125294,699906,148,0.455440,360
QuickSort,det_first,nearly_sorted,5000,155,172607125295,624213,164,0.386303,476
QuickSort,det_first,nearly_sorted,5000,156,172607125296,502719,148,0.303983,459
QuickSort,det_first,nearly_sorted,5000,157,172607125297,737449,146,0.430374,452
QuickSort,det_first,nearly_sorted,5000,158,172607125298,535001,148,0.320681,434
QuickSort,det_first,nearly_sorted,5000,159,172607125299,826595,140,0.510484,490
QuickSort,det_first,nearly_sorted,5000,160,172607125300,1203076,162,0.708687,540
QuickSort,det_first,nearly_sorted,5000,161,172607125301,623962,162,0.441645,489
QuickSort,det_first,nearly_sorted,5000,162,172607125302,545779,156,0.595290,283
QuickSort,det_first,nearly_sorted,5000,163,172607125303,588232,162,0.574482,423
QuickSort,det_first,nearly_sorted,5000,164,172607125304,749114,154,0.546900,357
QuickSort,det_first,nearly_sorted,5000,165,172607125305,808603,154,0.489132,423
QuickSort,det_first,nearly_sorted,5000,166,172607125306,569079,152,0.354640,399
QuickSort,det_first,nearly_sorted,5000,167,172607125307,1007885,144,0.594597,488
QuickSort,det_first,nearly_sorted,5000,168,172607125308,987628,164,0.617326,382
QuickSort,det_first,nearly_sorted,5000,169,172607125309,581467,152,0.383222,282
QuickSort,det_first,nearly_sorted,5000,170,172607125310,465695,150,0.298447,456
QuickSort,det_first,nearly_sorted,5000,171,172607125311,568232,128,0.367139,465
QuickSort,det_first,nearly_sorted,5000,172,172607125312,649924,150,0.385828,422
QuickSort,det_first,nearly_sorted,5000,173,172607125313,841347,156,0.486449,473
QuickSort,det_first,nearly_sorted,5000,174,172607125314,785864,144,0.487042,407
QuickSort,det_first,nearly_sorted,5000,175,172607125315,513940,160,0.441971,351
QuickSort,det_first,nearly_sorted,5000,176,172607125316,699955,132,0.589466,446
QuickSort,det_first,nearly_sorted,5000,177,172607125317,962861,156,0.877693,366
QuickSort,det_first,nearly_sorted,5000,178,172607125318,810911,144,0.720472,512
QuickSort,det_first,nearly_sorted,5000,179,172607125319,1282941,144,0.849725,665
QuickSort,det_first,nearly_sorted,5000,180,172607125320,507698,150,0.333783,365
QuickSort,det_first,nearly_sorted,5000,181,172607125321,1433743,162,1.049888,502
QuickSort,det_first,nearly_sorted,5000,182,172607125322,1016896,148,0.640104,521
QuickSort,det_first,nearly_sorted,5000,183,172607125323,770222,146,0.499502,444
QuickSort,det_first,nearly_sorted,5000,184,172607125324,988359,144,0.584435,543
QuickSort,det_first,nearly_sorted,5000,185,172607125325,707910,156,0.414766,434
QuickSort,det_first,nearly_sorted,5000,186,172607125326,744753,148,0.572521,338
QuickSort,det_first,nearly_sorted,5000,187,172607125327,940993,158,0.594201,518
QuickSort,det_first,nearly_sorted,5000,188,172607125328,890261,160,0.623822,461
QuickSort,det_first,nearly_sorted,5000,189,172607125329,568375,158,0.370922,340
QuickSort,det_first,nearly_sorted,5000,190,172607125330,631059,158,0.388243,395
QuickSort,det_first,nearly_sorted,5000,191,172607125331,652990,168,0.556933,517
QuickSort,det_first,nearly_sorted,5000,192,172607125332,600029,160,0.424263,315
QuickSort,det_first,nearly_sorted,5000,193,172607125333,539348,130,0.351422,430
QuickSort,det_first,nearly_sorted,5000,194,172607125334,820239,158,0.477446,449
QuickSort,det_first,nearly_sorted,5000,195,172607125335,619748,140,0.404476,375
QuickSort,det_first,nearly_sorted,5000,196,172607125336,1031163,156,0.674936,665
QuickSort,det_first,nearly_sorted,5000,197,172607125337,521796,154,0.324563,326
QuickSort,det_first,nearly_sorted,5000,198,172607125338,633012,148,0.396692,489
QuickSort,det_first,nearly_sorted,5000,199,172607125339,554400,174,0.405150,426
QuickSort,det_first,nearly_sorted,50000,0,265270855950,61479681,164,35.907547,2995
QuickSort,det_first,nearly_sorted,50000,1,265270855951,58620695,148,35.064830,3932
QuickSort,det_first,nearly_sorted,50000,2,265270855952,71904141,174,58.191250,3975
QuickSort,det_first,nearly_sorted,50000,3,265270855953,68717553,142,50.633933,5129
QuickSort,det_first,nearly_sorted,50000,4,265270855954,74028857,152,41.460651,3601
QuickSort,det_first,nearly_sorted,50000,5,265270855955,75562699,158,42.180622,3957
QuickSort,det_first,nearly_sorted,50000,6,265270855956,42185436,158,23.621778,3210
QuickSort,det_first,nearly_sorted,50000,7,265270855957,117927195,144,68.528453,5044
QuickSort,det_first,nearly_sorted,50000,8,265270855958,67983226,142,38.537455,4713
QuickSort,det_first,nearly_sorted,50000,9,265270855959,132498486,170,82.294072,5684
QuickSort,det_first,nearly_sorted,50000,10,265270855960,101692767,158,62.798845,4650
QuickSort,det_first,nearly_sorted,50000,11,265270855961,62875369,150,42.484239,4136
QuickSort,det_first,nearly_sorted,50000,12,265270855962,56384342,144,34.586428,3848
QuickSort,det_first,nearly_sorted,50000,13,265270855963,52419410,164,31.192187,3300
QuickSort,det_first,nearly_sorted,50000,14,265270855964,89510964,146,54.585923,3743
QuickSort,det_first,nearly_sorted,50000,15,265270855965,77042136,154,45.680692,4101
QuickSort,det_first,nearly_sorted,50000,16,265270855966,41344538,154,26.533974,2845
QuickSort,det_first,nearly_sorted,50000,17,265270855967,74853702,148,48.489375,6259
QuickSort,det_first,nearly_sorted,50000,18,265270855968,80526541,138,51.729960,4596
QuickSort,det_first,nearly_sorted,50000,19,265270855969,57122620,158,37.505989,3956
QuickSort,det_first,nearly_sorted,50000,20,265270855970,53229462,140,31.138217,3430
QuickSort,det_first,nearly_sorted,50000,21,265270855971,69649401,154,41.926980,5812
QuickSort,det_first,nearly_sorted,50000,22,265270855972,42659986,164,27.651513,2501
QuickSort,det_first,nearly_sorted,50000,23,265270855973,72948546,154,42.886936,5937
QuickSort,det_first,nearly_sorted,50000,24,265270855974,93557890,160,62.788295,5421
QuickSort,det_first,nearly_sorted,50000,25,265270855975,56681776,138,35.393941,3300
QuickSort,det_first,nearly_sorted,50000,26,265270855976,74210502,166,46.941117,4708
QuickSort,det_first,nearly_sorted,50000,27,265270855977,46566881,146,36.136450,3235
QuickSort,det_first,nearly_sorted,50000,28,265270855978,96280015,154,58.906297,4748
QuickSort,det_first,nearly_sorted,50000,29,265270855979,59323477,152,41.012107,3342
QuickSort,det_first,random,1000,0,165267904937,15835,2304,0.063771,30
QuickSort,det_first,random,1000,1,165267904938,16983,2266,0.062110,28
QuickSort,det_first,random,1000,2,165267904939,15287,2322,0.080297,25
QuickSort,det_first,random,1000,3,165267904940,15231,2374,0.062452,22
QuickSort,det_first,random,1000,4,165267904941,15628,2341,0.061537,22
QuickSort,det_first,random,1000,5,165267904942,15134,2344,0.061838,20
QuickSort,det_first,random,1000,6,165267904943,15303,2351,0.061869,25
QuickSort,det_first,random,1000,7,165267904944,16512,2317,0.060721,25
QuickSort,det_first,random,1000,8,165267904945,15611,2386,0.061215,23
QuickSort,det_first,random,1000,9,165267904946,15261,2388,0.061144,23
QuickSort,det_first,random,1000,10,165267904947,14962,2382,0.061768,22
QuickSort,det_first,random,1000,11,165267904948,15042,2335,0.060470,21
QuickSort,det_first,random,1000,12,165267904949,15378,2380,0.066106,22
QuickSort,det_first,random,1000,13,165267904950,15167,2331,0.061356,22
QuickSort,det_first,random,1000,14,165267904951,14379,2362,0.061477,23
QuickSort,det_first,random,1000,15,165267904952,14862,2357,0.059966,20
QuickSort,det_first,random,1000,16,165267904953,15012,2399,0.060922,24
QuickSort,det_first,random,1000,17,165267904954,15167,2386,0.059997,22
QuickSort,det_first,random,1000,18,165267904955,14657,2384,0.070877,20
QuickSort,det_first,random,1000,19,165267904956,15530,2330,0.059675,24
QuickSort,det_first,random,1000,20,165267904957,15413,2341,0.060551,24
QuickSort,det_first,random,1000,21,165267904958,14663,2391,0.060379,20
QuickSort,det_first,random,1000,22,165267904959,15910,2318,0.059996,27
QuickSort,det_first,random,1000,23,165267904960,15255,2328,0.059312,22
QuickSort,det_first,random,1000,24,165267904961,16173,2286,0.058396,23
QuickSort,det_first,random,1000,25,165267904962,15734,2339,0.060399,25
QuickSort,det_first,random,1000,26,165267904963,17055,2367,0.060842,24
QuickSort,det_first,random,1000,27,165267904964,15101,2367,0.061124,22
QuickSort,det_first,random,1000,28,165267904965,15310,2351,0.059433,22
QuickSort,det_first,random,1000,29,165267904966,16542,2317,0.059141,26
QuickSort,det_first,random,1000,30,165267904967,14947,2384,0.060530,23
QuickSort,det_first,random,1000,31,165267904968,16114,2368,0.117980,22
QuickSort,det_first,random,1000,32,165267904969,14882,2368,0.077731,23
QuickSort,det_first,random,1000,33,165267904970,15103,2367,0.060812,24
QuickSort,det_first,random,1000,34,165267904971,16397,2348,0.060127,25
QuickSort,det_first,random,1000,35,165267904972,15075,2365,0.060309,21
QuickSort,det_first,random,1000,36,165267904973,16490,2288,0.058638,24
QuickSort,det_first,random,1000,37,165267904974,15360,2341,0.059191,23
QuickSort,det_first,random,1000,38,165267904975,15457,2340,0.061104,22
QuickSort,det_first,random,1000,39,165267904976,15497,2378,0.060218,20
QuickSort,det_first,random,1000,40,165267904977,15292,2338,0.058557,23
QuickSort,det_first,random,1000,41,165267904978,15164,2365,0.059976,26
QuickSort,det_first,random,1000,42,165267904979,15670,2304,0.058396,25
QuickSort,det_first,random,1000,43,165267904980,15592,2378,0.059373,21
QuickSort,det_first,random,1000,44,165267904981,15337,2344,0.059514,24
QuickSort,det_first,random,1000,45,165267904982,14869,2343,0.059031,22
QuickSort,det_first,random,1000,46,165267904983,15658,2311,0.059071,24
QuickSort,det_first,random,1000,47,165267904984,16256,2355,0.060228,24
QuickSort,det_first,random,1000,48,165267904985,14992,2370,0.062684,21
QuickSort,det_first,random,1000,49,165267904986,15512,2307,0.059302,22
QuickSort,det_first,random,1000,50,165267904987,15995,2309,0.058799,25
QuickSort,det_first,random,1000,51,165267904988,15360,2363,0.060178,22
QuickSort,det_first,random,1000,52,165267904989,16422,2325,0.118091,21
QuickSort,det_first,random,1000,53,165267904990,15312,2340,0.059977,22
QuickSort,det_first,random,1000,54,165267904991,15812,2330,0.058708,24
QuickSort,det_first,random,1000,55,165267904992,15198,2307,0.057551,22
QuickSort,det_first,random,1000,56,165267904993,15202,2358,0.060258,22
QuickSort,det_first,random,1000,57,165267904994,15764,2307,0.059765,23
QuickSort,det_first,random,1000,58,165267904995,16017,2334,0.059171,25
QuickSort,det_first,random,1000,59,165267904996,15871,2306,0.058587,29
QuickSort,det_first,random,1000,60,165267904997,17404,2306,0.058889,27
QuickSort,det_first,random,1000,61,165267904998,16223,2339,0.058608,24
QuickSort,det_first,random,1000,62,165267904999,14923,2384,0.059695,21
QuickSort,det_first,random,1000,63,165267905000,14954,2375,0.147611,21
QuickSort,det_first,random,1000,64,165267905001,16188,2333,0.078979,22
QuickSort,det_first,random,1000,65,165267905002,16907,2299,0.077560,26
QuickSort,det_first,random,1000,66,165267905003,15424,2368,0.075648,22
QuickSort,det_first,random,1000,67,165267905004,14742,2404,0.075265,21
QuickSort,det_first,random,1000,68,165267905005,14740,2380,0.074520,22
QuickSort,det_first,random,1000,69,165267905006,14910,2406,0.073957,21
QuickSort,det_first,random,1000,70,165267905007,15754,2314,0.073091,28
QuickSort,det_first,random,1000,71,165267905008,16575,2309,0.073534,23
QuickSort,det_first,random,1000,72,165267905009,17430,2306,0.072809,25
QuickSort,det_first,random,1000,73,165267905010,16634,2367,0.072879,26
QuickSort,det_first,random,1000,74,165267905011,15661,2286,0.071763,22
QuickSort,det_first,random,1000,75,165267905012,16322,2328,0.072990,25
QuickSort,det_first,random,1000,76,165267905013,17036,2283,0.070081,29
QuickSort,det_first,random,1000,77,165267905014,16847,2270,0.075879,28
QuickSort,det_first,random,1000,78,165267905015,14876,2371,0.071601,21
QuickSort,det_first,random,1000,79,165267905016,15770,2374,0.071954,22
QuickSort,det_first,random,1000,80,165267905017,16017,2338,0.072659,23
QuickSort,det_first,random,1000,81,165267905018,14880,2365,0.071290,23
QuickSort,det_first,random,1000,82,165267905019,16598,2369,0.060379,24
QuickSort,det_first,random,1000,83,165267905020,15893,2346,0.061466,21
QuickSort,det_first,random,1000,84,165267905021,15405,2409,0.060973,21
QuickSort,det_first,random,1000,85,165267905022,15544,2355,0.076191,23
QuickSort,det_first,random,1000,86,165267905023,15439,2354,0.060872,22
QuickSort,det_first,random,1000,87,165267905024,15294,2366,0.059453,23
QuickSort,det_first,random,1000,88,165267905025,17625,2306,0.061778,25
QuickSort,det_first,random,1000,89,165267905026,15397,2320,0.059775,24
QuickSort,det_first,random,1000,90,165267905027,15879,2372,0.060540,23
QuickSort,det_first,random,1000,91,165267905028,15374,2314,0.059564,22
QuickSort,det_first,random,1000,92,165267905029,14727,2330,0.068421,22
QuickSort,det_first,random,1000,93,165267905030,16223,2327,0.065613,23
QuickSort,det_first,random,1000,94,165267905031,15569,2353,0.066710,23
QuickSort,det_first,random,1000,95,165267905032,17076,2324,0.064627,25
QuickSort,det_first,random,1000,96,165267905033,15041,2386,0.066156,20
QuickSort,det_first,random,1000,97,165267905034,15739,2332,0.060429,23
QuickSort,det_first,random,1000,98,165267905035,14671,2326,0.059463,25
QuickSort,det_first,random,1000,99,165267905036,15346,2335,0.059161,23
QuickSort,det_first,random,1000,100,165267905037,15449,2334,0.060952,23
QuickSort,det_first,random,1000,101,165267905038,16025,2315,0.060480,24
QuickSort,det_first,random,1000,102,165267905039,14823,2346,0.059634,22
QuickSort,det_first,random,1000,103,165267905040,15277,2389,0.059715,22
QuickSort,det_first,random,1000,104,165267905041,15332,2369,0.059825,24
QuickSort,det_first,random,1000,105,165267905042,15637,2354,0.060158,22
QuickSort,det_first,random,1000,106,165267905043,15260,2393,0.060781,24
QuickSort,det_first,random,1000,107,165267905044,15635,2322,0.065835,22
QuickSort,det_first,random,1000,108,165267905045,15856,2361,0.064807,23
QuickSort,det_first,random,1000,109,165267905046,15034,2372,0.060158,20
QuickSort,det_first,random,1000,110,165267905047,16290,2243,0.060138,23
QuickSort,det_first,random,1000,111,165267905048,16050,2309,0.060561,26
QuickSort,det_first,random,1000,112,165267905049,15288,2341,0.060138,21
QuickSort,det_first,random,1000,113,165267905050,15312,2383,0.060218,24
QuickSort,det_first,random,1000,114,165267905051,17649,2294,0.061073,25
QuickSort,det_first,random,1000,115,165267905052,14805,2363,0.066287,23
QuickSort,det_first,random,1000,116,165267905053,15226,2318,0.063137,22
QuickSort,det_first,random,1000,117,165267905054,15537,2376,0.062563,24
QuickSort,det_first,random,1000,118,165267905055,15229,2303,0.061355,23
QuickSort,det_first,random,1000,119,165267905056,17283,2280,0.062150,31
QuickSort,det_first,random,1000,120,165267905057,15678,2306,0.060872,22
QuickSort,det_first,random,1000,121,165267905058,17216,2371,0.062906,26
QuickSort,det_first,random,1000,122,165267905059,15513,2351,0.060228,23
QuickSort,det_first,random,1000,123,165267905060,17677,2272,0.060027,29
QuickSort,det_first,random,1000,124,165267905061,16166,2270,0.059917,23
QuickSort,det_first,random,1000,125,165267905062,15121,2313,0.089275,21
QuickSort,det_first,random,1000,126,165267905063,16473,2311,0.059574,24
QuickSort,det_first,random,1000,127,165267905064,16716,2337,0.063741,25
QuickSort,det_first,random,1000,128,165267905065,16820,2301,0.059997,23
QuickSort,det_first,random,1000,129,165267905066,14685,2359,0.060278,20
QuickSort,det_first,random,1000,130,165267905067,16577,2357,0.061466,25
QuickSort,det_first,random,1000,131,165267905068,16291,2355,0.062040,23
QuickSort,det_first,random,1000,132,165267905069,15630,2327,0.060068,22
QuickSort,det_first,random,1000,133,165267905070,15159,2348,0.060722,21
QuickSort,det_first,random,1000,134,165267905071,15454,2329,0.060711,23
QuickSort,det_first,random,1000,135,165267905072,16694,2364,0.061174,28
QuickSort,det_first,random,1000,136,165267905073,15339,2375,0.061567,21
QuickSort,det_first,random,1000,137,165267905074,15536,2386,0.061507,21
QuickSort,det_first,random,1000,138,165267905075,17580,2264,0.061265,27
QuickSort,det_first,random,1000,139,165267905076,17284,2311,0.061466,26
QuickSort,det_first,random,1000,140,165267905077,15282,2338,0.078295,23
QuickSort,det_first,random,1000,141,165267905078,14933,2360,0.060409,22
QuickSort,det_first,random,1000,142,165267905079,17790,2251,0.063379,29
QuickSort,det_first,random,1000,143,165267905080,15822,2294,0.062070,26
QuickSort,det_first,random,1000,144,165267905081,15496,2387,0.061849,26
QuickSort,det_first,random,1000,145,165267905082,16136,2303,0.059704,25
QuickSort,det_first,random,1000,146,165267905083,15134,2346,0.060621,22
QuickSort,det_first,random,1000,147,165267905084,16531,2325,0.061878,24
QuickSort,det_first,random,1000,148,165267905085,15615,2371,0.060087,22
QuickSort,det_first,random,1000,149,165267905086,15706,2345,0.059855,23
QuickSort,det_first,random,1000,150,165267905087,15351,2337,0.061345,22
QuickSort,det_first,random,1000,151,165267905088,17018,2324,0.060822,23
QuickSort,det_first,random,1000,152,165267905089,15216,2315,0.060872,21
QuickSort,det_first,random,1000,153,165267905090,15208,2348,0.060571,21
QuickSort,det_first,random,1000,154,165267905091,16152,2335,0.061426,24
QuickSort,det_first,random,1000,155,165267905092,17233,2267,0.059252,24
QuickSort,det_first,random,1000,156,165267905093,16113,2322,0.060591,28
QuickSort,det_first,random,1000,157,165267905094,16767,2294,0.065089,27
QuickSort,det_first,random,1000,158,165267905095,15316,2339,0.060671,21
QuickSort,det_first,random,1000,159,165267905096,15250,2340,0.061586,24
QuickSort,det_first,random,1000,160,165267905097,15000,2371,0.061788,21
QuickSort,det_first,random,1000,161,165267905098,15876,2289,0.083106,24
QuickSort,det_first,random,1000,162,165267905099,15479,2388,0.060701,21
QuickSort,det_first,random,1000,163,165267905100,16393,2311,0.060681,25
QuickSort,det_first,random,1000,164,165267905101,15575,2362,0.061174,24
QuickSort,det_first,random,1000,165,165267905102,14482,2397,0.062503,19
QuickSort,det_first,random,1000,166,165267905103,16340,2334,0.121322,22
QuickSort,det_first,random,1000,167,165267905104,15405,2319,0.060178,22
QuickSort,det_first,random,1000,168,165267905105,15285,2395,0.061839,22
QuickSort,det_first,random,1000,169,165267905106,15429,2349,0.060771,21
QuickSort,det_first,random,1000,170,165267905107,16852,2333,0.072105,24
QuickSort,det_first,random,1000,171,165267905108,15291,2374,0.064456,22
QuickSort,det_first,random,1000,172,165267905109,16005,2363,0.061154,25
QuickSort,det_first,random,1000,173,165267905110,16105,2343,0.060571,25
QuickSort,det_first,random,1000,174,165267905111,16201,2318,0.059453,22
QuickSort,det_first,random,1000,175,165267905112,15095,2374,0.062090,20
QuickSort,det_first,random,1000,176,165267905113,17317,2325,0.061516,26
QuickSort,det_first,random,1000,177,165267905114,15541,2374,0.061727,24
QuickSort,det_first,random,1000,178,165267905115,15697,2318,0.059081,22
QuickSort,det_first,random,1000,179,165267905116,15993,2298,0.060329,23
QuickSort,det_first,random,1000,180,165267905117,15003,2388,0.061687,24
QuickSort,det_first,random,1000,181,165267905118,15751,2344,0.061295,23
QuickSort,det_first,random,1000,182,165267905119,15834,2357,0.059926,23
QuickSort,det_first,random,1000,183,165267905120,15524,2387,0.060943,23
QuickSort,det_first,random,1000,184,165267905121,16813,2258,0.059564,27
QuickSort,det_first,random,1000,185,165267905122,16005,2317,0.058940,28
QuickSort,det_first,random,1000,186,165267905123,15401,2394,0.061345,20
QuickSort,det_first,random,1000,187,165267905124,16912,2277,0.066298,24
QuickSort,det_first,random,1000,188,165267905125,15145,2360,0.059795,25
QuickSort,det_first,random,1000,189,165267905126,15721,2391,0.061758,26
QuickSort,det_first,random,1000,190,165267905127,15808,2343,0.059976,23
QuickSort,det_first,random,1000,191,165267905128,15689,2312,0.060531,23
QuickSort,det_first,random,1000,192,165267905129,16858,2321,0.060419,24
QuickSort,det_first,random,1000,193,165267905130,16292,2286,0.057953,28
QuickSort,det_first,random,1000,194,165267905131,15693,2368,0.059513,23
QuickSort,det_first,random,1000,195,165267905132,15432,2366,0.060279,24
QuickSort,det_first,random,1000,196,165267905133,16293,2256,0.058004,24
QuickSort,det_first,random,1000,197,165267905134,15231,2368,0.060872,22
QuickSort,det_first,random,1000,198,165267905135,15332,2402,0.059665,22
QuickSort,det_first,random,1000,199,165267905136,15446,2362,0.059715,21
QuickSort,det_first,random,10000,0,173309114144,214076,31047,0.867579,35
QuickSort,det_first,random,10000,1,173309114145,209110,30989,0.739207,32
QuickSort,det_first,random,10000,2,173309114146,210023,31215,0.857639,34
QuickSort,det_first,random,10000,3,173309114147,203446,31347,0.879242,31
QuickSort,det_first,random,10000,4,173309114148,209679,31437,0.760562,32
QuickSort,det_first,random,10000,5,173309114149,211162,30856,0.815818,36
QuickSort,det_first,random,10000,6,173309114150,207431,30938,0.768820,35
QuickSort,det_first,random,10000,7,173309114151,205680,31229,0.843471,33
QuickSort,det_first,random,10000,8,173309114152,199906,31496,0.787889,30
QuickSort,det_first,random,10000,9,173309114153,211244,30788,0.876074,34
QuickSort,det_first,random,10000,10,173309114154,205535,30960,0.810680,32
QuickSort,det_first,random,10000,11,173309114155,214598,30839,0.845669,36
QuickSort,det_first,random,10000,12,173309114156,203135,31471,1.021299,37
QuickSort,det_first,random,10000,13,173309114157,209015,31288,0.787849,35
QuickSort,det_first,random,10000,14,173309114158,210238,31077,0.777364,34
QuickSort,det_first,random,10000,15,173309114159,206564,30988,0.740910,38
QuickSort,det_first,random,10000,16,173309114160,208674,31081,0.834303,33
QuickSort,det_first,random,10000,17,173309114161,200080,31312,1.891451,32
QuickSort,det_first,random,10000,18,173309114162,206969,30899,1.131820,32
QuickSort,det_first,random,10000,19,173309114163,211398,30865,0.875391,33
QuickSort,det_first,random,10000,20,173309114164,203463,31275,0.784235,31
QuickSort,det_first,random,10000,21,173309114165,210140,31230,0.799166,34
QuickSort,det_first,random,10000,22,173309114166,202937,31264,0.913301,31
QuickSort,det_first,random,10000,23,173309114167,208182,31032,0.729356,33
QuickSort,det_first,random,10000,24,173309114168,212695,31027,0.784898,34
QuickSort,det_first,random,10000,25,173309114169,206473,31297,0.776008,29
QuickSort,det_first,random,10000,26,173309114170,210812,30926,0.774611,31
QuickSort,det_first,random,10000,27,173309114171,201256,31348,0.792472,32
QuickSort,det_first,random,10000,28,173309114172,206418,30938,0.753652,34
QuickSort,det_first,random,10000,29,173309114173,206997,30969,0.723603,32
QuickSort,det_first,random,10000,30,173309114174,203877,31039,0.729306,34
QuickSort,det_first,random,10000,31,173309114175,214889,30660,0.733445,36
QuickSort,det_first,random,10000,32,173309114176,218176,30930,0.724237,33
QuickSort,det_first,random,10000,33,173309114177,204754,31346,0.769651,32
QuickSort,det_first,random,10000,34,173309114178,204771,31384,0.789373,34
QuickSort,det_first,random,10000,35,173309114179,206651,31350,0.849580,32
QuickSort,det_first,random,10000,36,173309114180,203211,31251,0.750266,33
QuickSort,det_first,random,10000,37,173309114181,200624,31389,0.830768,32
QuickSort,det_first,random,10000,38,173309114182,212377,31128,0.747018,34
QuickSort,det_first,random,10000,39,173309114183,207455,30908,0.722128,32
QuickSort,det_first,random,10000,40,173309114184,208793,30838,0.713317,32
QuickSort,det_first,random,10000,41,173309114185,216387,30843,0.732198,35
QuickSort,det_first,random,10000,42,173309114186,205833,31402,0.782295,34
QuickSort,det_first,random,10000,43,173309114187,208094,30943,0.746206,34
QuickSort,det_first,random,10000,44,173309114188,204815,31331,0.736891,32
QuickSort,det_first,random,10000,45,173309114189,223581,30963,0.740266,35
QuickSort,det_first,random,10000,46,173309114190,215162,30804,0.873193,34
QuickSort,det_first,random,10000,47,173309114191,205644,31269,0.937736,32
QuickSort,det_first,random,10000,48,173309114192,206437,31260,0.805829,33
QuickSort,det_first,random,10000,49,173309114193,201773,31177,0.758702,30
QuickSort,det_first,random,10000,50,173309114194,217349,30742,0.806700,33
QuickSort,det_first,random,10000,51,173309114195,203394,31150,0.743711,34
QuickSort,det_first,random,10000,52,173309114196,208004,31412,0.760236,34
QuickSort,det_first,random,10000,53,173309114197,210136,31018,0.734475,32
QuickSort,det_first,random,10000,54,173309114198,207470,31326,0.741979,31
QuickSort,det_first,random,10000,55,173309114199,205154,31275,0.749880,32
QuickSort,det_first,random,10000,56,173309114200,213124,30831,0.741395,33
QuickSort,det_first,random,10000,57,173309114201,200226,31331,0.735762,34
QuickSort,det_first,random,10000,58,173309114202,217192,30681,0.777028,32
QuickSort,det_first,random,10000,59,173309114203,212196,30930,0.953082,33
QuickSort,det_first,random,10000,60,173309114204,207960,31136,0.748325,34
QuickSort,det_first,random,10000,61,173309114205,203002,31322,0.732920,32
QuickSort,det_first,random,10000,62,173309114206,211688,31135,1.174125,34
QuickSort,det_first,random,10000,63,173309114207,195475,31547,0.843749,31
QuickSort,det_first,random,10000,64,173309114208,214382,30801,0.908421,34
QuickSort,det_first,random,10000,65,173309114209,214862,30876,0.825561,32
QuickSort,det_first,random,10000,66,173309114210,211812,30874,0.810076,35
QuickSort,det_first,random,10000,67,173309114211,204742,31097,0.719604,33
QuickSort,det_first,random,10000,68,173309114212,201094,31754,0.735128,30
QuickSort,det_first,random,10000,69,173309114213,202932,31229,0.742494,31
QuickSort,det_first,random,10000,70,173309114214,201958,31578,0.745474,32
QuickSort,det_first,random,10000,71,173309114215,205002,31232,0.770543,33
QuickSort,det_first,random,10000,72,173309114216,200489,31432,0.740335,28
QuickSort,det_first,random,10000,73,173309114217,208757,31145,0.799719,34
QuickSort,det_first,random,10000,74,173309114218,207027,31170,0.734959,30
QuickSort,det_first,random,10000,75,173309114219,200515,31294,0.742761,34
QuickSort,det_first,random,10000,76,173309114220,210828,31371,0.754235,33
QuickSort,det_first,random,10000,77,173309114221,211621,31072,0.742365,34
QuickSort,det_first,random,10000,78,173309114222,199268,31465,0.737701,31
QuickSort,det_first,random,10000,79,173309114223,218896,31024,0.734543,37
QuickSort,det_first,random,10000,80,173309114224,210379,31285,0.743128,31
QuickSort,det_first,random,10000,81,173309114225,214289,31042,0.740711,36
QuickSort,det_first,random,10000,82,173309114226,200930,31466,0.735148,32
QuickSort,det_first,random,10000,83,173309114227,203456,31210,0.762652,30
QuickSort,det_first,random,10000,84,173309114228,215450,31016,0.932696,32
QuickSort,det_first,random,10000,85,173309114229,202776,31342,0.791374,30
QuickSort,det_first,random,10000,86,173309114230,203837,31086,0.765375,33
QuickSort,det_first,random,10000,87,173309114231,221228,30809,0.738801,37
QuickSort,det_first,random,10000,88,173309114232,213403,30836,0.740870,33
QuickSort,det_first,random,10000,89,173309114233,222877,30552,0.723969,36
QuickSort,det_first,random,10000,90,173309114234,204242,30943,0.711505,30
QuickSort,det_first,random,10000,91,173309114235,207339,30964,0.733049,32
QuickSort,det_first,random,10000,92,173309114236,201806,31281,0.727950,33
QuickSort,det_first,random,10000,93,173309114237,221968,30730,0.732712,35
QuickSort,det_first,random,10000,94,173309114238,203942,31202,0.773770,32
QuickSort,det_first,random,10000,95,173309114239,196484,31369,0.760533,30
QuickSort,det_first,random,10000,96,173309114240,206734,31150,0.767206,34
QuickSort,det_first,random,10000,97,173309114241,222183,30508,0.761533,40
QuickSort,det_first,random,10000,98,173309114242,197966,31518,0.730653,29
QuickSort,det_first,random,10000,99,173309114243,200255,31120,0.736613,31
QuickSort,det_first,random,5000,0,166116280589,98930,14323,0.379433,34
QuickSort,det_first,random,5000,1,166116280590,93609,14441,0.367806,28
QuickSort,det_first,random,5000,2,166116280591,94932,14399,0.350276,32
QuickSort,det_first,random,5000,3,166116280592,92342,14423,0.353164,27
QuickSort,det_first,random,5000,4,166116280593,99075,14353,0.356211,35
QuickSort,det_first,random,5000,5,166116280594,95847,14338,0.350096,30
QuickSort,det_first,random,5000,6,166116280595,93815,14557,0.353143,30
QuickSort,det_first,random,5000,7,166116280596,101669,14257,0.356543,31
QuickSort,det_first,random,5000,8,166116280597,93302,14407,0.361148,30
QuickSort,det_first,random,5000,9,166116280598,96424,14547,0.465408,30
QuickSort,det_first,random,5000,10,166116280599,94780,14442,0.394258,30
QuickSort,det_first,random,5000,11,166116280600,93556,14370,0.408468,31
QuickSort,det_first,random,5000,12,166116280601,94569,14460,0.398110,32
QuickSort,det_first,random,5000,13,166116280602,95667,14382,0.455380,33
QuickSort,det_first,random,5000,14,166116280603,93199,14510,0.362094,28
QuickSort,det_first,random,5000,15,166116280604,103192,14321,0.387438,32
QuickSort,det_first,random,5000,16,166116280605,95939,14241,0.374807,28
QuickSort,det_first,random,5000,17,166116280606,93557,14389,0.352479,27
QuickSort,det_first,random,5000,18,166116280607,96552,14377,0.377019,30
QuickSort,det_first,random,5000,19,166116280608,93837,14421,0.348859,26
QuickSort,det_first,random,5000,20,166116280609,101143,14420,0.352570,29
QuickSort,det_first,random,5000,21,166116280610,97405,14325,0.347129,29
QuickSort,det_first,random,5000,22,166116280611,93426,14556,0.349996,28
QuickSort,det_first,random,5000,23,166116280612,95620,14430,0.358192,30
QuickSort,det_first,random,5000,24,166116280613,101878,14371,0.350588,32
QuickSort,det_first,random,5000,25,166116280614,95535,14490,0.357809,30
QuickSort,det_first,random,5000,26,166116280615,96912,14213,0.358936,32
QuickSort,det_first,random,5000,27,166116280616,103048,14146,0.379493,34
QuickSort,det_first,random,5000,28,166116280617,96482,14399,0.356311,31
QuickSort,det_first,random,5000,29,166116280618,94385,14510,0.366851,32
QuickSort,det_first,random,5000,30,166116280619,103318,14117,0.370230,34
QuickSort,det_first,random,5000,31,166116280620,94947,14476,0.385609,31
QuickSort,det_first,random,5000,32,166116280621,92568,14467,0.374163,30
QuickSort,det_first,random,5000,33,166116280622,94583,14464,0.349653,28
QuickSort,det_first,random,5000,34,166116280623,95691,14447,0.597175,30
QuickSort,det_first,random,5000,35,166116280624,99677,14122,0.345802,32
QuickSort,det_first,random,5000,36,166116280625,104568,14291,0.346354,40
QuickSort,det_first,random,5000,37,166116280626,96526,14439,0.401147,27
QuickSort,det_first,random,5000,38,166116280627,96552,14246,0.408659,29
QuickSort,det_first,random,5000,39,166116280628,93010,14505,0.403802,29
QuickSort,det_first,random,5000,40,166116280629,96698,14306,0.404586,30
QuickSort,det_first,random,5000,41,166116280630,100954,14306,0.396611,29
QuickSort,det_first,random,5000,42,166116280631,95083,14318,0.534929,28
QuickSort,det_first,random,5000,43,166116280632,96787,14322,0.388213,31
QuickSort,det_first,random,5000,44,166116280633,98082,14343,0.399457,29
QuickSort,det_first,random,5000,45,166116280634,93948,14374,0.405561,31
QuickSort,det_first,random,5000,46,166116280635,93395,14378,0.497365,30
QuickSort,det_first,random,5000,47,166116280636,100580,14299,0.705662,30
QuickSort,det_first,random,5000,48,166116280637,101516,14328,0.379895,33
QuickSort,det_first,random,5000,49,166116280638,96333,14539,0.373258,29
QuickSort,det_first,random,5000,50,166116280639,93994,14424,0.376928,29
QuickSort,det_first,random,5000,51,166116280640,96684,14369,0.416102,30
QuickSort,det_first,random,5000,52,166116280641,99575,14296,0.398461,31
QuickSort,det_first,random,5000,53,166116280642,101621,14202,0.361048,30
QuickSort,det_first,random,5000,54,166116280643,96761,14485,0.399146,30
QuickSort,det_first,random,5000,55,166116280644,96595,14386,0.355939,34
QuickSort,det_first,random,5000,56,166116280645,93601,14300,0.379373,30
QuickSort,det_first,random,5000,57,166116280646,95648,14482,0.433491,33
QuickSort,det_first,random,5000,58,166116280647,92345,14534,0.488072,29
QuickSort,det_first,random,5000,59,166116280648,91750,14476,0.358232,28
QuickSort,det_first,random,5000,60,166116280649,93912,14524,0.380046,27
QuickSort,det_first,random,5000,61,166116280650,94454,14486,0.355667,29
QuickSort,det_first,random,5000,62,166116280651,96785,14422,0.350981,31
QuickSort,det_first,random,5000,63,166116280652,95025,14430,0.347692,31
QuickSort,det_first,random,5000,64,166116280653,96420,14282,0.349995,29
QuickSort,det_first,random,5000,65,166116280654,104445,14109,0.363382,32
QuickSort,det_first,random,5000,66,166116280655,96684,14457,0.351876,31
QuickSort,det_first,random,5000,67,166116280656,95589,14376,0.354913,30
QuickSort,det_first,random,5000,68,166116280657,99015,14153,0.349190,30
QuickSort,det_first,random,5000,69,166116280658,98828,14387,0.358343,31
QuickSort,det_first,random,5000,70,166116280659,93458,14448,0.354652,28
QuickSort,det_first,random,5000,71,166116280660,100306,14429,0.368470,31
QuickSort,det_first,random,5000,72,166116280661,92477,14390,0.351977,28
QuickSort,det_first,random,5000,73,166116280662,97003,14270,0.349743,29
QuickSort,det_first,random,5000,74,166116280663,97589,14352,0.369879,29
QuickSort,det_first,random,5000,75,166116280664,98797,14333,0.344846,32
QuickSort,det_first,random,5000,76,166116280665,99385,14264,0.440370,31
QuickSort,det_first,random,5000,77,166116280666,102400,14144,0.344605,32
QuickSort,det_first,random,5000,78,166116280667,94420,14430,0.353384,30
QuickSort,det_first,random,5000,79,166116280668,93196,14602,0.355627,29
QuickSort,det_first,random,5000,80,166116280669,99009,14201,0.633772,32
QuickSort,det_first,random,5000,81,166116280670,100607,14208,0.348627,39
QuickSort,det_first,random,5000,82,166116280671,92211,14474,0.441567,29
QuickSort,det_first,random,5000,83,166116280672,96343,14274,0.356402,31
QuickSort,det_first,random,5000,84,166116280673,103203,14091,0.363894,35
QuickSort,det_first,random,5000,85,166116280674,95304,14404,0.354642,30
QuickSort,det_first,random,5000,86,166116280675,96543,14292,0.346304,31
QuickSort,det_first,random,5000,87,166116280676,94998,14519,0.352781,30
QuickSort,det_first,random,5000,88,166116280677,94542,14420,0.349573,28
QuickSort,det_first,random,5000,89,166116280678,102100,14141,0.357086,34
QuickSort,det_first,random,5000,90,166116280679,98042,14314,0.346988,30
QuickSort,det_first,random,5000,91,166116280680,99603,14168,0.344585,31
QuickSort,det_first,random,5000,92,166116280681,97511,14402,0.349905,32
QuickSort,det_first,random,5000,93,166116280682,92541,14609,0.350266,30
QuickSort,det_first,random,5000,94,166116280683,91616,14477,0.363311,27
QuickSort,det_first,random,5000,95,166116280684,97246,14363,0.360153,29
QuickSort,det_first,random,5000,96,166116280685,97877,14388,0.354421,35
QuickSort,det_first,random,5000,97,166116280686,93217,14574,0.353444,28
QuickSort,det_first,random,5000,98,166116280687,94453,14439,0.345641,29
QuickSort,det_first,random,5000,99,166116280688,98591,14345,0.347712,29
QuickSort,det_first,random,5000,100,166116280689,92830,14570,0.364850,30
QuickSort,det_first,random,5000,101,166116280690,93500,14428,0.355094,30
QuickSort,det_first,random,5000,102,166116280691,92606,14483,0.352389,28
QuickSort,det_first,random,5000,103,166116280692,98142,14261,0.350659,30
QuickSort,det_first,random,5000,104,166116280693,94589,14443,0.348929,29
QuickSort,det_first,random,5000,105,166116280694,93879,14617,0.352650,29
QuickSort,det_first,random,5000,106,166116280695,95450,14549,0.364830,29
QuickSort,det_first,random,5000,107,166116280696,93570,14605,0.349100,29
QuickSort,det_first,random,5000,108,166116280697,98210,14328,0.350477,30
QuickSort,det_first,random,5000,109,166116280698,94739,14398,0.391120,30
QuickSort,det_first,random,5000,110,166116280699,94736,14561,0.394539,31
QuickSort,det_first,random,5000,111,166116280700,96095,14495,0.347712,30
QuickSort,det_first,random,5000,112,166116280701,94313,14564,0.361440,30
QuickSort,det_first,random,5000,113,166116280702,91763,14557,0.372966,27
QuickSort,det_first,random,5000,114,166116280703,94492,14528,0.366217,29
QuickSort,det_first,random,5000,115,166116280704,93086,14461,0.354480,28
QuickSort,det_first,random,5000,116,166116280705,103201,14387,0.355225,30
QuickSort,det_first,random,5000,117,166116280706,98808,14319,0.400728,30
QuickSort,det_first,random,5000,118,166116280707,103716,14230,0.349301,33
QuickSort,det_first,random,5000,119,166116280708,94019,14362,0.347088,29
QuickSort,det_first,random,5000,120,166116280709,98194,14461,0.353686,29
QuickSort,det_first,random,5000,121,166116280710,94169,14470,0.346988,28
QuickSort,det_first,random,5000,122,166116280711,92892,14626,0.371206,28
QuickSort,det_first,random,5000,123,166116280712,99238,14260,0.349080,29
QuickSort,det_first,random,5000,124,166116280713,93078,14365,0.350387,31
QuickSort,det_first,random,5000,125,166116280714,95376,14436,0.353535,29
QuickSort,det_first,random,5000,126,166116280715,102155,14224,0.352741,32
QuickSort,det_first,random,5000,127,166116280716,93052,14494,0.362164,28
QuickSort,det_first,random,5000,128,166116280717,93893,14606,0.358795,29
QuickSort,det_first,random,5000,129,166116280718,94647,14512,0.363804,28
QuickSort,det_first,random,5000,130,166116280719,96960,14226,0.379644,29
QuickSort,det_first,random,5000,131,166116280720,99433,14219,0.354089,35
QuickSort,det_first,random,5000,132,166116280721,98059,14219,0.344081,29
QuickSort,det_first,random,5000,133,166116280722,99272,14377,0.451403,30
QuickSort,det_first,random,5000,134,166116280723,92993,14563,0.355697,29
QuickSort,det_first,random,5000,135,166116280724,96997,14566,0.351585,35
QuickSort,det_first,random,5000,136,166116280725,104746,14219,0.352741,31
QuickSort,det_first,random,5000,137,166116280726,94323,14418,0.349633,29
QuickSort,det_first,random,5000,138,166116280727,101553,14377,0.362386,30
QuickSort,det_first,random,5000,139,166116280728,99087,14309,0.352047,29
QuickSort,det_first,random,5000,140,166116280729,92245,14485,0.349402,35
QuickSort,det_first,random,5000,141,166116280730,94163,14558,0.355034,28
QuickSort,det_first,random,5000,142,166116280731,101583,14288,0.349955,34
QuickSort,det_first,random,5000,143,166116280732,100398,14344,0.361591,30
QuickSort,det_first,random,5000,144,166116280733,95630,14299,0.345359,30
QuickSort,det_first,random,5000,145,166116280734,93736,14595,0.360283,30
QuickSort,det_first,random,5000,146,166116280735,95865,14396,0.349684,30
QuickSort,det_first,random,5000,147,166116280736,94438,14417,0.360002,30
QuickSort,det_first,random,5000,148,166116280737,92498,14547,0.449845,29
QuickSort,det_first,random,5000,149,166116280738,98847,14458,0.603511,31
QuickSort,det_first,random,5000,150,166116280739,100347,14313,0.412491,33
QuickSort,det_first,random,5000,151,166116280740,96054,14321,0.394659,29
QuickSort,det_first,random,5000,152,166116280741,109506,13964,0.400473,34
QuickSort,det_first,random,5000,153,166116280742,97838,14296,0.383265,30
QuickSort,det_first,random,5000,154,166116280743,95869,14475,0.382118,28
QuickSort,det_first,random,5000,155,166116280744,94884,14441,0.355858,30
QuickSort,det_first,random,5000,156,166116280745,92974,14595,0.354863,27
QuickSort,det_first,random,5000,157,166116280746,94567,14541,0.375481,27
QuickSort,det_first,random,5000,158,166116280747,103317,14275,0.370854,33
QuickSort,det_first,random,5000,159,166116280748,96344,14244,0.346595,31
QuickSort,det_first,random,5000,160,166116280749,96078,14412,0.362879,27
QuickSort,det_first,random,5000,161,166116280750,97806,14441,0.350900,32
QuickSort,det_first,random,5000,162,166116280751,94959,14559,0.365383,27
QuickSort,det_first,random,5000,163,166116280752,98731,14526,0.358755,29
QuickSort,det_first,random,5000,164,166116280753,100209,14301,0.362537,31
QuickSort,det_first,random,5000,165,166116280754,96973,14406,0.381716,30
QuickSort,det_first,random,5000,166,166116280755,99288,14197,0.376808,30
QuickSort,det_first,random,5000,167,166116280756,95519,14365,0.360807,29
QuickSort,det_first,random,5000,168,166116280757,98849,14497,0.349281,29
QuickSort,det_first,random,5000,169,166116280758,94892,14417,0.350146,30
QuickSort,det_first,random,5000,170,166116280759,93738,14554,0.355366,28
QuickSort,det_first,random,5000,171,166116280760,94235,14448,0.345972,31
QuickSort,det_first,random,5000,172,166116280761,95597,14275,0.347360,30
QuickSort,det_first,random,5000,173,166116280762,93437,14374,0.356472,27
QuickSort,det_first,random,5000,174,166116280763,92121,14521,0.347048,29
QuickSort,det_first,random,5000,175,166116280764,92854,14563,0.352338,28
QuickSort,det_first,random,5000,176,166116280765,95436,14204,0.339144,30
QuickSort,det_first,random,5000,177,166116280766,94107,14369,0.370452,27
QuickSort,det_first,random,5000,178,166116280767,95367,14269,0.343880,28
QuickSort,det_first,random,5000,179,166116280768,98316,14436,0.353223,29
QuickSort,det_first,random,5000,180,166116280769,94431,14500,0.352118,30
QuickSort,det_first,random,5000,181,166116280770,101368,14169,0.341014,33
QuickSort,det_first,random,5000,182,166116280771,100738,14347,0.351454,31
QuickSort,det_first,random,5000,183,166116280772,98276,14274,0.362516,30
QuickSort,det_first,random,5000,184,166116280773,96725,14413,0.926260,32
QuickSort,det_first,random,5000,185,166116280774,101476,14400,0.371850,32
QuickSort,det_first,random,5000,186,166116280775,94098,14317,0.356472,30
QuickSort,det_first,random,5000,187,166116280776,99504,14225,1.016766,31
QuickSort,det_first,random,5000,188,166116280777,92746,14620,0.401951,29
QuickSort,det_first,random,5000,189,166116280778,92854,14647,0.369124,28
QuickSort,det_first,random,5000,190,166116280779,96009,14512,0.354974,31
QuickSort,det_first,random,5000,191,166116280780,96482,14436,0.357387,30
QuickSort,det_first,random,5000,192,166116280781,96850,14350,0.380217,30
QuickSort,det_first,random,5000,193,166116280782,95848,14416,0.353143,28
QuickSort,det_first,random,5000,194,166116280783,95374,14422,0.352952,29
QuickSort,det_first,random,5000,195,166116280784,97412,14464,0.350287,31
QuickSort,det_first,random,5000,196,166116280785,91507,14543,0.350830,29
QuickSort,det_first,random,5000,197,166116280786,93433,14500,0.351544,27
QuickSort,det_first,random,5000,198,166116280787,93250,14528,0.383677,27
QuickSort,det_first,random,5000,199,166116280788,98950,14466,0.445881,33
QuickSort,det_first,random,50000,0,185692166948,1195384,183490,4.439592,39
QuickSort,det_first,random,50000,1,185692166949,1241409,181734,5.156384,41
QuickSort,det_first,random,50000,2,185692166950,1212540,183442,4.366434,37
QuickSort,det_first,random,50000,3,185692166951,1192330,184887,4.348780,38
QuickSort,det_first,random,50000,4,185692166952,1247530,181589,4.400085,45
QuickSort,det_first,random,50000,5,185692166953,1249123,181294,5.137999,43
QuickSort,det_first,random,50000,6,185692166954,1219222,182108,4.237594,40
QuickSort,det_first,random,50000,7,185692166955,1246891,182515,4.325050,41
QuickSort,det_first,random,50000,8,185692166956,1270972,180094,4.201100,45
QuickSort,det_first,random,50000,9,185692166957,1197637,183519,4.206921,42
QuickSort,det_first,random,50000,10,185692166958,1217752,182375,4.274699,37
QuickSort,det_first,random,50000,11,185692166959,1220800,180958,4.136950,40
QuickSort,det_first,random,50000,12,185692166960,1241784,181834,4.246973,40
QuickSort,det_first,random,50000,13,185692166961,1215345,183025,4.225098,39
QuickSort,det_first,random,50000,14,185692166962,1220384,182604,5.314725,44
QuickSort,det_first,random,50000,15,185692166963,1202626,183223,4.271222,40
QuickSort,det_first,random,50000,16,185692166964,1191414,182920,4.243546,41
QuickSort,det_first,random,50000,17,185692166965,1204346,182796,4.783109,41
QuickSort,det_first,random,50000,18,185692166966,1192282,184504,4.426075,46
QuickSort,det_first,random,50000,19,185692166967,1252229,181485,4.207575,40
QuickSort,det_first,random,50000,20,185692166968,1215441,181134,4.154386,40
QuickSort,det_first,random,50000,21,185692166969,1227571,182537,4.524675,41
QuickSort,det_first,random,50000,22,185692166970,1285138,181528,4.268085,41
QuickSort,det_first,random,50000,23,185692166971,1366082,179740,4.224948,50
QuickSort,det_first,random,50000,24,185692166972,1262776,181171,4.433340,42
QuickSort,det_first,random,50000,25,185692166973,1204287,182418,4.617232,40
QuickSort,det_first,random,50000,26,185692166974,1280686,182173,4.509744,41
QuickSort,det_first,random,50000,27,185692166975,1205909,183062,4.945999,45
QuickSort,det_first,random,50000,28,185692166976,1226825,182316,5.185694,39
QuickSort,det_first,random,50000,29,185692166977,1189079,183121,4.558624,38
QuickSort,det_first,reverse,1000,0,165573081878,501998,500,0.409339,998
QuickSort,det_first,reverse,1000,1,165573081879,501998,500,0.260508,998
QuickSort,det_first,reverse,1000,2,165573081880,501998,500,0.351928,998
QuickSort,det_first,reverse,1000,3,165573081881,501998,500,0.257318,998
QuickSort,det_first,reverse,1000,4,165573081882,501998,500,0.257027,998
QuickSort,det_first,reverse,1000,5,165573081883,501998,500,0.257016,998
QuickSort,det_first,reverse,1000,6,165573081884,501998,500,0.256896,998
QuickSort,det_first,reverse,1000,7,165573081885,501998,500,0.268430,998
QuickSort,det_first,reverse,1000,8,165573081886,501998,500,0.305307,998
QuickSort,det_first,reverse,1000,9,165573081887,501998,500,0.256674,998
QuickSort,det_first,reverse,1000,10,165573081888,501998,500,0.304965,998
QuickSort,det_first,reverse,1000,11,165573081889,501998,500,0.256151,998
QuickSort,det_first,reverse,1000,12,165573081890,501998,500,0.255939,998
QuickSort,det_first,reverse,1000,13,165573081891,501998,500,0.324371,998
QuickSort,det_first,reverse,1000,14,165573081892,501998,500,0.270050,998
QuickSort,det_first,reverse,1000,15,165573081893,501998,500,0.256020,998
QuickSort,det_first,reverse,1000,16,165573081894,501998,500,0.278193,998
QuickSort,det_first,reverse,1000,17,165573081895,501998,500,0.256614,998
QuickSort,det_first,reverse,1000,18,165573081896,501998,500,0.270826,998
QuickSort,det_first,reverse,1000,19,165573081897,501998,500,0.270715,998
QuickSort,det_first,reverse,1000,20,165573081898,501998,500,0.256120,998
QuickSort,det_first,reverse,1000,21,165573081899,501998,500,0.255970,998
QuickSort,det_first,reverse,1000,22,165573081900,501998,500,0.268803,998
QuickSort,det_first,reverse,1000,23,165573081901,501998,500,0.256614,998
QuickSort,det_first,reverse,1000,24,165573081902,501998,500,0.375379,998
QuickSort,det_first,reverse,1000,25,165573081903,501998,500,0.436463,998
QuickSort,det_first,reverse,1000,26,165573081904,501998,500,0.448913,998
QuickSort,det_first,reverse,1000,27,165573081905,501998,500,0.447423,998
QuickSort,det_first,reverse,1000,28,165573081906,501998,500,0.351848,998
QuickSort,det_first,reverse,1000,29,165573081907,501998,500,0.352371,998
QuickSort,det_first,reverse,1000,30,165573081908,501998,500,0.324633,998
QuickSort,det_first,reverse,1000,31,165573081909,501998,500,0.274902,998
QuickSort,det_first,reverse,1000,32,165573081910,501998,500,0.361057,998
QuickSort,det_first,reverse,1000,33,165573081911,501998,500,0.256323,998
QuickSort,det_first,reverse,1000,34,165573081912,501998,500,0.256020,998
QuickSort,det_first,reverse,1000,35,165573081913,501998,500,0.295585,998
QuickSort,det_first,reverse,1000,36,165573081914,501998,500,0.355864,998
QuickSort,det_first,reverse,1000,37,165573081915,501998,500,0.382797,998
QuickSort,det_first,reverse,1000,38,165573081916,501998,500,0.562496,998
QuickSort,det_first,reverse,1000,39,165573081917,501998,500,0.272415,998
QuickSort,det_first,reverse,1000,40,165573081918,501998,500,0.351888,998
QuickSort,det_first,reverse,1000,41,165573081919,501998,500,0.350831,998
QuickSort,det_first,reverse,1000,42,165573081920,501998,500,0.256967,998
QuickSort,det_first,reverse,1000,43,165573081921,501998,500,0.256785,998
QuickSort,det_first,reverse,1000,44,165573081922,501998,500,0.311145,998
QuickSort,det_first,reverse,1000,45,165573081923,501998,500,0.351536,998
QuickSort,det_first,reverse,1000,46,165573081924,501998,500,0.350076,998
QuickSort,det_first,reverse,1000,47,165573081925,501998,500,0.267082,998
QuickSort,det_first,reverse,1000,48,165573081926,501998,500,0.256191,998
QuickSort,det_first,reverse,1000,49,165573081927,501998,500,0.265491,998
QuickSort,det_first,reverse,1000,50,165573081928,501998,500,0.268219,998
QuickSort,det_first,reverse,1000,51,165573081929,501998,500,0.266639,998
QuickSort,det_first,reverse,1000,52,165573081930,501998,500,0.348718,998
QuickSort,det_first,reverse,1000,53,165573081931,501998,500,0.282792,998
QuickSort,det_first,reverse,1000,54,165573081932,501998,500,0.385404,998
QuickSort,det_first,reverse,1000,55,165573081933,501998,500,0.255718,998
QuickSort,det_first,reverse,1000,56,165573081934,501998,500,0.255719,998
QuickSort,det_first,reverse,1000,57,165573081935,501998,500,0.269205,998
QuickSort,det_first,reverse,1000,58,165573081936,501998,500,0.264907,998
QuickSort,det_first,reverse,1000,59,165573081937,501998,500,0.257460,998
QuickSort,det_first,reverse,1000,60,165573081938,501998,500,0.264021,998
QuickSort,det_first,reverse,1000,61,165573081939,501998,500,0.256191,998
QuickSort,det_first,reverse,1000,62,165573081940,501998,500,0.256090,998
QuickSort,det_first,reverse,1000,63,165573081941,501998,500,0.265723,998
QuickSort,det_first,reverse,1000,64,165573081942,501998,500,0.255708,998
QuickSort,det_first,reverse,1000,65,165573081943,501998,500,0.256674,998
QuickSort,det_first,reverse,1000,66,165573081944,501998,500,0.255567,998
QuickSort,det_first,reverse,1000,67,165573081945,501998,500,0.265330,998
QuickSort,det_first,reverse,1000,68,165573081946,501998,500,0.255788,998
QuickSort,det_first,reverse,1000,69,165573081947,501998,500,0.255527,998
QuickSort,det_first,reverse,1000,70,165573081948,501998,500,0.255537,998
QuickSort,det_first,reverse,1000,71,165573081949,501998,500,0.265300,998
QuickSort,det_first,reverse,1000,72,165573081950,501998,500,0.265964,998
QuickSort,det_first,reverse,1000,73,165573081951,501998,500,0.263740,998
QuickSort,det_first,reverse,1000,74,165573081952,501998,500,0.255899,998
QuickSort,det_first,reverse,1000,75,165573081953,501998,500,0.265904,998
QuickSort,det_first,reverse,1000,76,165573081954,501998,500,0.256181,998
QuickSort,det_first,reverse,1000,77,165573081955,501998,500,0.279491,998
QuickSort,det_first,reverse,1000,78,165573081956,501998,500,0.273996,998
QuickSort,det_first,reverse,1000,79,165573081957,501998,500,0.334979,998
QuickSort,det_first,reverse,1000,80,165573081958,501998,500,0.255869,998
QuickSort,det_first,reverse,1000,81,165573081959,501998,500,0.255587,998
QuickSort,det_first,reverse,1000,82,165573081960,501998,500,0.266306,998
QuickSort,det_first,reverse,1000,83,165573081961,501998,500,0.256231,998
QuickSort,det_first,reverse,1000,84,165573081962,501998,500,0.256020,998
QuickSort,det_first,reverse,1000,85,165573081963,501998,500,0.256040,998
QuickSort,det_first,reverse,1000,86,165573081964,501998,500,0.265561,998
QuickSort,det_first,reverse,1000,87,165573081965,501998,500,0.265743,998
QuickSort,det_first,reverse,1000,88,165573081966,501998,500,0.255678,998
QuickSort,det_first,reverse,1000,89,165573081967,501998,500,0.255557,998
QuickSort,det_first,reverse,1000,90,165573081968,501998,500,0.265783,998
QuickSort,det_first,reverse,1000,91,165573081969,501998,500,0.347027,998
QuickSort,det_first,reverse,1000,92,165573081970,501998,500,0.255769,998
QuickSort,det_first,reverse,1000,93,165573081971,501998,500,0.289858,998
QuickSort,det_first,reverse,1000,94,165573081972,501998,500,0.324985,998
QuickSort,det_first,reverse,1000,95,165573081973,501998,500,0.256151,998
QuickSort,det_first,reverse,1000,96,165573081974,501998,500,0.256030,998
QuickSort,det_first,reverse,1000,97,165573081975,501998,500,0.289134,998
QuickSort,det_first,reverse,1000,98,165573081976,501998,500,0.256282,998
QuickSort,det_first,reverse,1000,99,165573081977,501998,500,0.256110,998
QuickSort,det_first,reverse,1000,100,165573081978,501998,500,0.256060,998
QuickSort,det_first,reverse,1000,101,165573081979,501998,500,0.347449,998
QuickSort,det_first,reverse,1000,102,165573081980,501998,500,0.267182,998
QuickSort,det_first,reverse,1000,103,165573081981,501998,500,0.303335,998
QuickSort,det_first,reverse,1000,104,165573081982,501998,500,0.344722,998
QuickSort,det_first,reverse,1000,105,165573081983,501998,500,0.257459,998
QuickSort,det_first,reverse,1000,106,165573081984,501998,500,0.255637,998
QuickSort,det_first,reverse,1000,107,165573081985,501998,500,0.261788,998
QuickSort,det_first,reverse,1000,108,165573081986,501998,500,0.256221,998
QuickSort,det_first,reverse,1000,109,165573081987,501998,500,0.272295,998
QuickSort,det_first,reverse,1000,110,165573081988,501998,500,0.255789,998
QuickSort,det_first,reverse,1000,111,165573081989,501998,500,0.265713,998
QuickSort,det_first,reverse,1000,112,165573081990,501998,500,0.259845,998
QuickSort,det_first,reverse,1000,113,165573081991,501998,500,0.257872,998
QuickSort,det_first,reverse,1000,114,165573081992,501998,500,0.349895,998
QuickSort,det_first,reverse,1000,115,165573081993,501998,500,0.255879,998
QuickSort,det_first,reverse,1000,116,165573081994,501998,500,0.255648,998
QuickSort,det_first,reverse,1000,117,165573081995,501998,500,0.255668,998
QuickSort,det_first,reverse,1000,118,165573081996,501998,500,0.272305,998
QuickSort,det_first,reverse,1000,119,165573081997,501998,500,0.255637,998
QuickSort,det_first,reverse,1000,120,165573081998,501998,500,0.263679,998
QuickSort,det_first,reverse,1000,121,165573081999,501998,500,0.255687,998
QuickSort,det_first,reverse,1000,122,165573082000,501998,500,0.255527,998
QuickSort,det_first,reverse,1000,123,165573082001,501998,500,0.255537,998
QuickSort,det_first,reverse,1000,124,165573082002,501998,500,0.341360,998
QuickSort,det_first,reverse,1000,125,165573082003,501998,500,0.278586,998
QuickSort,det_first,reverse,1000,126,165573082004,501998,500,0.783066,998
QuickSort,det_first,reverse,1000,127,165573082005,501998,500,0.416454,998
QuickSort,det_first,reverse,1000,128,165573082006,501998,500,0.266216,998
QuickSort,det_first,reverse,1000,129,165573082007,501998,500,0.257348,998
QuickSort,det_first,reverse,1000,130,165573082008,501998,500,0.275918,998
QuickSort,det_first,reverse,1000,131,165573082009,501998,500,0.265854,998
QuickSort,det_first,reverse,1000,132,165573082010,501998,500,0.256181,998
QuickSort,det_first,reverse,1000,133,165573082011,501998,500,0.256090,998
QuickSort,det_first,reverse,1000,134,165573082012,501998,500,0.265018,998
QuickSort,det_first,reverse,1000,135,165573082013,501998,500,0.255738,998
QuickSort,det_first,reverse,1000,136,165573082014,501998,500,0.255547,998
QuickSort,det_first,reverse,1000,137,165573082015,501998,500,0.266085,998
QuickSort,det_first,reverse,1000,138,165573082016,501998,500,0.265582,998
QuickSort,det_first,reverse,1000,139,165573082017,501998,500,0.256091,998
QuickSort,det_first,reverse,1000,140,165573082018,501998,500,0.255567,998
QuickSort,det_first,reverse,1000,141,165573082019,501998,500,0.255567,998
QuickSort,det_first,reverse,1000,142,165573082020,501998,500,0.265230,998
QuickSort,det_first,reverse,1000,143,165573082021,501998,500,0.255718,998
QuickSort,det_first,reverse,1000,144,165573082022,501998,500,0.263488,998
QuickSort,det_first,reverse,1000,145,165573082023,501998,500,0.265793,998
QuickSort,det_first,reverse,1000,146,165573082024,501998,500,0.358511,998
QuickSort,det_first,reverse,1000,147,165573082025,501998,500,0.397451,998
QuickSort,det_first,reverse,1000,148,165573082026,501998,500,0.385042,998
QuickSort,det_first,reverse,1000,149,165573082027,501998,500,0.322287,998
QuickSort,det_first,reverse,1000,150,165573082028,501998,500,0.362375,998
QuickSort,det_first,reverse,1000,151,165573082029,501998,500,0.309716,998
QuickSort,det_first,reverse,1000,152,165573082030,501998,500,0.340716,998
QuickSort,det_first,reverse,1000,153,165573082031,501998,500,0.256292,998
QuickSort,det_first,reverse,1000,154,165573082032,501998,500,0.255536,998
QuickSort,det_first,reverse,1000,155,165573082033,501998,500,0.267565,998
QuickSort,det_first,reverse,1000,156,165573082034,501998,500,0.304795,998
QuickSort,det_first,reverse,1000,157,165573082035,501998,500,0.279603,998
QuickSort,det_first,reverse,1000,158,165573082036,501998,500,0.287946,998
QuickSort,det_first,reverse,1000,159,165573082037,501998,500,0.255617,998
QuickSort,det_first,reverse,1000,160,165573082038,501998,500,0.415719,998
QuickSort,det_first,reverse,1000,161,165573082039,501998,500,0.341270,998
QuickSort,det_first,reverse,1000,162,165573082040,501998,500,0.255829,998
QuickSort,det_first,reverse,1000,163,165573082041,501998,500,0.255618,998
QuickSort,det_first,reverse,1000,164,165573082042,501998,500,0.265823,998
QuickSort,det_first,reverse,1000,165,165573082043,501998,500,0.266648,998
QuickSort,det_first,reverse,1000,166,165573082044,501998,500,0.255708,998
QuickSort,det_first,reverse,1000,167,165573082045,501998,500,0.255587,998
QuickSort,det_first,reverse,1000,168,165573082046,501998,500,0.255568,998
QuickSort,det_first,reverse,1000,169,165573082047,501998,500,0.265632,998
QuickSort,det_first,reverse,1000,170,165573082048,501998,500,0.255748,998
QuickSort,det_first,reverse,1000,171,165573082049,501998,500,0.289848,998
QuickSort,det_first,reverse,1000,172,165573082050,501998,500,0.344410,998
QuickSort,det_first,reverse,1000,173,165573082051,501998,500,0.301221,998
QuickSort,det_first,reverse,1000,174,165573082052,501998,500,0.255688,998
QuickSort,det_first,reverse,1000,175,165573082053,501998,500,0.255598,998
QuickSort,det_first,reverse,1000,176,165573082054,501998,500,0.264484,998
QuickSort,det_first,reverse,1000,177,165573082055,501998,500,0.255759,998
QuickSort,det_first,reverse,1000,178,165573082056,501998,500,0.255497,998
QuickSort,det_first,reverse,1000,179,165573082057,501998,500,0.279854,998
QuickSort,det_first,reverse,1000,180,165573082058,501998,500,0.273956,998
QuickSort,det_first,reverse,1000,181,165573082059,501998,500,0.255779,998
QuickSort,det_first,reverse,1000,182,165573082060,501998,500,0.255708,998
QuickSort,det_first,reverse,1000,183,165573082061,501998,500,0.255547,998
QuickSort,det_first,reverse,1000,184,165573082062,501998,500,0.265965,998
QuickSort,det_first,reverse,1000,185,165573082063,501998,500,0.255678,998
QuickSort,det_first,reverse,1000,186,165573082064,501998,500,0.255637,998
QuickSort,det_first,reverse,1000,187,165573082065,501998,500,0.275042,998
QuickSort,det_first,reverse,1000,188,165573082066,501998,500,0.255758,998
QuickSort,det_first,reverse,1000,189,165573082067,501998,500,0.255658,998
QuickSort,det_first,reverse,1000,190,165573082068,501998,500,0.255537,998
QuickSort,det_first,reverse,1000,191,165573082069,501998,500,0.268269,998
QuickSort,det_first,reverse,1000,192,165573082070,501998,500,0.255718,998
QuickSort,det_first,reverse,1000,193,165573082071,501998,500,0.299712,998
QuickSort,det_first,reverse,1000,194,165573082072,501998,500,0.266105,998
QuickSort,det_first,reverse,1000,195,165573082073,501998,500,0.268622,998
QuickSort,det_first,reverse,1000,196,165573082074,501998,500,0.256191,998
QuickSort,det_first,reverse,1000,197,165573082075,501998,500,0.304795,998
QuickSort,det_first,reverse,1000,198,165573082076,501998,500,0.275123,998
QuickSort,det_first,reverse,1000,199,165573082077,501998,500,0.312021,998
QuickSort,det_first,reverse,10000,0,179284244382,50019998,5000,25.603584,9998
QuickSort,det_first,reverse,10000,1,179284244383,50019998,5000,24.671241,9998
QuickSort,det_first,reverse,10000,2,179284244384,50019998,5000,28.714259,9998
QuickSort,det_first,reverse,10000,3,179284244385,50019998,5000,28.992619,9998
QuickSort,det_first,reverse,10000,4,179284244386,50019998,5000,25.026740,9998
QuickSort,det_first,reverse,10000,5,179284244387,50019998,5000,25.951380,9998
QuickSort,det_first,reverse,10000,6,179284244388,50019998,5000,27.600676,9998
QuickSort,det_first,reverse,10000,7,179284244389,50019998,5000,25.936871,9998
QuickSort,det_first,reverse,10000,8,179284244390,50019998,5000,25.288915,9998
QuickSort,det_first,reverse,10000,9,179284244391,50019998,5000,26.756148,9998
QuickSort,det_first,reverse,10000,10,179284244392,50019998,5000,28.604893,9998
QuickSort,det_first,reverse,10000,11,179284244393,50019998,5000,26.903105,9998
QuickSort,det_first,reverse,10000,12,179284244394,50019998,5000,25.032863,9998
QuickSort,det_first,reverse,10000,13,179284244395,50019998,5000,25.687967,9998
QuickSort,det_first,reverse,10000,14,179284244396,50019998,5000,27.538788,9998
QuickSort,det_first,reverse,10000,15,179284244397,50019998,5000,24.253636,9998
QuickSort,det_first,reverse,10000,16,179284244398,50019998,5000,24.865447,9998
QuickSort,det_first,reverse,10000,17,179284244399,50019998,5000,24.255435,9998
QuickSort,det_first,reverse,10000,18,179284244400,50019998,5000,27.400615,9998
QuickSort,det_first,reverse,10000,19,179284244401,50019998,5000,26.505881,9998
QuickSort,det_first,reverse,10000,20,179284244402,50019998,5000,27.392208,9998
QuickSort,det_first,reverse,10000,21,179284244403,50019998,5000,24.960926,9998
QuickSort,det_first,reverse,10000,22,179284244404,50019998,5000,22.869408,9998
QuickSort,det_first,reverse,10000,23,179284244405,50019998,5000,27.835977,9998
QuickSort,det_first,reverse,10000,24,179284244406,50019998,5000,24.118587,9998
QuickSort,det_first,reverse,10000,25,179284244407,50019998,5000,23.216800,9998
QuickSort,det_first,reverse,10000,26,179284244408,50019998,5000,33.906539,9998
QuickSort,det_first,reverse,10000,27,179284244409,50019998,5000,36.781189,9998
QuickSort,det_first,reverse,10000,28,179284244410,50019998,5000,24.486927,9998
QuickSort,det_first,reverse,10000,29,179284244411,50019998,5000,29.874284,9998
QuickSort,det_first,reverse,10000,30,179284244412,50019998,5000,24.842204,9998
QuickSort,det_first,reverse,10000,31,179284244413,50019998,5000,23.185937,9998
QuickSort,det_first,reverse,10000,32,179284244414,50019998,5000,22.643264,9998
QuickSort,det_first,reverse,10000,33,179284244415,50019998,5000,23.983249,9998
QuickSort,det_first,reverse,10000,34,179284244416,50019998,5000,24.167671,9998
QuickSort,det_first,reverse,10000,35,179284244417,50019998,5000,25.962053,9998
QuickSort,det_first,reverse,10000,36,179284244418,50019998,5000,23.708771,9998
QuickSort,det_first,reverse,10000,37,179284244419,50019998,5000,23.432656,9998
QuickSort,det_first,reverse,10000,38,179284244420,50019998,5000,24.820967,9998
QuickSort,det_first,reverse,10000,39,179284244421,50019998,5000,27.366256,9998
QuickSort,det_first,reverse,10000,40,179284244422,50019998,5000,26.319717,9998
QuickSort,det_first,reverse,10000,41,179284244423,50019998,5000,24.527756,9998
QuickSort,det_first,reverse,10000,42,179284244424,50019998,5000,23.995370,9998
QuickSort,det_first,reverse,10000,43,179284244425,50019998,5000,24.666367,9998
QuickSort,det_first,reverse,10000,44,179284244426,50019998,5000,23.359043,9998
QuickSort,det_first,reverse,10000,45,179284244427,50019998,5000,23.027151,9998
QuickSort,det_first,reverse,10000,46,179284244428,50019998,5000,22.344370,9998
QuickSort,det_first,reverse,10000,47,179284244429,50019998,5000,23.253223,9998
QuickSort,det_first,reverse,10000,48,179284244430,50019998,5000,23.145768,9998
QuickSort,det_first,reverse,10000,49,179284244431,50019998,5000,23.062256,9998
QuickSort,det_first,reverse,10000,50,179284244432,50019998,5000,23.405454,9998
QuickSort,det_first,reverse,10000,51,179284244433,50019998,5000,25.153043,9998
QuickSort,det_first,reverse,10000,52,179284244434,50019998,5000,25.238679,9998
QuickSort,det_first,reverse,10000,53,179284244435,50019998,5000,24.863166,9998
QuickSort,det_first,reverse,10000,54,179284244436,50019998,5000,25.332465,9998
QuickSort,det_first,reverse,10000,55,179284244437,50019998,5000,25.989791,9998
QuickSort,det_first,reverse,10000,56,179284244438,50019998,5000,24.993121,9998
QuickSort,det_first,reverse,10000,57,179284244439,50019998,5000,25.418043,9998
QuickSort,det_first,reverse,10000,58,179284244440,50019998,5000,24.022949,9998
QuickSort,det_first,reverse,10000,59,179284244441,50019998,5000,26.274456,9998
QuickSort,det_first,reverse,10000,60,179284244442,50019998,5000,24.726853,9998
QuickSort,det_first,reverse,10000,61,179284244443,50019998,5000,24.016907,9998
QuickSort,det_first,reverse,10000,62,179284244444,50019998,5000,25.991193,9998
QuickSort,det_first,reverse,10000,63,179284244445,50019998,5000,29.162447,9998
QuickSort,det_first,reverse,10000,64,179284244446,50019998,5000,23.404455,9998
QuickSort,det_first,reverse,10000,65,179284244447,50019998,5000,27.031509,9998
QuickSort,det_first,reverse,10000,66,179284244448,50019998,5000,23.514150,9998
QuickSort,det_first,reverse,10000,67,179284244449,50019998,5000,25.829468,9998
QuickSort,det_first,reverse,10000,68,179284244450,50019998,5000,22.472690,9998
QuickSort,det_first,reverse,10000,69,179284244451,50019998,5000,22.970184,9998
QuickSort,det_first,reverse,10000,70,179284244452,50019998,5000,23.681631,9998
QuickSort,det_first,reverse,10000,71,179284244453,50019998,5000,22.913897,9998
QuickSort,det_first,reverse,10000,72,179284244454,50019998,5000,24.706558,9998
QuickSort,det_first,reverse,10000,73,179284244455,50019998,5000,22.947822,9998
QuickSort,det_first,reverse,10000,74,179284244456,50019998,5000,24.052922,9998
QuickSort,det_first,reverse,10000,75,179284244457,50019998,5000,23.415867,9998
QuickSort,det_first,reverse,10000,76,179284244458,50019998,5000,23.257183,9998
QuickSort,det_first,reverse,10000,77,179284244459,50019998,5000,24.633171,9998
QuickSort,det_first,reverse,10000,78,179284244460,50019998,5000,33.455393,9998
QuickSort,det_first,reverse,10000,79,179284244461,50019998,5000,24.397002,9998
QuickSort,det_first,reverse,10000,80,179284244462,50019998,5000,23.424700,9998
QuickSort,det_first,reverse,10000,81,179284244463,50019998,5000,26.426936,9998
QuickSort,det_first,reverse,10000,82,179284244464,50019998,5000,25.625555,9998
QuickSort,det_first,reverse,10000,83,179284244465,50019998,5000,23.013149,9998
QuickSort,det_first,reverse,10000,84,179284244466,50019998,5000,23.055715,9998
QuickSort,det_first,reverse,10000,85,179284244467,50019998,5000,22.872587,9998
QuickSort,det_first,reverse,10000,86,179284244468,50019998,5000,26.588690,9998
QuickSort,det_first,reverse,10000,87,179284244469,50019998,5000,22.779989,9998
QuickSort,det_first,reverse,10000,88,179284244470,50019998,5000,22.384021,9998
QuickSort,det_first,reverse,10000,89,179284244471,50019998,5000,22.615939,9998
QuickSort,det_first,reverse,10000,90,179284244472,50019998,5000,23.899407,9998
QuickSort,det_first,reverse,10000,91,179284244473,50019998,5000,26.503081,9998
QuickSort,det_first,reverse,10000,92,179284244474,50019998,5000,26.055754,9998
QuickSort,det_first,reverse,10000,93,179284244475,50019998,5000,23.167666,9998
QuickSort,det_first,reverse,10000,94,179284244476,50019998,5000,26.251643,9998
QuickSort,det_first,reverse,10000,95,179284244477,50019998,5000,23.287111,9998
QuickSort,det_first,reverse,10000,96,179284244478,50019998,5000,23.390597,9998
QuickSort,det_first,reverse,10000,97,179284244479,50019998,5000,23.361691,9998
QuickSort,det_first,reverse,10000,98,179284244480,50019998,5000,24.910618,9998
QuickSort,det_first,reverse,10000,99,179284244481,50019998,5000,24.570303,9998
QuickSort,det_first,reverse,5000,0,169548012232,12509998,2500,7.084060,4998
QuickSort,det_first,reverse,5000,1,169548012233,12509998,2500,8.571475,4998
QuickSort,det_first,reverse,5000,2,169548012234,12509998,2500,8.308087,4998
QuickSort,det_first,reverse,5000,3,169548012235,12509998,2500,8.564426,4998
QuickSort,det_first,reverse,5000,4,169548012236,12509998,2500,6.741673,4998
QuickSort,det_first,reverse,5000,5,169548012237,12509998,2500,7.308675,4998
QuickSort,det_first,reverse,5000,6,169548012238,12509998,2500,7.288805,4998
QuickSort,det_first,reverse,5000,7,169548012239,12509998,2500,6.642064,4998
QuickSort,det_first,reverse,5000,8,169548012240,12509998,2500,7.448580,4998
QuickSort,det_first,reverse,5000,9,169548012241,12509998,2500,9.620133,4998
QuickSort,det_first,reverse,5000,10,169548012242,12509998,2500,7.250211,4998
QuickSort,det_first,reverse,5000,11,169548012243,12509998,2500,8.504167,4998
QuickSort,det_first,reverse,5000,12,169548012244,12509998,2500,7.683609,4998
QuickSort,det_first,reverse,5000,13,169548012245,12509998,2500,8.236985,4998
QuickSort,det_first,reverse,5000,14,169548012246,12509998,2500,6.377965,4998
QuickSort,det_first,reverse,5000,15,169548012247,12509998,2500,7.031241,4998
QuickSort,det_first,reverse,5000,16,169548012248,12509998,2500,6.236482,4998
QuickSort,det_first,reverse,5000,17,169548012249,12509998,2500,6.438966,4998
QuickSort,det_first,reverse,5000,18,169548012250,12509998,2500,6.754733,4998
QuickSort,det_first,reverse,5000,19,169548012251,12509998,2500,7.176985,4998
QuickSort,det_first,reverse,5000,20,169548012252,12509998,2500,6.998642,4998
QuickSort,det_first,reverse,5000,21,169548012253,12509998,2500,6.803475,4998
QuickSort,det_first,reverse,5000,22,169548012254,12509998,2500,7.625965,4998
QuickSort,det_first,reverse,5000,23,169548012255,12509998,2500,6.276671,4998
QuickSort,det_first,reverse,5000,24,169548012256,12509998,2500,7.309106,4998
QuickSort,det_first,reverse,5000,25,169548012257,12509998,2500,6.833103,4998
QuickSort,det_first,reverse,5000,26,169548012258,12509998,2500,7.352851,4998
QuickSort,det_first,reverse,5000,27,169548012259,12509998,2500,6.501196,4998
QuickSort,det_first,reverse,5000,28,169548012260,12509998,2500,6.771451,4998
QuickSort,det_first,reverse,5000,29,169548012261,12509998,2500,6.457229,4998
QuickSort,det_first,reverse,5000,30,169548012262,12509998,2500,6.456125,4998
QuickSort,det_first,reverse,5000,31,169548012263,12509998,2500,8.467541,4998
QuickSort,det_first,reverse,5000,32,169548012264,12509998,2500,7.224198,4998
QuickSort,det_first,reverse,5000,33,169548012265,12509998,2500,8.860944,4998
QuickSort,det_first,reverse,5000,34,169548012266,12509998,2500,7.203679,4998
QuickSort,det_first,reverse,5000,35,169548012267,12509998,2500,9.399076,4998
QuickSort,det_first,reverse,5000,36,169548012268,12509998,2500,9.467989,4998
QuickSort,det_first,reverse,5000,37,169548012269,12509998,2500,6.976665,4998
QuickSort,det_first,reverse,5000,38,169548012270,12509998,2500,8.030654,4998
QuickSort,det_first,reverse,5000,39,169548012271,12509998,2500,9.387036,4998
QuickSort,det_first,reverse,5000,40,169548012272,12509998,2500,7.331545,4998
QuickSort,det_first,reverse,5000,41,169548012273,12509998,2500,7.676889,4998
QuickSort,det_first,reverse,5000,42,169548012274,12509998,2500,8.577703,4998
QuickSort,det_first,reverse,5000,43,169548012275,12509998,2500,7.249077,4998
QuickSort,det_first,reverse,5000,44,169548012276,12509998,2500,9.301456,4998
QuickSort,det_first,reverse,5000,45,169548012277,12509998,2500,7.570745,4998
QuickSort,det_first,reverse,5000,46,169548012278,12509998,2500,8.435222,4998
QuickSort,det_first,reverse,5000,47,169548012279,12509998,2500,6.833145,4998
QuickSort,det_first,reverse,5000,48,169548012280,12509998,2500,7.509847,4998
QuickSort,det_first,reverse,5000,49,169548012281,12509998,2500,7.817789,4998
QuickSort,det_first,reverse,5000,50,169548012282,12509998,2500,7.552432,4998
QuickSort,det_first,reverse,5000,51,169548012283,12509998,2500,9.274660,4998
QuickSort,det_first,reverse,5000,52,169548012284,12509998,2500,7.993677,4998
QuickSort,det_first,reverse,5000,53,169548012285,12509998,2500,7.629881,4998
QuickSort,det_first,reverse,5000,54,169548012286,12509998,2500,9.735422,4998
QuickSort,det_first,reverse,5000,55,169548012287,12509998,2500,9.189807,4998
QuickSort,det_first,reverse,5000,56,169548012288,12509998,2500,8.127618,4998
QuickSort,det_first,reverse,5000,57,169548012289,12509998,2500,11.172506,4998
QuickSort,det_first,reverse,5000,58,169548012290,12509998,2500,6.964149,4998
QuickSort,det_first,reverse,5000,59,169548012291,12509998,2500,8.537445,4998
QuickSort,det_first,reverse,5000,60,169548012292,12509998,2500,9.693183,4998
QuickSort,det_first,reverse,5000,61,169548012293,12509998,2500,9.279129,4998
QuickSort,det_first,reverse,5000,62,169548012294,12509998,2500,7.450680,4998
QuickSort,det_first,reverse,5000,63,169548012295,12509998,2500,9.091225,4998
QuickSort,det_first,reverse,5000,64,169548012296,12509998,2500,7.687771,4998
QuickSort,det_first,reverse,5000,65,169548012297,12509998,2500,9.077734,4998
QuickSort,det_first,reverse,5000,66,169548012298,12509998,2500,8.160622,4998
QuickSort,det_first,reverse,5000,67,169548012299,12509998,2500,7.111072,4998
QuickSort,det_first,reverse,5000,68,169548012300,12509998,2500,8.476009,4998
QuickSort,det_first,reverse,5000,69,169548012301,12509998,2500,6.461463,4998
QuickSort,det_first,reverse,5000,70,169548012302,12509998,2500,7.926533,4998
QuickSort,det_first,reverse,5000,71,169548012303,12509998,2500,7.140073,4998
QuickSort,det_first,reverse,5000,72,169548012304,12509998,2500,7.032835,4998
QuickSort,det_first,reverse,5000,73,169548012305,12509998,2500,6.166210,4998
QuickSort,det_first,reverse,5000,74,169548012306,12509998,2500,6.344319,4998
QuickSort,det_first,reverse,5000,75,169548012307,12509998,2500,6.515080,4998
QuickSort,det_first,reverse,5000,76,169548012308,12509998,2500,6.744474,4998
QuickSort,det_first,reverse,5000,77,169548012309,12509998,2500,6.635178,4998
QuickSort,det_first,reverse,5000,78,169548012310,12509998,2500,6.150032,4998
QuickSort,det_first,reverse,5000,79,169548012311,12509998,2500,6.558026,4998
QuickSort,det_first,reverse,5000,80,169548012312,12509998,2500,6.101510,4998
QuickSort,det_first,reverse,5000,81,169548012313,12509998,2500,6.103545,4998
QuickSort,det_first,reverse,5000,82,169548012314,12509998,2500,6.722606,4998
QuickSort,det_first,reverse,5000,83,169548012315,12509998,2500,6.142014,4998
QuickSort,det_first,reverse,5000,84,169548012316,12509998,2500,6.426229,4998
QuickSort,det_first,reverse,5000,85,169548012317,12509998,2500,6.174618,4998
QuickSort,det_first,reverse,5000,86,169548012318,12509998,2500,6.158057,4998
QuickSort,det_first,reverse,5000,87,169548012319,12509998,2500,6.820874,4998
QuickSort,det_first,reverse,5000,88,169548012320,12509998,2500,7.343031,4998
QuickSort,det_first,reverse,5000,89,169548012321,12509998,2500,8.569249,4998
QuickSort,det_first,reverse,5000,90,169548012322,12509998,2500,6.799660,4998
QuickSort,det_first,reverse,5000,91,169548012323,12509998,2500,7.159179,4998
QuickSort,det_first,reverse,5000,92,169548012324,12509998,2500,6.209451,4998
QuickSort,det_first,reverse,5000,93,169548012325,12509998,2500,6.344238,4998
QuickSort,det_first,reverse,5000,94,169548012326,12509998,2500,6.439185,4998
QuickSort,det_first,reverse,5000,95,169548012327,12509998,2500,6.700640,4998
QuickSort,det_first,reverse,5000,96,169548012328,12509998,2500,7.547863,4998
QuickSort,det_first,reverse,5000,97,169548012329,12509998,2500,7.432738,4998
QuickSort,det_first,reverse,5000,98,169548012330,12509998,2500,8.292491,4998
QuickSort,det_first,reverse,5000,99,169548012331,12509998,2500,7.096289,4998
QuickSort,det_first,reverse,5000,100,169548012332,12509998,2500,7.095687,4998
QuickSort,det_first,reverse,5000,101,169548012333,12509998,2500,6.772170,4998
QuickSort,det_first,reverse,5000,102,169548012334,12509998,2500,6.877392,4998
QuickSort,det_first,reverse,5000,103,169548012335,12509998,2500,6.949761,4998
QuickSort,det_first,reverse,5000,104,169548012336,12509998,2500,7.256174,4998
QuickSort,det_first,reverse,5000,105,169548012337,12509998,2500,7.382078,4998
QuickSort,det_first,reverse,5000,106,169548012338,12509998,2500,7.637341,4998
QuickSort,det_first,reverse,5000,107,169548012339,12509998,2500,9.253759,4998
QuickSort,det_first,reverse,5000,108,169548012340,12509998,2500,8.710449,4998
QuickSort,det_first,reverse,5000,109,169548012341,12509998,2500,6.455653,4998
QuickSort,det_first,reverse,5000,110,169548012342,12509998,2500,6.695589,4998
QuickSort,det_first,reverse,5000,111,169548012343,12509998,2500,6.790344,4998
QuickSort,det_first,reverse,5000,112,169548012344,12509998,2500,6.822310,4998
QuickSort,det_first,reverse,5000,113,169548012345,12509998,2500,6.682877,4998
QuickSort,det_first,reverse,5000,114,169548012346,12509998,2500,6.295647,4998
QuickSort,det_first,reverse,5000,115,169548012347,12509998,2500,6.302709,4998
QuickSort,det_first,reverse,5000,116,169548012348,12509998,2500,6.528810,4998
QuickSort,det_first,reverse,5000,117,169548012349,12509998,2500,8.226517,4998
QuickSort,det_first,reverse,5000,118,169548012350,12509998,2500,9.244828,4998
QuickSort,det_first,reverse,5000,119,169548012351,12509998,2500,8.402931,4998
QuickSort,det_first,reverse,5000,120,169548012352,12509998,2500,6.269623,4998
QuickSort,det_first,reverse,5000,121,169548012353,12509998,2500,7.748283,4998
QuickSort,det_first,reverse,5000,122,169548012354,12509998,2500,6.272405,4998
QuickSort,det_first,reverse,5000,123,169548012355,12509998,2500,6.335779,4998
QuickSort,det_first,reverse,5000,124,169548012356,12509998,2500,6.273548,4998
QuickSort,det_first,reverse,5000,125,169548012357,12509998,2500,7.107746,4998
QuickSort,det_first,reverse,5000,126,169548012358,12509998,2500,6.156395,4998
QuickSort,det_first,reverse,5000,127,169548012359,12509998,2500,6.082383,4998
QuickSort,det_first,reverse,5000,128,169548012360,12509998,2500,6.446812,4998
QuickSort,det_first,reverse,5000,129,169548012361,12509998,2500,6.580154,4998
QuickSort,det_first,reverse,5000,130,169548012362,12509998,2500,7.099430,4998
QuickSort,det_first,reverse,5000,131,169548012363,12509998,2500,6.475280,4998
QuickSort,det_first,reverse,5000,132,169548012364,12509998,2500,6.207776,4998
QuickSort,det_first,reverse,5000,133,169548012365,12509998,2500,6.287147,4998
QuickSort,det_first,reverse,5000,134,169548012366,12509998,2500,6.170033,4998
QuickSort,det_first,reverse,5000,135,169548012367,12509998,2500,6.684832,4998
QuickSort,det_first,reverse,5000,136,169548012368,12509998,2500,6.180116,4998
QuickSort,det_first,reverse,5000,137,169548012369,12509998,2500,6.377767,4998
QuickSort,det_first,reverse,5000,138,169548012370,12509998,2500,6.178332,4998
QuickSort,det_first,reverse,5000,139,169548012371,12509998,2500,6.175643,4998
QuickSort,det_first,reverse,5000,140,169548012372,12509998,2500,6.204345,4998
QuickSort,det_first,reverse,5000,141,169548012373,12509998,2500,6.076141,4998
QuickSort,det_first,reverse,5000,142,169548012374,12509998,2500,6.547305,4998
QuickSort,det_first,reverse,5000,143,169548012375,12509998,2500,8.367946,4998
QuickSort,det_first,reverse,5000,144,169548012376,12509998,2500,6.793759,4998
QuickSort,det_first,reverse,5000,145,169548012377,12509998,2500,7.528257,4998
QuickSort,det_first,reverse,5000,146,169548012378,12509998,2500,6.979493,4998
QuickSort,det_first,reverse,5000,147,169548012379,12509998,2500,7.301834,4998
QuickSort,det_first,reverse,5000,148,169548012380,12509998,2500,7.561053,4998
QuickSort,det_first,reverse,5000,149,169548012381,12509998,2500,6.986983,4998
QuickSort,det_first,reverse,5000,150,169548012382,12509998,2500,6.241935,4998
QuickSort,det_first,reverse,5000,151,169548012383,12509998,2500,7.661284,4998
QuickSort,det_first,reverse,5000,152,169548012384,12509998,2500,6.661290,4998
QuickSort,det_first,reverse,5000,153,169548012385,12509998,2500,6.749232,4998
QuickSort,det_first,reverse,5000,154,169548012386,12509998,2500,6.606467,4998
QuickSort,det_first,reverse,5000,155,169548012387,12509998,2500,6.604189,4998
QuickSort,det_first,reverse,5000,156,169548012388,12509998,2500,8.765780,4998
QuickSort,det_first,reverse,5000,157,169548012389,12509998,2500,6.649550,4998
QuickSort,det_first,reverse,5000,158,169548012390,12509998,2500,7.370820,4998
QuickSort,det_first,reverse,5000,159,169548012391,12509998,2500,6.598067,4998
QuickSort,det_first,reverse,5000,160,169548012392,12509998,2500,7.428942,4998
QuickSort,det_first,reverse,5000,161,169548012393,12509998,2500,6.548861,4998
QuickSort,det_first,reverse,5000,162,169548012394,12509998,2500,7.514679,4998
QuickSort,det_first,reverse,5000,163,169548012395,12509998,2500,6.617115,4998
QuickSort,det_first,reverse,5000,164,169548012396,12509998,2500,6.279359,4998
QuickSort,det_first,reverse,5000,165,169548012397,12509998,2500,6.968747,4998
QuickSort,det_first,reverse,5000,166,169548012398,12509998,2500,6.415810,4998
QuickSort,det_first,reverse,5000,167,169548012399,12509998,2500,6.690884,4998
QuickSort,det_first,reverse,5000,168,169548012400,12509998,2500,6.183400,4998
QuickSort,det_first,reverse,5000,169,169548012401,12509998,2500,7.406466,4998
QuickSort,det_first,reverse,5000,170,169548012402,12509998,2500,6.733835,4998
QuickSort,det_first,reverse,5000,171,169548012403,12509998,2500,6.986409,4998
QuickSort,det_first,reverse,5000,172,169548012404,12509998,2500,6.217531,4998
QuickSort,det_first,reverse,5000,173,169548012405,12509998,2500,6.712150,4998
QuickSort,det_first,reverse,5000,174,169548012406,12509998,2500,7.040100,4998
QuickSort,det_first,reverse,5000,175,169548012407,12509998,2500,6.208981,4998
QuickSort,det_first,reverse,5000,176,169548012408,12509998,2500,6.181492,4998
QuickSort,det_first,reverse,5000,177,169548012409,12509998,2500,6.132608,4998
QuickSort,det_first,reverse,5000,178,169548012410,12509998,2500,6.195684,4998
QuickSort,det_first,reverse,5000,179,169548012411,12509998,2500,6.405436,4998
QuickSort,det_first,reverse,5000,180,169548012412,12509998,2500,7.209930,4998
QuickSort,det_first,reverse,5000,181,169548012413,12509998,2500,7.699469,4998
QuickSort,det_first,reverse,5000,182,169548012414,12509998,2500,7.750602,4998
QuickSort,det_first,reverse,5000,183,169548012415,12509998,2500,7.079118,4998
QuickSort,det_first,reverse,5000,184,169548012416,12509998,2500,6.476968,4998
QuickSort,det_first,reverse,5000,185,169548012417,12509998,2500,7.089997,4998
QuickSort,det_first,reverse,5000,186,169548012418,12509998,2500,6.470294,4998
QuickSort,det_first,reverse,5000,187,169548012419,12509998,2500,7.262745,4998
QuickSort,det_first,reverse,5000,188,169548012420,12509998,2500,6.046245,4998
QuickSort,det_first,reverse,5000,189,169548012421,12509998,2500,6.157479,4998
QuickSort,det_first,reverse,5000,190,169548012422,12509998,2500,6.151587,4998
QuickSort,det_first,reverse,5000,191,169548012423,12509998,2500,6.909527,4998
QuickSort,det_first,reverse,5000,192,169548012424,12509998,2500,6.315927,4998
QuickSort,det_first,reverse,5000,193,169548012425,12509998,2500,6.032206,4998
QuickSort,det_first,reverse,5000,194,169548012426,12509998,2500,6.015837,4998
QuickSort,det_first,reverse,5000,195,169548012427,12509998,2500,7.257228,4998
QuickSort,det_first,reverse,5000,196,169548012428,12509998,2500,6.921932,4998
QuickSort,det_first,reverse,5000,197,169548012429,12509998,2500,6.566408,4998
QuickSort,det_first,reverse,5000,198,169548012430,12509998,2500,6.066004,4998
QuickSort,det_first,reverse,5000,199,169548012431,12509998,2500,6.202514,4998
QuickSort,det_first,reverse,50000,0,225863667271,1250099998,25000,732.825939,49998
QuickSort,det_first,reverse,50000,1,225863667272,1250099998,25000,682.617094,49998
QuickSort,det_first,reverse,50000,2,225863667273,1250099998,25000,684.223003,49998
QuickSort,det_first,reverse,50000,3,225863667274,1250099998,25000,660.295460,49998
QuickSort,det_first,reverse,50000,4,225863667275,1250099998,25000,642.200924,49998
QuickSort,det_first,reverse,50000,5,225863667276,1250099998,25000,649.314655,49998
QuickSort,det_first,reverse,50000,6,225863667277,1250099998,25000,652.291788,49998
QuickSort,det_first,reverse,50000,7,225863667278,1250099998,25000,652.577595,49998
QuickSort,det_first,reverse,50000,8,225863667279,1250099998,25000,675.661828,49998
QuickSort,det_first,reverse,50000,9,225863667280,1250099998,25000,649.661250,49998
QuickSort,det_first,reverse,50000,10,225863667281,1250099998,25000,655.269171,49998
QuickSort,det_first,reverse,50000,11,225863667282,1250099998,25000,655.235304,49998
QuickSort,det_first,reverse,50000,12,225863667283,1250099998,25000,636.568930,49998
QuickSort,det_first,reverse,50000,13,225863667284,1250099998,25000,642.857000,49998
QuickSort,det_first,reverse,50000,14,225863667285,1250099998,25000,645.972067,49998
QuickSort,det_first,reverse,50000,15,225863667286,1250099998,25000,642.166827,49998
QuickSort,det_first,reverse,50000,16,225863667287,1250099998,25000,659.306462,49998
QuickSort,det_first,reverse,50000,17,225863667288,1250099998,25000,649.034662,49998
QuickSort,det_first,reverse,50000,18,225863667289,1250099998,25000,653.556618,49998
QuickSort,det_first,reverse,50000,19,225863667290,1250099998,25000,645.745728,49998
QuickSort,det_first,reverse,50000,20,225863667291,1250099998,25000,652.192595,49998
QuickSort,det_first,reverse,50000,21,225863667292,1250099998,25000,648.361565,49998
QuickSort,det_first,reverse,50000,22,225863667293,1250099998,25000,646.014693,49998
QuickSort,det_first,reverse,50000,23,225863667294,1250099998,25000,644.676345,49998
QuickSort,det_first,reverse,50000,24,225863667295,1250099998,25000,638.500069,49998
QuickSort,det_first,reverse,50000,25,225863667296,1250099998,25000,663.140759,49998
QuickSort,det_first,reverse,50000,26,225863667297,1250099998,25000,638.866813,49998
QuickSort,det_first,reverse,50000,27,225863667298,1250099998,25000,648.035233,49998
QuickSort,det_first,reverse,50000,28,225863667299,1250099998,25000,651.158297,49998
QuickSort,det_first,reverse,50000,29,225863667300,1250099998,25000,669.435312,49998
QuickSort,det_first,sorted,1000,0,165383534902,501498,0,0.307220,998
QuickSort,det_first,sorted,1000,1,165383534903,501498,0,0.293612,998
QuickSort,det_first,sorted,1000,2,165383534904,501498,0,0.407788,998
QuickSort,det_first,sorted,1000,3,165383534905,501498,0,0.395268,998
QuickSort,det_first,sorted,1000,4,165383534906,501498,0,0.331124,998
QuickSort,det_first,sorted,1000,5,165383534907,501498,0,0.282149,998
QuickSort,det_first,sorted,1000,6,165383534908,501498,0,0.301735,998
QuickSort,det_first,sorted,1000,7,165383534909,501498,0,0.293311,998
QuickSort,det_first,sorted,1000,8,165383534910,501498,0,0.282129,998
QuickSort,det_first,sorted,1000,9,165383534911,501498,0,0.281957,998
QuickSort,det_first,sorted,1000,10,165383534912,501498,0,0.281957,998
QuickSort,det_first,sorted,1000,11,165383534913,501498,0,0.308921,998
QuickSort,det_first,sorted,1000,12,165383534914,501498,0,0.282068,998
QuickSort,det_first,sorted,1000,13,165383534915,501498,0,0.311558,998
QuickSort,det_first,sorted,1000,14,165383534916,501498,0,0.292837,998
QuickSort,det_first,sorted,1000,15,165383534917,501498,0,0.282098,998
QuickSort,det_first,sorted,1000,16,165383534918,501498,0,0.339609,998
QuickSort,det_first,sorted,1000,17,165383534919,501498,0,0.312272,998
QuickSort,det_first,sorted,1000,18,165383534920,501498,0,0.294750,998
QuickSort,det_first,sorted,1000,19,165383534921,501498,0,0.334606,998
QuickSort,det_first,sorted,1000,20,165383534922,501498,0,0.416465,998
QuickSort,det_first,sorted,1000,21,165383534923,501498,0,0.331597,998
QuickSort,det_first,sorted,1000,22,165383534924,501498,0,0.282370,998
QuickSort,det_first,sorted,1000,23,165383534925,501498,0,0.282018,998
QuickSort,det_first,sorted,1000,24,165383534926,501498,0,0.282017,998
QuickSort,det_first,sorted,1000,25,165383534927,501498,0,0.309887,998
QuickSort,det_first,sorted,1000,26,165383534928,501498,0,0.282118,998
QuickSort,det_first,sorted,1000,27,165383534929,501498,0,0.303949,998
QuickSort,det_first,sorted,1000,28,165383534930,501498,0,0.332060,998
QuickSort,det_first,sorted,1000,29,165383534931,501498,0,0.282118,998
QuickSort,det_first,sorted,1000,30,165383534932,501498,0,0.281967,998
QuickSort,det_first,sorted,1000,31,165383534933,501498,0,0.281957,998
QuickSort,det_first,sorted,1000,32,165383534934,501498,0,0.296642,998
QuickSort,det_first,sorted,1000,33,165383534935,501498,0,0.342709,998
QuickSort,det_first,sorted,1000,34,165383534936,501498,0,0.325931,998
QuickSort,det_first,sorted,1000,35,165383534937,501498,0,0.357252,998
QuickSort,det_first,sorted,1000,36,165383534938,501498,0,0.282229,998
QuickSort,det_first,sorted,1000,37,165383534939,501498,0,0.281988,998
QuickSort,det_first,sorted,1000,38,165383534940,501498,0,0.299068,998
QuickSort,det_first,sorted,1000,39,165383534941,501498,0,0.307442,998
QuickSort,det_first,sorted,1000,40,165383534942,501498,0,0.282098,998
QuickSort,det_first,sorted,1000,41,165383534943,501498,0,0.281927,998
QuickSort,det_first,sorted,1000,42,165383534944,501498,0,0.319881,998
QuickSort,det_first,sorted,1000,43,165383534945,501498,0,0.285258,998
QuickSort,det_first,sorted,1000,44,165383534946,501498,0,0.282028,998
QuickSort,det_first,sorted,1000,45,165383534947,501498,0,0.294196,998
QuickSort,det_first,sorted,1000,46,165383534948,501498,0,0.282068,998
QuickSort,det_first,sorted,1000,47,165383534949,501498,0,0.281947,998
QuickSort,det_first,sorted,1000,48,165383534950,501498,0,0.281987,998
QuickSort,det_first,sorted,1000,49,165383534951,501498,0,0.281927,998
QuickSort,det_first,sorted,1000,50,165383534952,501498,0,0.281938,998
QuickSort,det_first,sorted,1000,51,165383534953,501498,0,0.281937,998
QuickSort,det_first,sorted,1000,52,165383534954,501498,0,0.316006,998
QuickSort,det_first,sorted,1000,53,165383534955,501498,0,0.448792,998
QuickSort,det_first,sorted,1000,54,165383534956,501498,0,0.282320,998
QuickSort,det_first,sorted,1000,55,165383534957,501498,0,0.371203,998
QuickSort,det_first,sorted,1000,56,165383534958,501498,0,0.358390,998
QuickSort,det_first,sorted,1000,57,165383534959,501498,0,0.363392,998
QuickSort,det_first,sorted,1000,58,165383534960,501498,0,0.364006,998
QuickSort,det_first,sorted,1000,59,165383534961,501498,0,0.337727,998
QuickSort,det_first,sorted,1000,60,165383534962,501498,0,0.403380,998
QuickSort,det_first,sorted,1000,61,165383534963,501498,0,0.282239,998
QuickSort,det_first,sorted,1000,62,165383534964,501498,0,0.295686,998
QuickSort,det_first,sorted,1000,63,165383534965,501498,0,0.282068,998
QuickSort,det_first,sorted,1000,64,165383534966,501498,0,0.281937,998
QuickSort,det_first,sorted,1000,65,165383534967,501498,0,0.281927,998
QuickSort,det_first,sorted,1000,66,165383534968,501498,0,0.461142,998
QuickSort,det_first,sorted,1000,67,165383534969,501498,0,0.322568,998
QuickSort,det_first,sorted,1000,68,165383534970,501498,0,0.282894,998
QuickSort,det_first,sorted,1000,69,165383534971,501498,0,0.345325,998
QuickSort,det_first,sorted,1000,70,165383534972,501498,0,0.283356,998
QuickSort,det_first,sorted,1000,71,165383534973,501498,0,0.282662,998
QuickSort,det_first,sorted,1000,72,165383534974,501498,0,0.282229,998
QuickSort,det_first,sorted,1000,73,165383534975,501498,0,0.282017,998
QuickSort,det_first,sorted,1000,74,165383534976,501498,0,0.281998,998
QuickSort,det_first,sorted,1000,75,165383534977,501498,0,0.297960,998
QuickSort,det_first,sorted,1000,76,165383534978,501498,0,0.282129,998
QuickSort,det_first,sorted,1000,77,165383534979,501498,0,0.322237,998
QuickSort,det_first,sorted,1000,78,165383534980,501498,0,0.361590,998
QuickSort,det_first,sorted,1000,79,165383534981,501498,0,0.354132,998
QuickSort,det_first,sorted,1000,80,165383534982,501498,0,0.282098,998
QuickSort,det_first,sorted,1000,81,165383534983,501498,0,0.282008,998
QuickSort,det_first,sorted,1000,82,165383534984,501498,0,0.299500,998
QuickSort,det_first,sorted,1000,83,165383534985,501498,0,0.289879,998
QuickSort,det_first,sorted,1000,84,165383534986,501498,0,0.398901,998
QuickSort,det_first,sorted,1000,85,165383534987,501498,0,0.282098,998
QuickSort,det_first,sorted,1000,86,165383534988,501498,0,0.282017,998
QuickSort,det_first,sorted,1000,87,165383534989,501498,0,0.281938,998
QuickSort,det_first,sorted,1000,88,165383534990,501498,0,0.293632,998
QuickSort,det_first,sorted,1000,89,165383534991,501498,0,0.282078,998
QuickSort,det_first,sorted,1000,90,165383534992,501498,0,0.281977,998
QuickSort,det_first,sorted,1000,91,165383534993,501498,0,0.281957,998
QuickSort,det_first,sorted,1000,92,165383534994,501498,0,0.281937,998
QuickSort,det_first,sorted,1000,93,165383534995,501498,0,0.281947,998
QuickSort,det_first,sorted,1000,94,165383534996,501498,0,0.281967,998
QuickSort,det_first,sorted,1000,95,165383534997,501498,0,0.316178,998
QuickSort,det_first,sorted,1000,96,165383534998,501498,0,0.282098,998
QuickSort,det_first,sorted,1000,97,165383534999,501498,0,0.281947,998
QuickSort,det_first,sorted,1000,98,165383535000,501498,0,0.281937,998
QuickSort,det_first,sorted,1000,99,165383535001,501498,0,0.293422,998
QuickSort,det_first,sorted,1000,100,165383535002,501498,0,0.347178,998
QuickSort,det_first,sorted,1000,101,165383535003,501498,0,0.323022,998
QuickSort,det_first,sorted,1000,102,165383535004,501498,0,0.372854,998
QuickSort,det_first,sorted,1000,103,165383535005,501498,0,0.328890,998
QuickSort,det_first,sorted,1000,104,165383535006,501498,0,0.338874,998
QuickSort,det_first,sorted,1000,105,165383535007,501498,0,0.302288,998
QuickSort,det_first,sorted,1000,106,165383535008,501498,0,0.321059,998
QuickSort,det_first,sorted,1000,107,165383535009,501498,0,0.295585,998
QuickSort,det_first,sorted,1000,108,165383535010,501498,0,0.336247,998
QuickSort,det_first,sorted,1000,109,165383535011,501498,0,0.282078,998
QuickSort,det_first,sorted,1000,110,165383535012,501498,0,0.281988,998
QuickSort,det_first,sorted,1000,111,165383535013,501498,0,0.281957,998
QuickSort,det_first,sorted,1000,112,165383535014,501498,0,0.281937,998
QuickSort,det_first,sorted,1000,113,165383535015,501498,0,0.282168,998
QuickSort,det_first,sorted,1000,114,165383535016,501498,0,0.306194,998
QuickSort,det_first,sorted,1000,115,165383535017,501498,0,0.293734,998
QuickSort,det_first,sorted,1000,116,165383535018,501498,0,0.318725,998
QuickSort,det_first,sorted,1000,117,165383535019,501498,0,0.284111,998
QuickSort,det_first,sorted,1000,118,165383535020,501498,0,0.282752,998
QuickSort,det_first,sorted,1000,119,165383535021,501498,0,0.309212,998
QuickSort,det_first,sorted,1000,120,165383535022,501498,0,0.322387,998
QuickSort,det_first,sorted,1000,121,165383535023,501498,0,0.349191,998
QuickSort,det_first,sorted,1000,122,165383535024,501498,0,0.301030,998
QuickSort,det_first,sorted,1000,123,165383535025,501498,0,0.282068,998
QuickSort,det_first,sorted,1000,124,165383535026,501498,0,0.281937,998
QuickSort,det_first,sorted,1000,125,165383535027,501498,0,0.281937,998
QuickSort,det_first,sorted,1000,126,165383535028,501498,0,0.282108,998
QuickSort,det_first,sorted,1000,127,165383535029,501498,0,0.281927,998
QuickSort,det_first,sorted,1000,128,165383535030,501498,0,0.295042,998
QuickSort,det_first,sorted,1000,129,165383535031,501498,0,0.282360,998
QuickSort,det_first,sorted,1000,130,165383535032,501498,0,0.281937,998
QuickSort,det_first,sorted,1000,131,165383535033,501498,0,0.281917,998
QuickSort,det_first,sorted,1000,132,165383535034,501498,0,0.281937,998
QuickSort,det_first,sorted,1000,133,165383535035,501498,0,0.281938,998
QuickSort,det_first,sorted,1000,134,165383535036,501498,0,0.282078,998
QuickSort,det_first,sorted,1000,135,165383535037,501498,0,0.291942,998
QuickSort,det_first,sorted,1000,136,165383535038,501498,0,0.282078,998
QuickSort,det_first,sorted,1000,137,165383535039,501498,0,0.282098,998
QuickSort,det_first,sorted,1000,138,165383535040,501498,0,0.281927,998
QuickSort,det_first,sorted,1000,139,165383535041,501498,0,0.281927,998
QuickSort,det_first,sorted,1000,140,165383535042,501498,0,0.281927,998
QuickSort,det_first,sorted,1000,141,165383535043,501498,0,0.281937,998
QuickSort,det_first,sorted,1000,142,165383535044,501498,0,0.292132,998
QuickSort,det_first,sorted,1000,143,165383535045,501498,0,0.282098,998
QuickSort,det_first,sorted,1000,144,165383535046,501498,0,0.311387,998
QuickSort,det_first,sorted,1000,145,165383535047,501498,0,0.296723,998
QuickSort,det_first,sorted,1000,146,165383535048,501498,0,0.282098,998
QuickSort,det_first,sorted,1000,147,165383535049,501498,0,0.480185,998
QuickSort,det_first,sorted,1000,148,165383535050,501498,0,0.647795,998
QuickSort,det_first,sorted,1000,149,165383535051,501498,0,0.556999,998
QuickSort,det_first,sorted,1000,150,165383535052,501498,0,0.461193,998
QuickSort,det_first,sorted,1000,151,165383535053,501498,0,0.489414,998
QuickSort,det_first,sorted,1000,152,165383535054,501498,0,0.439533,998
QuickSort,det_first,sorted,1000,153,165383535055,501498,0,0.283577,998
QuickSort,det_first,sorted,1000,154,165383535056,501498,0,0.282671,998
QuickSort,det_first,sorted,1000,155,165383535057,501498,0,0.282209,998
QuickSort,det_first,sorted,1000,156,165383535058,501498,0,0.281997,998
QuickSort,det_first,sorted,1000,157,165383535059,501498,0,0.281947,998
QuickSort,det_first,sorted,1000,158,165383535060,501498,0,0.298594,998
QuickSort,det_first,sorted,1000,159,165383535061,501498,0,0.282118,998
QuickSort,det_first,sorted,1000,160,165383535062,501498,0,0.281997,998
QuickSort,det_first,sorted,1000,161,165383535063,501498,0,0.281967,998
QuickSort,det_first,sorted,1000,162,165383535064,501498,0,0.281987,998
QuickSort,det_first,sorted,1000,163,165383535065,501498,0,0.293532,998
QuickSort,det_first,sorted,1000,164,165383535066,501498,0,0.306062,998
QuickSort,det_first,sorted,1000,165,165383535067,501498,0,0.302580,998
QuickSort,det_first,sorted,1000,166,165383535068,501498,0,0.282098,998
QuickSort,det_first,sorted,1000,167,165383535069,501498,0,0.289969,998
QuickSort,det_first,sorted,1000,168,165383535070,501498,0,0.282088,998
QuickSort,det_first,sorted,1000,169,165383535071,501498,0,0.282229,998
QuickSort,det_first,sorted,1000,170,165383535072,501498,0,0.282139,998
QuickSort,det_first,sorted,1000,171,165383535073,501498,0,0.281968,998
QuickSort,det_first,sorted,1000,172,165383535074,501498,0,0.291629,998
QuickSort,det_first,sorted,1000,173,165383535075,501498,0,0.282098,998
QuickSort,det_first,sorted,1000,174,165383535076,501498,0,0.281947,998
QuickSort,det_first,sorted,1000,175,165383535077,501498,0,0.281947,998
QuickSort,det_first,sorted,1000,176,165383535078,501498,0,0.281968,998
QuickSort,det_first,sorted,1000,177,165383535079,501498,0,0.337938,998
QuickSort,det_first,sorted,1000,178,165383535080,501498,0,0.282108,998
QuickSort,det_first,sorted,1000,179,165383535081,501498,0,0.291710,998
QuickSort,det_first,sorted,1000,180,165383535082,501498,0,0.282279,998
QuickSort,det_first,sorted,1000,181,165383535083,501498,0,0.282007,998
QuickSort,det_first,sorted,1000,182,165383535084,501498,0,0.281947,998
QuickSort,det_first,sorted,1000,183,165383535085,501498,0,0.281967,998
QuickSort,det_first,sorted,1000,184,165383535086,501498,0,0.281967,998
QuickSort,det_first,sorted,1000,185,165383535087,501498,0,0.281967,998
QuickSort,det_first,sorted,1000,186,165383535088,501498,0,0.292254,998
QuickSort,det_first,sorted,1000,187,165383535089,501498,0,0.282129,998
QuickSort,det_first,sorted,1000,188,165383535090,501498,0,0.300376,998
QuickSort,det_first,sorted,1000,189,165383535091,501498,0,0.282088,998
QuickSort,det_first,sorted,1000,190,165383535092,501498,0,0.295232,998
QuickSort,det_first,sorted,1000,191,165383535093,501498,0,0.282108,998
QuickSort,det_first,sorted,1000,192,165383535094,501498,0,0.307944,998
QuickSort,det_first,sorted,1000,193,165383535095,501498,0,0.282309,998
QuickSort,det_first,sorted,1000,194,165383535096,501498,0,0.281998,998
QuickSort,det_first,sorted,1000,195,165383535097,501498,0,0.281957,998
QuickSort,det_first,sorted,1000,196,165383535098,501498,0,0.281967,998
QuickSort,det_first,sorted,1000,197,165383535099,501498,0,0.281968,998
QuickSort,det_first,sorted,1000,198,165383535100,501498,0,0.331969,998
QuickSort,det_first,sorted,1000,199,165383535101,501498,0,0.301684,998
QuickSort,det_first,sorted,10000,0,173656030407,50014998,0,33.177990,9998
QuickSort,det_first,sorted,10000,1,173656030408,50014998,0,30.156763,9998
QuickSort,det_first,sorted,10000,2,173656030409,50014998,0,29.180973,9998
QuickSort,det_first,sorted,10000,3,173656030410,50014998,0,37.212401,9998
QuickSort,det_first,sorted,10000,4,173656030411,50014998,0,29.455797,9998
QuickSort,det_first,sorted,10000,5,173656030412,50014998,0,29.604418,9998
QuickSort,det_first,sorted,10000,6,173656030413,50014998,0,30.758316,9998
QuickSort,det_first,sorted,10000,7,173656030414,50014998,0,28.734177,9998
QuickSort,det_first,sorted,10000,8,173656030415,50014998,0,30.899995,9998
QuickSort,det_first,sorted,10000,9,173656030416,50014998,0,30.929378,9998
QuickSort,det_first,sorted,10000,10,173656030417,50014998,0,33.957336,9998
QuickSort,det_first,sorted,10000,11,173656030418,50014998,0,29.311771,9998
QuickSort,det_first,sorted,10000,12,173656030419,50014998,0,33.890201,9998
QuickSort,det_first,sorted,10000,13,173656030420,50014998,0,28.963877,9998
QuickSort,det_first,sorted,10000,14,173656030421,50014998,0,30.290304,9998
QuickSort,det_first,sorted,10000,15,173656030422,50014998,0,29.002460,9998
QuickSort,det_first,sorted,10000,16,173656030423,50014998,0,29.424159,9998
QuickSort,det_first,sorted,10000,17,173656030424,50014998,0,28.018933,9998
QuickSort,det_first,sorted,10000,18,173656030425,50014998,0,28.683483,9998
QuickSort,det_first,sorted,10000,19,173656030426,50014998,0,31.041878,9998
QuickSort,det_first,sorted,10000,20,173656030427,50014998,0,37.471033,9998
QuickSort,det_first,sorted,10000,21,173656030428,50014998,0,30.662470,9998
QuickSort,det_first,sorted,10000,22,173656030429,50014998,0,29.309094,9998
QuickSort,det_first,sorted,10000,23,173656030430,50014998,0,31.401456,9998
QuickSort,det_first,sorted,10000,24,173656030431,50014998,0,29.426180,9998
QuickSort,det_first,sorted,10000,25,173656030432,50014998,0,30.505321,9998
QuickSort,det_first,sorted,10000,26,173656030433,50014998,0,32.155045,9998
QuickSort,det_first,sorted,10000,27,173656030434,50014998,0,30.028786,9998
QuickSort,det_first,sorted,10000,28,173656030435,50014998,0,31.185708,9998
QuickSort,det_first,sorted,10000,29,173656030436,50014998,0,28.709208,9998
QuickSort,det_first,sorted,10000,30,173656030437,50014998,0,29.292297,9998
QuickSort,det_first,sorted,10000,31,173656030438,50014998,0,33.526845,9998
QuickSort,det_first,sorted,10000,32,173656030439,50014998,0,30.896287,9998
QuickSort,det_first,sorted,10000,33,173656030440,50014998,0,29.991608,9998
QuickSort,det_first,sorted,10000,34,173656030441,50014998,0,30.495838,9998
QuickSort,det_first,sorted,10000,35,173656030442,50014998,0,29.073241,9998
QuickSort,det_first,sorted,10000,36,173656030443,50014998,0,29.093917,9998
QuickSort,det_first,sorted,10000,37,173656030444,50014998,0,29.303478,9998
QuickSort,det_first,sorted,10000,38,173656030445,50014998,0,33.340440,9998
QuickSort,det_first,sorted,10000,39,173656030446,50014998,0,30.092885,9998
QuickSort,det_first,sorted,10000,40,173656030447,50014998,0,31.024202,9998
QuickSort,det_first,sorted,10000,41,173656030448,50014998,0,31.116912,9998
QuickSort,det_first,sorted,10000,42,173656030449,50014998,0,33.979638,9998
QuickSort,det_first,sorted,10000,43,173656030450,50014998,0,29.757325,9998
QuickSort,det_first,sorted,10000,44,173656030451,50014998,0,31.595372,9998
QuickSort,det_first,sorted,10000,45,173656030452,50014998,0,35.290924,9998
QuickSort,det_first,sorted,10000,46,173656030453,50014998,0,31.022619,9998
QuickSort,det_first,sorted,10000,47,173656030454,50014998,0,29.269420,9998
QuickSort,det_first,sorted,10000,48,173656030455,50014998,0,30.795983,9998
QuickSort,det_first,sorted,10000,49,173656030456,50014998,0,30.636333,9998
QuickSort,det_first,sorted,10000,50,173656030457,50014998,0,31.369794,9998
QuickSort,det_first,sorted,10000,51,173656030458,50014998,0,31.436024,9998
QuickSort,det_first,sorted,10000,52,173656030459,50014998,0,32.855914,9998
QuickSort,det_first,sorted,10000,53,173656030460,50014998,0,28.395358,9998
QuickSort,det_first,sorted,10000,54,173656030461,50014998,0,29.630893,9998
QuickSort,det_first,sorted,10000,55,173656030462,50014998,0,31.005448,9998
QuickSort,det_first,sorted,10000,56,173656030463,50014998,0,33.204890,9998
QuickSort,det_first,sorted,10000,57,173656030464,50014998,0,37.609250,9998
QuickSort,det_first,sorted,10000,58,173656030465,50014998,0,58.055518,9998
QuickSort,det_first,sorted,10000,59,173656030466,50014998,0,39.264942,9998
QuickSort,det_first,sorted,10000,60,173656030467,50014998,0,36.957347,9998
QuickSort,det_first,sorted,10000,61,173656030468,50014998,0,30.244566,9998
QuickSort,det_first,sorted,10000,62,173656030469,50014998,0,49.852199,9998
QuickSort,det_first,sorted,10000,63,173656030470,50014998,0,33.379126,9998
QuickSort,det_first,sorted,10000,64,173656030471,50014998,0,28.305117,9998
QuickSort,det_first,sorted,10000,65,173656030472,50014998,0,28.663582,9998
QuickSort,det_first,sorted,10000,66,173656030473,50014998,0,28.653017,9998
QuickSort,det_first,sorted,10000,67,173656030474,50014998,0,28.511496,9998
QuickSort,det_first,sorted,10000,68,173656030475,50014998,0,27.787328,9998
QuickSort,det_first,sorted,10000,69,173656030476,50014998,0,28.439444,9998
QuickSort,det_first,sorted,10000,70,173656030477,50014998,0,27.954794,9998
QuickSort,det_first,sorted,10000,71,173656030478,50014998,0,28.672272,9998
QuickSort,det_first,sorted,10000,72,173656030479,50014998,0,28.742248,9998
QuickSort,det_first,sorted,10000,73,173656030480,50014998,0,27.702949,9998
QuickSort,det_first,sorted,10000,74,173656030481,50014998,0,32.523344,9998
QuickSort,det_first,sorted,10000,75,173656030482,50014998,0,30.932888,9998
QuickSort,det_first,sorted,10000,76,173656030483,50014998,0,27.185217,9998
QuickSort,det_first,sorted,10000,77,173656030484,50014998,0,29.447354,9998
QuickSort,det_first,sorted,10000,78,173656030485,50014998,0,28.154417,9998
QuickSort,det_first,sorted,10000,79,173656030486,50014998,0,27.283544,9998
QuickSort,det_first,sorted,10000,80,173656030487,50014998,0,27.267878,9998
QuickSort,det_first,sorted,10000,81,173656030488,50014998,0,28.062627,9998
QuickSort,det_first,sorted,10000,82,173656030489,50014998,0,28.901743,9998
QuickSort,det_first,sorted,10000,83,173656030490,50014998,0,29.131927,9998
QuickSort,det_first,sorted,10000,84,173656030491,50014998,0,30.219991,9998
QuickSort,det_first,sorted,10000,85,173656030492,50014998,0,29.115128,9998
QuickSort,det_first,sorted,10000,86,173656030493,50014998,0,31.403525,9998
QuickSort,det_first,sorted,10000,87,173656030494,50014998,0,30.027299,9998
QuickSort,det_first,sorted,10000,88,173656030495,50014998,0,27.954487,9998
QuickSort,det_first,sorted,10000,89,173656030496,50014998,0,31.057686,9998
QuickSort,det_first,sorted,10000,90,173656030497,50014998,0,33.034911,9998
QuickSort,det_first,sorted,10000,91,173656030498,50014998,0,28.931800,9998
QuickSort,det_first,sorted,10000,92,173656030499,50014998,0,29.420868,9998
QuickSort,det_first,sorted,10000,93,173656030500,50014998,0,28.681831,9998
QuickSort,det_first,sorted,10000,94,173656030501,50014998,0,29.501306,9998
QuickSort,det_first,sorted,10000,95,173656030502,50014998,0,32.302928,9998
QuickSort,det_first,sorted,10000,96,173656030503,50014998,0,29.502848,9998
QuickSort,det_first,sorted,10000,97,173656030504,50014998,0,27.885987,9998
QuickSort,det_first,sorted,10000,98,173656030505,50014998,0,27.778552,9998
QuickSort,det_first,sorted,10000,99,173656030506,50014998,0,28.833458,9998
QuickSort,det_first,sorted,5000,0,166514669718,12507498,0,8.389210,4998
QuickSort,det_first,sorted,5000,1,166514669719,12507498,0,9.663957,4998
QuickSort,det_first,sorted,5000,2,166514669720,12507498,0,8.587964,4998
QuickSort,det_first,sorted,5000,3,166514669721,12507498,0,7.069809,4998
QuickSort,det_first,sorted,5000,4,166514669722,12507498,0,7.594148,4998
QuickSort,det_first,sorted,5000,5,166514669723,12507498,0,7.065919,4998
QuickSort,det_first,sorted,5000,6,166514669724,12507498,0,7.212778,4998
QuickSort,det_first,sorted,5000,7,166514669725,12507498,0,8.273420,4998
QuickSort,det_first,sorted,5000,8,166514669726,12507498,0,7.421173,4998
QuickSort,det_first,sorted,5000,9,166514669727,12507498,0,7.572143,4998
QuickSort,det_first,sorted,5000,10,166514669728,12507498,0,9.069327,4998
QuickSort,det_first,sorted,5000,11,166514669729,12507498,0,7.642675,4998
QuickSort,det_first,sorted,5000,12,166514669730,12507498,0,7.473715,4998
QuickSort,det_first,sorted,5000,13,166514669731,12507498,0,7.087491,4998
QuickSort,det_first,sorted,5000,14,166514669732,12507498,0,7.622782,4998
QuickSort,det_first,sorted,5000,15,166514669733,12507498,0,8.513972,4998
QuickSort,det_first,sorted,5000,16,166514669734,12507498,0,7.959019,4998
QuickSort,det_first,sorted,5000,17,166514669735,12507498,0,10.094401,4998
QuickSort,det_first,sorted,5000,18,166514669736,12507498,0,8.126899,4998
QuickSort,det_first,sorted,5000,19,166514669737,12507498,0,9.104450,4998
QuickSort,det_first,sorted,5000,20,166514669738,12507498,0,9.111930,4998
QuickSort,det_first,sorted,5000,21,166514669739,12507498,0,7.769457,4998
QuickSort,det_first,sorted,5000,22,166514669740,12507498,0,8.443721,4998
QuickSort,det_first,sorted,5000,23,166514669741,12507498,0,7.661773,4998
QuickSort,det_first,sorted,5000,24,166514669742,12507498,0,7.708952,4998
QuickSort,det_first,sorted,5000,25,166514669743,12507498,0,7.231594,4998
QuickSort,det_first,sorted,5000,26,166514669744,12507498,0,7.753117,4998
QuickSort,det_first,sorted,5000,27,166514669745,12507498,0,8.105664,4998
QuickSort,det_first,sorted,5000,28,166514669746,12507498,0,6.895536,4998
QuickSort,det_first,sorted,5000,29,166514669747,12507498,0,7.676859,4998
QuickSort,det_first,sorted,5000,30,166514669748,12507498,0,7.158214,4998
QuickSort,det_first,sorted,5000,31,166514669749,12507498,0,7.267553,4998
QuickSort,det_first,sorted,5000,32,166514669750,12507498,0,7.038548,4998
QuickSort,det_first,sorted,5000,33,166514669751,12507498,0,7.186918,4998
QuickSort,det_first,sorted,5000,34,166514669752,12507498,0,7.045903,4998
QuickSort,det_first,sorted,5000,35,166514669753,12507498,0,7.012654,4998
QuickSort,det_first,sorted,5000,36,166514669754,12507498,0,8.605815,4998
QuickSort,det_first,sorted,5000,37,166514669755,12507498,0,7.596743,4998
QuickSort,det_first,sorted,5000,38,166514669756,12507498,0,7.517753,4998
QuickSort,det_first,sorted,5000,39,166514669757,12507498,0,7.325306,4998
QuickSort,det_first,sorted,5000,40,166514669758,12507498,0,7.784960,4998
QuickSort,det_first,sorted,5000,41,166514669759,12507498,0,7.872175,4998
QuickSort,det_first,sorted,5000,42,166514669760,12507498,0,8.444334,4998
QuickSort,det_first,sorted,5000,43,166514669761,12507498,0,6.908932,4998
QuickSort,det_first,sorted,5000,44,166514669762,12507498,0,7.062398,4998
QuickSort,det_first,sorted,5000,45,166514669763,12507498,0,6.891372,4998
QuickSort,det_first,sorted,5000,46,166514669764,12507498,0,7.014042,4998
QuickSort,det_first,sorted,5000,47,166514669765,12507498,0,7.832289,4998
QuickSort,det_first,sorted,5000,48,166514669766,12507498,0,7.424431,4998
QuickSort,det_first,sorted,5000,49,166514669767,12507498,0,6.945461,4998
QuickSort,det_first,sorted,5000,50,166514669768,12507498,0,8.003592,4998
QuickSort,det_first,sorted,5000,51,166514669769,12507498,0,7.196190,4998
QuickSort,det_first,sorted,5000,52,166514669770,12507498,0,7.246739,4998
QuickSort,det_first,sorted,5000,53,166514669771,12507498,0,7.150691,4998
QuickSort,det_first,sorted,5000,54,166514669772,12507498,0,7.601602,4998
QuickSort,det_first,sorted,5000,55,166514669773,12507498,0,8.157609,4998
QuickSort,det_first,sorted,5000,56,166514669774,12507498,0,8.750756,4998
QuickSort,det_first,sorted,5000,57,166514669775,12507498,0,7.710199,4998
QuickSort,det_first,sorted,5000,58,166514669776,12507498,0,7.822573,4998
QuickSort,det_first,sorted,5000,59,166514669777,12507498,0,9.087270,4998
QuickSort,det_first,sorted,5000,60,166514669778,12507498,0,8.581207,4998
QuickSort,det_first,sorted,5000,61,166514669779,12507498,0,8.412313,4998
QuickSort,det_first,sorted,5000,62,166514669780,12507498,0,9.352168,4998
QuickSort,det_first,sorted,5000,63,166514669781,12507498,0,10.002987,4998
QuickSort,det_first,sorted,5000,64,166514669782,12507498,0,12.344592,4998
QuickSort,det_first,sorted,5000,65,166514669783,12507498,0,9.904617,4998
QuickSort,det_first,sorted,5000,66,166514669784,12507498,0,8.901019,4998
QuickSort,det_first,sorted,5000,67,166514669785,12507498,0,8.079071,4998
QuickSort,det_first,sorted,5000,68,166514669786,12507498,0,9.570379,4998
QuickSort,det_first,sorted,5000,69,166514669787,12507498,0,8.547063,4998
QuickSort,det_first,sorted,5000,70,166514669788,12507498,0,8.196524,4998
QuickSort,det_first,sorted,5000,71,166514669789,12507498,0,7.648247,4998
QuickSort,det_first,sorted,5000,72,166514669790,12507498,0,7.713235,4998
QuickSort,det_first,sorted,5000,73,166514669791,12507498,0,7.538381,4998
QuickSort,det_first,sorted,5000,74,166514669792,12507498,0,7.838959,4998
QuickSort,det_first,sorted,5000,75,166514669793,12507498,0,7.887617,4998
QuickSort,det_first,sorted,5000,76,166514669794,12507498,0,7.288684,4998
QuickSort,det_first,sorted,5000,77,166514669795,12507498,0,7.346584,4998
QuickSort,det_first,sorted,5000,78,166514669796,12507498,0,7.982312,4998
QuickSort,det_first,sorted,5000,79,166514669797,12507498,0,7.006265,4998
QuickSort,det_first,sorted,5000,80,166514669798,12507498,0,7.215261,4998
QuickSort,det_first,sorted,5000,81,166514669799,12507498,0,7.010537,4998
QuickSort,det_first,sorted,5000,82,166514669800,12507498,0,7.723747,4998
QuickSort,det_first,sorted,5000,83,166514669801,12507498,0,7.717998,4998
QuickSort,det_first,sorted,5000,84,166514669802,12507498,0,7.664600,4998
QuickSort,det_first,sorted,5000,85,166514669803,12507498,0,7.873172,4998
QuickSort,det_first,sorted,5000,86,166514669804,12507498,0,8.171669,4998
QuickSort,det_first,sorted,5000,87,166514669805,12507498,0,7.092621,4998
QuickSort,det_first,sorted,5000,88,166514669806,12507498,0,7.133880,4998
QuickSort,det_first,sorted,5000,89,166514669807,12507498,0,7.614988,4998
QuickSort,det_first,sorted,5000,90,166514669808,12507498,0,7.971572,4998
QuickSort,det_first,sorted,5000,91,166514669809,12507498,0,8.042657,4998
QuickSort,det_first,sorted,5000,92,166514669810,12507498,0,9.105161,4998
QuickSort,det_first,sorted,5000,93,166514669811,12507498,0,9.787966,4998
QuickSort,det_first,sorted,5000,94,166514669812,12507498,0,21.840084,4998
QuickSort,det_first,sorted,5000,95,166514669813,12507498,0,15.881154,4998
QuickSort,det_first,sorted,5000,96,166514669814,12507498,0,17.377176,4998
QuickSort,det_first,sorted,5000,97,166514669815,12507498,0,9.475601,4998
QuickSort,det_first,sorted,5000,98,166514669816,12507498,0,8.132963,4998
QuickSort,det_first,sorted,5000,99,166514669817,12507498,0,7.230045,4998
QuickSort,det_first,sorted,5000,100,166514669818,12507498,0,15.289320,4998
QuickSort,det_first,sorted,5000,101,166514669819,12507498,0,7.273484,4998
QuickSort,det_first,sorted,5000,102,166514669820,12507498,0,7.054781,4998
QuickSort,det_first,sorted,5000,103,166514669821,12507498,0,7.069917,4998
QuickSort,det_first,sorted,5000,104,166514669822,12507498,0,7.158676,4998
QuickSort,det_first,sorted,5000,105,166514669823,12507498,0,8.347748,4998
QuickSort,det_first,sorted,5000,106,166514669824,12507498,0,7.479062,4998
QuickSort,det_first,sorted,5000,107,166514669825,12507498,0,7.075907,4998
QuickSort,det_first,sorted,5000,108,166514669826,12507498,0,6.818538,4998
QuickSort,det_first,sorted,5000,109,166514669827,12507498,0,6.914513,4998
QuickSort,det_first,sorted,5000,110,166514669828,12507498,0,6.868651,4998
QuickSort,det_first,sorted,5000,111,166514669829,12507498,0,6.825965,4998
QuickSort,det_first,sorted,5000,112,166514669830,12507498,0,7.124653,4998
QuickSort,det_first,sorted,5000,113,166514669831,12507498,0,6.908190,4998
QuickSort,det_first,sorted,5000,114,166514669832,12507498,0,7.027785,4998
QuickSort,det_first,sorted,5000,115,166514669833,12507498,0,6.891037,4998
QuickSort,det_first,sorted,5000,116,166514669834,12507498,0,7.016930,4998
QuickSort,det_first,sorted,5000,117,166514669835,12507498,0,6.849425,4998
QuickSort,det_first,sorted,5000,118,166514669836,12507498,0,6.854419,4998
QuickSort,det_first,sorted,5000,119,166514669837,12507498,0,6.868510,4998
QuickSort,det_first,sorted,5000,120,166514669838,12507498,0,6.863918,4998
QuickSort,det_first,sorted,5000,121,166514669839,12507498,0,8.406443,4998
QuickSort,det_first,sorted,5000,122,166514669840,12507498,0,6.817855,4998
QuickSort,det_first,sorted,5000,123,166514669841,12507498,0,6.977259,4998
QuickSort,det_first,sorted,5000,124,166514669842,12507498,0,6.978284,4998
QuickSort,det_first,sorted,5000,125,166514669843,12507498,0,7.154916,4998
QuickSort,det_first,sorted,5000,126,166514669844,12507498,0,6.865947,4998
QuickSort,det_first,sorted,5000,127,166514669845,12507498,0,6.854038,4998
QuickSort,det_first,sorted,5000,128,166514669846,12507498,0,7.109075,4998
QuickSort,det_first,sorted,5000,129,166514669847,12507498,0,6.919960,4998
QuickSort,det_first,sorted,5000,130,166514669848,12507498,0,6.896876,4998
QuickSort,det_first,sorted,5000,131,166514669849,12507498,0,6.854704,4998
QuickSort,det_first,sorted,5000,132,166514669850,12507498,0,8.063945,4998
QuickSort,det_first,sorted,5000,133,166514669851,12507498,0,7.283625,4998
QuickSort,det_first,sorted,5000,134,166514669852,12507498,0,7.700751,4998
QuickSort,det_first,sorted,5000,135,166514669853,12507498,0,7.501486,4998
QuickSort,det_first,sorted,5000,136,166514669854,12507498,0,7.442316,4998
QuickSort,det_first,sorted,5000,137,166514669855,12507498,0,6.978063,4998
QuickSort,det_first,sorted,5000,138,166514669856,12507498,0,8.148090,4998
QuickSort,det_first,sorted,5000,139,166514669857,12507498,0,6.911809,4998
QuickSort,det_first,sorted,5000,140,166514669858,12507498,0,7.297727,4998
QuickSort,det_first,sorted,5000,141,166514669859,12507498,0,6.876481,4998
QuickSort,det_first,sorted,5000,142,166514669860,12507498,0,7.198275,4998
QuickSort,det_first,sorted,5000,143,166514669861,12507498,0,7.818044,4998
QuickSort,det_first,sorted,5000,144,166514669862,12507498,0,6.956193,4998
QuickSort,det_first,sorted,5000,145,166514669863,12507498,0,9.133578,4998
QuickSort,det_first,sorted,5000,146,166514669864,12507498,0,9.575948,4998
QuickSort,det_first,sorted,5000,147,166514669865,12507498,0,7.967629,4998
QuickSort,det_first,sorted,5000,148,166514669866,12507498,0,8.636424,4998
QuickSort,det_first,sorted,5000,149,166514669867,12507498,0,7.969077,4998
QuickSort,det_first,sorted,5000,150,166514669868,12507498,0,7.976654,4998
QuickSort,det_first,sorted,5000,151,166514669869,12507498,0,7.763006,4998
QuickSort,det_first,sorted,5000,152,166514669870,12507498,0,8.366914,4998
QuickSort,det_first,sorted,5000,153,166514669871,12507498,0,7.555629,4998
QuickSort,det_first,sorted,5000,154,166514669872,12507498,0,7.431582,4998
QuickSort,det_first,sorted,5000,155,166514669873,12507498,0,7.005834,4998
QuickSort,det_first,sorted,5000,156,166514669874,12507498,0,7.100612,4998
QuickSort,det_first,sorted,5000,157,166514669875,12507498,0,6.898853,4998
QuickSort,det_first,sorted,5000,158,166514669876,12507498,0,7.325648,4998
QuickSort,det_first,sorted,5000,159,166514669877,12507498,0,7.378615,4998
QuickSort,det_first,sorted,5000,160,166514669878,12507498,0,7.028540,4998
QuickSort,det_first,sorted,5000,161,166514669879,12507498,0,7.021245,4998
QuickSort,det_first,sorted,5000,162,166514669880,12507498,0,7.017402,4998
QuickSort,det_first,sorted,5000,163,166514669881,12507498,0,7.420747,4998
QuickSort,det_first,sorted,5000,164,166514669882,12507498,0,6.899045,4998
QuickSort,det_first,sorted,5000,165,166514669883,12507498,0,7.020437,4998
QuickSort,det_first,sorted,5000,166,166514669884,12507498,0,6.939720,4998
QuickSort,det_first,sorted,5000,167,166514669885,12507498,0,7.402234,4998
QuickSort,det_first,sorted,5000,168,166514669886,12507498,0,8.042244,4998
QuickSort,det_first,sorted,5000,169,166514669887,12507498,0,7.434879,4998
QuickSort,det_first,sorted,5000,170,166514669888,12507498,0,7.259876,4998
QuickSort,det_first,sorted,5000,171,166514669889,12507498,0,7.825281,4998
QuickSort,det_first,sorted,5000,172,166514669890,12507498,0,7.135840,4998
QuickSort,det_first,sorted,5000,173,166514669891,12507498,0,7.759146,4998
QuickSort,det_first,sorted,5000,174,166514669892,12507498,0,7.559850,4998
QuickSort,det_first,sorted,5000,175,166514669893,12507498,0,7.127600,4998
QuickSort,det_first,sorted,5000,176,166514669894,12507498,0,7.008169,4998
QuickSort,det_first,sorted,5000,177,166514669895,12507498,0,7.448588,4998
QuickSort,det_first,sorted,5000,178,166514669896,12507498,0,9.136911,4998
QuickSort,det_first,sorted,5000,179,166514669897,12507498,0,7.699505,4998
QuickSort,det_first,sorted,5000,180,166514669898,12507498,0,6.999340,4998
QuickSort,det_first,sorted,5000,181,166514669899,12507498,0,7.113225,4998
QuickSort,det_first,sorted,5000,182,166514669900,12507498,0,7.814245,4998
QuickSort,det_first,sorted,5000,183,166514669901,12507498,0,7.069722,4998
QuickSort,det_first,sorted,5000,184,166514669902,12507498,0,6.945800,4998
QuickSort,det_first,sorted,5000,185,166514669903,12507498,0,7.054074,4998
QuickSort,det_first,sorted,5000,186,166514669904,12507498,0,7.878455,4998
QuickSort,det_first,sorted,5000,187,166514669905,12507498,0,7.713315,4998
QuickSort,det_first,sorted,5000,188,166514669906,12507498,0,9.748355,4998
QuickSort,det_first,sorted,5000,189,166514669907,12507498,0,8.972091,4998
QuickSort,det_first,sorted,5000,190,166514669908,12507498,0,6.912149,4998
QuickSort,det_first,sorted,5000,191,166514669909,12507498,0,8.123110,4998
QuickSort,det_first,sorted,5000,192,166514669910,12507498,0,7.767650,4998
QuickSort,det_first,sorted,5000,193,166514669911,12507498,0,8.471650,4998
QuickSort,det_first,sorted,5000,194,166514669912,12507498,0,7.897922,4998
QuickSort,det_first,sorted,5000,195,166514669913,12507498,0,8.681067,4998
QuickSort,det_first,sorted,5000,196,166514669914,12507498,0,7.076053,4998
QuickSort,det_first,sorted,5000,197,166514669915,12507498,0,7.811767,4998
QuickSort,det_first,sorted,5000,198,166514669916,12507498,0,7.349085,4998
QuickSort,det_first,sorted,5000,199,166514669917,12507498,0,7.132275,4998
QuickSort,det_first,sorted,50000,0,186247396902,1250074998,0,798.043524,49998
QuickSort,det_first,sorted,50000,1,186247396903,1250074998,0,769.721916,49998
QuickSort,det_first,sorted,50000,2,186247396904,1250074998,0,946.306934,49998
QuickSort,det_first,sorted,50000,3,186247396905,1250074998,0,718.382556,49998
QuickSort,det_first,sorted,50000,4,186247396906,1250074998,0,742.358763,49998
QuickSort,det_first,sorted,50000,5,186247396907,1250074998,0,711.634541,49998
QuickSort,det_first,sorted,50000,6,186247396908,1250074998,0,726.314544,49998
QuickSort,det_first,sorted,50000,7,186247396909,1250074998,0,725.789795,49998
QuickSort,det_first,sorted,50000,8,186247396910,1250074998,0,754.134418,49998
QuickSort,det_first,sorted,50000,9,186247396911,1250074998,0,727.496184,49998
QuickSort,det_first,sorted,50000,10,186247396912,1250074998,0,754.240481,49998
QuickSort,det_first,sorted,50000,11,186247396913,1250074998,0,743.579571,49998
QuickSort,det_first,sorted,50000,12,186247396914,1250074998,0,729.823402,49998
QuickSort,det_first,sorted,50000,13,186247396915,1250074998,0,744.763994,49998
QuickSort,det_first,sorted,50000,14,186247396916,1250074998,0,744.862489,49998
QuickSort,det_first,sorted,50000,15,186247396917,1250074998,0,738.568382,49998
QuickSort,det_first,sorted,50000,16,186247396918,1250074998,0,750.750941,49998
QuickSort,det_first,sorted,50000,17,186247396919,1250074998,0,736.622304,49998
QuickSort,det_first,sorted,50000,18,186247396920,1250074998,0,715.262342,49998
QuickSort,det_first,sorted,50000,19,186247396921,1250074998,0,727.896333,49998
QuickSort,det_first,sorted,50000,20,186247396922,1250074998,0,733.677134,49998
QuickSort,det_first,sorted,50000,21,186247396923,1250074998,0,723.510504,49998
QuickSort,det_first,sorted,50000,22,186247396924,1250074998,0,738.610059,49998
QuickSort,det_first,sorted,50000,23,186247396925,1250074998,0,729.409646,49998
QuickSort,det_first,sorted,50000,24,186247396926,1250074998,0,708.480507,49998
QuickSort,det_first,sorted,50000,25,186247396927,1250074998,0,729.846633,49998
QuickSort,det_first,sorted,50000,26,186247396928,1250074998,0,742.427935,49998
QuickSort,det_first,sorted,50000,27,186247396929,1250074998,0,724.557669,49998
QuickSort,det_first,sorted,50000,28,186247396930,1250074998,0,714.988890,49998
QuickSort,det_first,sorted,50000,29,186247396931,1250074998,0,732.367342,49998
QuickSort,det_last,few_distinct,1000,0,165935063852,12365,5208,0.039052,14
QuickSort,det_last,few_distinct,1000,1,165935063853,13033,5181,0.034663,16
QuickSort,det_last,few_distinct,1000,2,165935063854,12418,5208,0.035056,13
QuickSort,det_last,few_distinct,1000,3,165935063855,12861,5144,0.035710,15
QuickSort,det_last,few_distinct,1000,4,165935063856,12597,5232,0.036013,15
QuickSort,det_last,few_distinct,1000,5,165935063857,13111,5187,0.038036,16
QuickSort,det_last,few_distinct,1000,6,165935063858,12512,5162,0.041266,15
QuickSort,det_last,few_distinct,1000,7,165935063859,12929,5170,0.037250,15
QuickSort,det_last,few_distinct,1000,8,165935063860,12595,5189,0.034241,14
QuickSort,det_last,few_distinct,1000,9,165935063861,12346,5196,0.035670,14
QuickSort,det_last,few_distinct,1000,10,165935063862,11957,5202,0.035992,13
QuickSort,det_last,few_distinct,1000,11,165935063863,12779,5183,0.034120,15
QuickSort,det_last,few_distinct,1000,12,165935063864,12230,5185,0.036878,14
QuickSort,det_last,few_distinct,1000,13,165935063865,12489,5181,0.028715,14
QuickSort,det_last,few_distinct,1000,14,165935063866,12344,5234,0.028886,14
QuickSort,det_last,few_distinct,1000,15,165935063867,12188,5209,0.029239,14
QuickSort,det_last,few_distinct,1000,16,165935063868,12431,5188,0.037934,14
QuickSort,det_last,few_distinct,1000,17,165935063869,12540,5156,0.036405,15
QuickSort,det_last,few_distinct,1000,18,165935063870,12520,5167,0.033495,14
QuickSort,det_last,few_distinct,1000,19,165935063871,12460,5184,0.034462,14
QuickSort,det_last,few_distinct,1000,20,165935063872,12481,5201,0.036163,14
QuickSort,det_last,few_distinct,1000,21,165935063873,12464,5178,0.034623,14
QuickSort,det_last,few_distinct,1000,22,165935063874,12660,5172,0.036475,16
QuickSort,det_last,few_distinct,1000,23,165935063875,12673,5202,0.035922,14
QuickSort,det_last,few_distinct,1000,24,165935063876,12318,5182,0.036535,14
QuickSort,det_last,few_distinct,1000,25,165935063877,12667,5187,0.036616,15
QuickSort,det_last,few_distinct,1000,26,165935063878,12484,5208,0.041457,14
QuickSort,det_last,few_distinct,1000,27,165935063879,12445,5190,0.040672,15
QuickSort,det_last,few_distinct,1000,28,165935063880,12141,5199,0.037069,14
QuickSort,det_last,few_distinct,1000,29,165935063881,13277,5141,0.034613,17
QuickSort,det_last,few_distinct,1000,30,165935063882,12233,5206,0.037683,13
QuickSort,det_last,few_distinct,1000,31,165935063883,12590,5201,0.034925,15
QuickSort,det_last,few_distinct,1000,32,165935063884,12225,5230,0.036012,14
QuickSort,det_last,few_distinct,1000,33,165935063885,12913,5200,0.029017,14
QuickSort,det_last,few_distinct,1000,34,165935063886,12837,5186,0.028664,15
QuickSort,det_last,few_distinct,1000,35,165935063887,12535,5200,0.029068,14
QuickSort,det_last,few_distinct,1000,36,165935063888,13176,5156,0.027054,17
QuickSort,det_last,few_distinct,1000,37,165935063889,12690,5163,0.027447,16
QuickSort,det_last,few_distinct,1000,38,165935063890,12646,5222,0.027587,15
QuickSort,det_last,few_distinct,1000,39,165935063891,12761,5164,0.027668,15
QuickSort,det_last,few_distinct,1000,40,165935063892,12696,5173,0.028021,16
QuickSort,det_last,few_distinct,1000,41,165935063893,12159,5227,0.028735,13
QuickSort,det_last,few_distinct,1000,42,165935063894,12808,5170,0.027567,15
QuickSort,det_last,few_distinct,1000,43,165935063895,12427,5218,0.028594,16
QuickSort,det_last,few_distinct,1000,44,165935063896,12391,5223,0.028917,14
QuickSort,det_last,few_distinct,1000,45,165935063897,12382,5215,0.028363,14
QuickSort,det_last,few_distinct,1000,46,165935063898,12158,5189,0.029329,14
QuickSort,det_last,few_distinct,1000,47,165935063899,13160,5181,0.028675,14
QuickSort,det_last,few_distinct,1000,48,165935063900,12481,5200,0.027537,14
QuickSort,det_last,few_distinct,1000,49,165935063901,11935,5255,0.030134,14
QuickSort,det_last,few_distinct,1000,50,165935063902,12375,5240,0.028342,14
QuickSort,det_last,few_distinct,1000,51,165935063903,12877,5154,0.028020,15
QuickSort,det_last,few_distinct,1000,52,165935063904,12350,5186,0.028222,13
QuickSort,det_last,few_distinct,1000,53,165935063905,12480,5187,0.027981,15
QuickSort,det_last,few_distinct,1000,54,165935063906,13030,5151,0.027115,16
QuickSort,det_last,few_distinct,1000,55,165935063907,12371,5192,0.029128,14
QuickSort,det_last,few_distinct,1000,56,165935063908,12415,5216,0.028796,13
QuickSort,det_last,few_distinct,1000,57,165935063909,12331,5184,0.027477,14
QuickSort,det_last,few_distinct,1000,58,165935063910,12082,5221,0.028725,13
QuickSort,det_last,few_distinct,1000,59,165935063911,12092,5203,0.028946,13
QuickSort,det_last,few_distinct,1000,60,165935063912,13116,5158,0.027951,17
QuickSort,det_last,few_distinct,1000,61,165935063913,12068,5232,0.028876,13
QuickSort,det_last,few_distinct,1000,62,165935063914,12055,5230,0.029158,13
QuickSort,det_last,few_distinct,1000,63,165935063915,12516,5174,0.028132,15
QuickSort,det_last,few_distinct,1000,64,165935063916,12449,5148,0.028181,15
QuickSort,det_last,few_distinct,1000,65,165935063917,12633,5197,0.027869,15
QuickSort,det_last,few_distinct,1000,66,165935063918,12061,5207,0.029168,13
QuickSort,det_last,few_distinct,1000,67,165935063919,12288,5204,0.027870,15
QuickSort,det_last,few_distinct,1000,68,165935063920,12476,5182,0.027165,13
QuickSort,det_last,few_distinct,1000,69,165935063921,12178,5238,0.029058,14
QuickSort,det_last,few_distinct,1000,70,165935063922,12410,5162,0.027890,14
QuickSort,det_last,few_distinct,1000,71,165935063923,12527,5201,0.027568,15
QuickSort,det_last,few_distinct,1000,72,165935063924,13553,5119,0.027306,18
QuickSort,det_last,few_distinct,1000,73,165935063925,12917,5171,0.027206,14
QuickSort,det_last,few_distinct,1000,74,165935063926,12175,5213,0.028101,13
QuickSort,det_last,few_distinct,1000,75,165935063927,13284,5159,0.027235,16
QuickSort,det_last,few_distinct,1000,76,165935063928,12441,5182,0.028383,13
QuickSort,det_last,few_distinct,1000,77,165935063929,13083,5148,0.027809,17
QuickSort,det_last,few_distinct,1000,78,165935063930,12546,5209,0.027176,14
QuickSort,det_last,few_distinct,1000,79,165935063931,12664,5148,0.027859,15
QuickSort,det_last,few_distinct,1000,80,165935063932,12075,5228,0.031876,13
QuickSort,det_last,few_distinct,1000,81,165935063933,12388,5182,0.035358,14
QuickSort,det_last,few_distinct,1000,82,165935063934,12426,5186,0.034573,16
QuickSort,det_last,few_distinct,1000,83,165935063935,12194,5206,0.035801,14
QuickSort,det_last,few_distinct,1000,84,165935063936,12446,5201,0.037894,14
QuickSort,det_last,few_distinct,1000,85,165935063937,12008,5271,0.034060,14
QuickSort,det_last,few_distinct,1000,86,165935063938,12649,5195,0.034251,16
QuickSort,det_last,few_distinct,1000,87,165935063939,12821,5177,0.035196,16
QuickSort,det_last,few_distinct,1000,88,165935063940,12163,5211,0.036083,13
QuickSort,det_last,few_distinct,1000,89,165935063941,12520,5202,0.035167,14
QuickSort,det_last,few_distinct,1000,90,165935063942,12670,5208,0.079291,15
QuickSort,det_last,few_distinct,1000,91,165935063943,12540,5202,0.029490,14
QuickSort,det_last,few_distinct,1000,92,165935063944,12520,5187,0.039152,15
QuickSort,det_last,few_distinct,1000,93,165935063945,12161,5192,0.030406,14
QuickSort,det_last,few_distinct,1000,94,165935063946,12593,5218,0.029047,15
QuickSort,det_last,few_distinct,1000,95,165935063947,12824,5152,0.028051,16
QuickSort,det_last,few_distinct,1000,96,165935063948,12306,5203,0.028362,14
QuickSort,det_last,few_distinct,1000,97,165935063949,12398,5203,0.028926,14
QuickSort,det_last,few_distinct,1000,98,165935063950,12352,5186,0.029087,15
QuickSort,det_last,few_distinct,1000,99,165935063951,12543,5150,0.029178,14
QuickSort,det_last,few_distinct,1000,100,165935063952,12461,5208,0.028393,14
QuickSort,det_last,few_distinct,1000,101,165935063953,12752,5183,0.027990,15
QuickSort,det_last,few_distinct,1000,102,165935063954,12380,5204,0.028352,15
QuickSort,det_last,few_distinct,1000,103,165935063955,12678,5185,0.027799,14
QuickSort,det_last,few_distinct,1000,104,165935063956,12380,5210,0.028766,15
QuickSort,det_last,few_distinct,1000,105,165935063957,12909,5153,0.027548,17
QuickSort,det_last,few_distinct,1000,106,165935063958,12475,5199,0.027930,15
QuickSort,det_last,few_distinct,1000,107,165935063959,12734,5188,0.031633,15
QuickSort,det_last,few_distinct,1000,108,165935063960,12400,5192,0.029490,15
QuickSort,det_last,few_distinct,1000,109,165935063961,12924,5126,0.027920,18
QuickSort,det_last,few_distinct,1000,110,165935063962,12183,5262,0.050385,13
QuickSort,det_last,few_distinct,1000,111,165935063963,12539,5180,0.028212,15
QuickSort,det_last,few_distinct,1000,112,165935063964,12546,5176,0.028585,14
QuickSort,det_last,few_distinct,1000,113,165935063965,12958,5210,0.028020,15
QuickSort,det_last,few_distinct,1000,114,165935063966,12694,5179,0.028242,15
QuickSort,det_last,few_distinct,1000,115,165935063967,12734,5143,0.028342,17
QuickSort,det_last,few_distinct,1000,116,165935063968,13287,5192,0.029158,16
QuickSort,det_last,few_distinct,1000,117,165935063969,12325,5208,0.028212,14
QuickSort,det_last,few_distinct,1000,118,165935063970,12522,5153,0.028423,14
QuickSort,det_last,few_distinct,1000,119,165935063971,12019,5221,0.029037,14
QuickSort,det_last,few_distinct,1000,120,165935063972,13088,5165,0.362134,15
QuickSort,det_last,few_distinct,1000,121,165935063973,12370,5198,0.028735,15
QuickSort,det_last,few_distinct,1000,122,165935063974,13147,5184,0.028383,15
QuickSort,det_last,few_distinct,1000,123,165935063975,12560,5198,0.028574,14
QuickSort,det_last,few_distinct,1000,124,165935063976,12575,5182,0.028242,14
QuickSort,det_last,few_distinct,1000,125,165935063977,12768,5217,0.029188,15
QuickSort,det_last,few_distinct,1000,126,165935063978,12447,5194,0.027527,14
QuickSort,det_last,few_distinct,1000,127,165935063979,12185,5204,0.029007,13
QuickSort,det_last,few_distinct,1000,128,165935063980,12074,5238,0.042665,14
QuickSort,det_last,few_distinct,1000,129,165935063981,12854,5145,0.028031,16
QuickSort,det_last,few_distinct,1000,130,165935063982,12865,5175,0.028232,17
QuickSort,det_last,few_distinct,1000,131,165935063983,12479,5248,0.028776,14
QuickSort,det_last,few_distinct,1000,132,165935063984,12950,5204,0.027810,16
QuickSort,det_last,few_distinct,1000,133,165935063985,12706,5186,0.028282,14
QuickSort,det_last,few_distinct,1000,134,165935063986,12366,5177,0.116350,14
QuickSort,det_last,few_distinct,1000,135,165935063987,12435,5176,0.028805,16
QuickSort,det_last,few_distinct,1000,136,165935063988,12541,5220,0.028756,14
QuickSort,det_last,few_distinct,1000,137,165935063989,12536,5137,0.033365,16
QuickSort,det_last,few_distinct,1000,138,165935063990,12273,5161,0.034673,14
QuickSort,det_last,few_distinct,1000,139,165935063991,12627,5167,0.035348,14
QuickSort,det_last,few_distinct,1000,140,165935063992,13631,5154,0.026289,17
QuickSort,det_last,few_distinct,1000,141,165935063993,12450,5203,0.028252,14
QuickSort,det_last,few_distinct,1000,142,165935063994,12173,5218,0.029591,14
QuickSort,det_last,few_distinct,1000,143,165935063995,12590,5216,0.028534,15
QuickSort,det_last,few_distinct,1000,144,165935063996,12311,5192,0.028896,14
QuickSort,det_last,few_distinct,1000,145,165935063997,12175,5211,0.028332,14
QuickSort,det_last,few_distinct,1000,146,165935063998,14026,5142,0.027064,16
QuickSort,det_last,few_distinct,1000,147,165935063999,13021,5184,0.027205,14
QuickSort,det_last,few_distinct,1000,148,165935064000,12462,5177,0.499710,14
QuickSort,det_last,few_distinct,1000,149,165935064001,12456,5213,0.031604,15
QuickSort,det_last,few_distinct,1000,150,165935064002,12638,5178,0.036727,14
QuickSort,det_last,few_distinct,1000,151,165935064003,12788,5166,0.035610,16
QuickSort,det_last,few_distinct,1000,152,165935064004,13045,5175,0.297627,15
QuickSort,det_last,few_distinct,1000,153,165935064005,13137,5170,0.034019,15
QuickSort,det_last,few_distinct,1000,154,165935064006,12524,5163,0.036425,15
QuickSort,det_last,few_distinct,1000,155,165935064007,12668,5169,0.032389,15
QuickSort,det_last,few_distinct,1000,156,165935064008,12508,5219,0.036686,15
QuickSort,det_last,few_distinct,1000,157,165935064009,12479,5181,0.034160,15
QuickSort,det_last,few_distinct,1000,158,165935064010,12331,5167,0.034643,14
QuickSort,det_last,few_distinct,1000,159,165935064011,12778,5146,0.035378,15
QuickSort,det_last,few_distinct,1000,160,165935064012,12594,5209,0.073876,15
QuickSort,det_last,few_distinct,1000,161,165935064013,12710,5152,0.036213,15
QuickSort,det_last,few_distinct,1000,162,165935064014,12274,5207,0.037622,14
QuickSort,det_last,few_distinct,1000,163,165935064015,13074,5196,0.036917,16
QuickSort,det_last,few_distinct,1000,164,165935064016,12274,5205,0.036012,15
QuickSort,det_last,few_distinct,1000,165,165935064017,12430,5187,0.033527,15
QuickSort,det_last,few_distinct,1000,166,165935064018,12042,5255,0.035559,13
QuickSort,det_last,few_distinct,1000,167,165935064019,13471,5167,0.038952,16
QuickSort,det_last,few_distinct,1000,168,165935064020,13526,5167,0.036707,18
QuickSort,det_last,few_distinct,1000,169,165935064021,12304,5251,0.041658,15
QuickSort,det_last,few_distinct,1000,170,165935064022,12359,5192,0.042041,14
QuickSort,det_last,few_distinct,1000,171,165935064023,12209,5201,0.039233,14
QuickSort,det_last,few_distinct,1000,172,165935064024,12456,5210,0.033818,14
QuickSort,det_last,few_distinct,1000,173,165935064025,12275,5200,0.038790,16
QuickSort,det_last,few_distinct,1000,174,165935064026,12522,5167,0.034462,15
QuickSort,det_last,few_distinct,1000,175,165935064027,12436,5223,0.036505,13
QuickSort,det_last,few_distinct,1000,176,165935064028,12315,5178,0.028493,14
QuickSort,det_last,few_distinct,1000,177,165935064029,12698,5140,0.027025,16
QuickSort,det_last,few_distinct,1000,178,165935064030,12398,5209,0.028373,14
QuickSort,det_last,few_distinct,1000,179,165935064031,13298,5117,0.028051,17
QuickSort,det_last,few_distinct,1000,180,165935064032,12255,5227,0.028906,14
QuickSort,det_last,few_distinct,1000,181,165935064033,12027,5242,0.037331,13
QuickSort,det_last,few_distinct,1000,182,165935064034,13162,5164,0.028171,15
QuickSort,det_last,few_distinct,1000,183,165935064035,12072,5230,0.029430,14
QuickSort,det_last,few_distinct,1000,184,165935064036,13159,5147,0.028604,15
QuickSort,det_last,few_distinct,1000,185,165935064037,12600,5208,0.028373,14
QuickSort,det_last,few_distinct,1000,186,165935064038,12197,5211,0.028262,13
QuickSort,det_last,few_distinct,1000,187,165935064039,12402,5149,0.028746,14
QuickSort,det_last,few_distinct,1000,188,165935064040,12351,5169,0.028262,14
QuickSort,det_last,few_distinct,1000,189,165935064041,12578,5172,0.027789,16
QuickSort,det_last,few_distinct,1000,190,165935064042,12219,5196,0.029118,14
QuickSort,det_last,few_distinct,1000,191,165935064043,12276,5184,0.029460,15
QuickSort,det_last,few_distinct,1000,192,165935064044,12277,5209,0.057692,15
QuickSort,det_last,few_distinct,1000,193,165935064045,12503,5187,0.037672,15
QuickSort,det_last,few_distinct,1000,194,165935064046,12140,5216,0.039334,15
QuickSort,det_last,few_distinct,1000,195,165935064047,12255,5215,0.039273,14
QuickSort,det_last,few_distinct,1000,196,165935064048,12335,5185,0.038327,15
QuickSort,det_last,few_distinct,1000,197,165935064049,12584,5205,0.039354,16
QuickSort,det_last,few_distinct,1000,198,165935064050,12471,5187,0.107312,14
QuickSort,det_last,few_distinct,1000,199,165935064051,12230,5206,0.029379,13
QuickSort,det_last,few_distinct,10000,0,185377581183,158365,68470,0.288164,20
QuickSort,det_last,few_distinct,10000,1,185377581184,164861,69103,0.285027,20
QuickSort,det_last,few_distinct,10000,2,185377581185,153404,68771,0.305198,17
QuickSort,det_last,few_distinct,10000,3,185377581186,159304,68631,0.289656,19
QuickSort,det_last,few_distinct,10000,4,185377581187,163687,68277,0.279396,20
QuickSort,det_last,few_distinct,10000,5,185377581188,163842,68590,0.293966,19
QuickSort,det_last,few_distinct,10000,6,185377581189,158590,68697,0.393447,19
QuickSort,det_last,few_distinct,10000,7,185377581190,157988,68495,0.289987,18
QuickSort,det_last,few_distinct,10000,8,185377581191,165841,68277,0.284095,20
QuickSort,det_last,few_distinct,10000,9,185377581192,156291,68799,0.286039,19
QuickSort,det_last,few_distinct,10000,10,185377581193,154601,68644,0.298474,19
QuickSort,det_last,few_distinct,10000,11,185377581194,169545,68592,0.298916,22
QuickSort,det_last,few_distinct,10000,12,185377581195,158018,68540,0.289827,19
QuickSort,det_last,few_distinct,10000,13,185377581196,165451,67903,0.275278,20
QuickSort,det_last,few_distinct,10000,14,185377581197,153889,68686,0.538100,18
QuickSort,det_last,few_distinct,10000,15,185377581198,159795,68866,0.450903,18
QuickSort,det_last,few_distinct,10000,16,185377581199,165569,68438,0.345450,20
QuickSort,det_last,few_distinct,10000,17,185377581200,159507,68860,0.451364,20
QuickSort,det_last,few_distinct,10000,18,185377581201,159006,68576,0.427807,19
QuickSort,det_last,few_distinct,10000,19,185377581202,162572,68236,0.406874,21
QuickSort,det_last,few_distinct,10000,20,185377581203,162404,68646,0.278083,20
QuickSort,det_last,few_distinct,10000,21,185377581204,155927,68533,0.288996,19
QuickSort,det_last,few_distinct,10000,22,185377581205,162574,68377,0.305950,22
QuickSort,det_last,few_distinct,10000,23,185377581206,159076,68716,0.476566,19
QuickSort,det_last,few_distinct,10000,24,185377581207,164696,68181,0.694917,20
QuickSort,det_last,few_distinct,10000,25,185377581208,161841,68186,0.420091,21
QuickSort,det_last,few_distinct,10000,26,185377581209,161414,68641,0.339246,18
QuickSort,det_last,few_distinct,10000,27,185377581210,159609,68128,0.283354,19
QuickSort,det_last,few_distinct,10000,28,185377581211,156159,68546,0.390651,17
QuickSort,det_last,few_distinct,10000,29,185377581212,156678,68476,0.427526,20
QuickSort,det_last,few_distinct,10000,30,185377581213,155006,68660,0.294817,18
QuickSort,det_last,few_distinct,10000,31,185377581214,160073,68846,0.484992,19
QuickSort,det_last,few_distinct,10000,32,185377581215,160265,69013,0.282994,19
QuickSort,det_last,few_distinct,10000,33,185377581216,157875,68461,0.288905,21
QuickSort,det_last,few_distinct,10000,34,185377581217,164438,68422,0.278314,21
QuickSort,det_last,few_distinct,10000,35,185377581218,160275,68470,0.293876,20
QuickSort,det_last,few_distinct,10000,36,185377581219,157763,68585,0.296511,19
QuickSort,det_last,few_distinct,10000,37,185377581220,156452,68458,0.293635,17
QuickSort,det_last,few_distinct,10000,38,185377581221,159925,68552,0.313886,19
QuickSort,det_last,few_distinct,10000,39,185377581222,156246,69071,0.311070,18
QuickSort,det_last,few_distinct,10000,40,185377581223,152677,68811,0.393367,18
QuickSort,det_last,few_distinct,10000,41,185377581224,164173,68001,0.307934,21
QuickSort,det_last,few_distinct,10000,42,185377581225,153854,68727,0.322813,19
QuickSort,det_last,few_distinct,10000,43,185377581226,159030,68583,0.325589,19
QuickSort,det_last,few_distinct,10000,44,185377581227,160497,68402,0.278615,19
QuickSort,det_last,few_distinct,10000,45,185377581228,161031,68611,0.301811,20
QuickSort,det_last,few_distinct,10000,46,185377581229,160028,68545,0.283103,21
QuickSort,det_last,few_distinct,10000,47,185377581230,166323,68038,0.386543,21
QuickSort,det_last,few_distinct,10000,48,185377581231,158161,68478,0.313625,18
QuickSort,det_last,few_distinct,10000,49,185377581232,161387,68494,0.466014,18
QuickSort,det_last,few_distinct,10000,50,185377581233,162106,68272,0.438859,20
QuickSort,det_last,few_distinct,10000,51,185377581234,163831,68110,0.377374,20
QuickSort,det_last,few_distinct,10000,52,185377581235,160663,68820,0.368396,19
QuickSort,det_last,few_distinct,10000,53,185377581236,156225,68721,0.295448,18
QuickSort,det_last,few_distinct,10000,54,185377581237,158752,68330,0.290218,20
QuickSort,det_last,few_distinct,10000,55,185377581238,164274,68490,0.283544,19
QuickSort,det_last,few_distinct,10000,56,185377581239,164661,67936,0.290338,21
QuickSort,det_last,few_distinct,10000,57,185377581240,156873,68649,0.301470,19
QuickSort,det_last,few_distinct,10000,58,185377581241,158207,68835,0.297673,18
QuickSort,det_last,few_distinct,10000,59,185377581242,155770,68788,0.292854,17
QuickSort,det_last,few_distinct,10000,60,185377581243,159899,69140,0.283785,19
QuickSort,det_last,few_distinct,10000,61,185377581244,156189,68744,0.292844,18
QuickSort,det_last,few_distinct,10000,62,185377581245,155853,68397,0.311300,19
QuickSort,det_last,few_distinct,10000,63,185377581246,154837,68579,0.292453,17
QuickSort,det_last,few_distinct,10000,64,185377581247,160611,68234,0.287372,19
QuickSort,det_last,few_distinct,10000,65,185377581248,155438,68728,0.293715,19
QuickSort,det_last,few_distinct,10000,66,185377581249,153677,68761,0.290609,18
QuickSort,det_last,few_distinct,10000,67,185377581250,156854,68571,0.289396,18
QuickSort,det_last,few_distinct,10000,68,185377581251,166689,68121,0.290859,21
QuickSort,det_last,few_distinct,10000,69,185377581252,156086,68759,0.292893,20
QuickSort,det_last,few_distinct,10000,70,185377581253,159822,68608,0.293003,20
QuickSort,det_last,few_distinct,10000,71,185377581254,154451,68871,0.294998,19
QuickSort,det_last,few_distinct,10000,72,185377581255,159624,68201,0.287332,19
QuickSort,det_last,few_distinct,10000,73,185377581256,162483,68299,0.279275,19
QuickSort,det_last,few_distinct,10000,74,185377581257,154133,68780,0.305419,19
QuickSort,det_last,few_distinct,10000,75,185377581258,154927,69284,0.294276,17
QuickSort,det_last,few_distinct,10000,76,185377581259,159127,68361,0.284978,18
QuickSort,det_last,few_distinct,10000,77,185377581260,164966,68522,0.306381,19
QuickSort,det_last,few_distinct,10000,78,185377581261,158164,68952,0.285679,19
QuickSort,det_last,few_distinct,10000,79,185377581262,157491,68297,0.305529,19
QuickSort,det_last,few_distinct,10000,80,185377581263,164296,68378,0.300549,21
QuickSort,det_last,few_distinct,10000,81,185377581264,156988,68237,0.308425,19
QuickSort,det_last,few_distinct,10000,82,185377581265,164144,68013,0.276400,20
QuickSort,det_last,few_distinct,10000,83,185377581266,158805,68631,0.285348,18
QuickSort,det_last,few_distinct,10000,84,185377581267,157738,68437,0.286480,19
QuickSort,det_last,few_distinct,10000,85,185377581268,167015,68019,0.290118,22
QuickSort,det_last,few_distinct,10000,86,185377581269,164742,68279,0.281941,19
QuickSort,det_last,few_distinct,10000,87,185377581270,163350,68167,0.287632,19
QuickSort,det_last,few_distinct,10000,88,185377581271,157177,68757,0.295709,18
QuickSort,det_last,few_distinct,10000,89,185377581272,157178,68605,0.306891,19
QuickSort,det_last,few_distinct,10000,90,185377581273,154412,68667,0.348225,18
QuickSort,det_last,few_distinct,10000,91,185377581274,166615,68260,0.275529,20
QuickSort,det_last,few_distinct,10000,92,185377581275,164772,68525,0.286551,19
QuickSort,det_last,few_distinct,10000,93,185377581276,154496,68617,0.296060,17
QuickSort,det_last,few_distinct,10000,94,185377581277,158283,68637,0.287011,19
QuickSort,det_last,few_distinct,10000,95,185377581278,153833,68572,0.305829,18
QuickSort,det_last,few_distinct,10000,96,185377581279,158705,68874,0.305809,18
QuickSort,det_last,few_distinct,10000,97,185377581280,155921,69024,0.362935,18
QuickSort,det_last,few_distinct,10000,98,185377581281,155430,68584,0.294437,20
QuickSort,det_last,few_distinct,10000,99,185377581282,155592,69015,0.294456,18
QuickSort,det_last,few_distinct,5000,0,173092874068,76357,31539,0.143313,19
QuickSort,det_last,few_distinct,5000,1,173092874069,77907,31591,0.136818,19
QuickSort,det_last,few_distinct,5000,2,173092874070,74055,31944,0.143115,17
QuickSort,det_last,few_distinct,5000,3,173092874071,75726,31556,0.139729,19
QuickSort,det_last,few_distinct,5000,4,173092874072,73315,31843,0.143550,17
QuickSort,det_last,few_distinct,5000,5,173092874073,72334,31920,0.144877,17
QuickSort,det_last,few_distinct,5000,6,173092874074,76960,31671,0.140719,18
QuickSort,det_last,few_distinct,5000,7,173092874075,72850,31817,0.141124,17
QuickSort,det_last,few_distinct,5000,8,173092874076,71820,31881,0.144966,16
QuickSort,det_last,few_distinct,5000,9,173092874077,76305,31677,0.134432,19
QuickSort,det_last,few_distinct,5000,10,173092874078,73993,31690,0.140709,18
QuickSort,det_last,few_distinct,5000,11,173092874079,72283,31829,0.144620,16
QuickSort,det_last,few_distinct,5000,12,173092874080,72925,31895,0.140769,17
QuickSort,det_last,few_distinct,5000,13,173092874081,73286,31703,0.154580,19
QuickSort,det_last,few_distinct,5000,14,173092874082,74647,31718,0.141144,18
QuickSort,det_last,few_distinct,5000,15,173092874083,73519,31849,0.141501,17
QuickSort,det_last,few_distinct,5000,16,173092874084,72294,31881,0.143827,16
QuickSort,det_last,few_distinct,5000,17,173092874085,75428,31934,0.138431,18
QuickSort,det_last,few_distinct,5000,18,173092874086,73472,31801,0.144738,17
QuickSort,det_last,few_distinct,5000,19,173092874087,73225,31795,0.142243,17
QuickSort,det_last,few_distinct,5000,20,173092874088,72727,31835,0.143887,17
QuickSort,det_last,few_distinct,5000,21,173092874089,74473,31903,0.141006,18
QuickSort,det_last,few_distinct,5000,22,173092874090,75534,31631,0.139788,18
QuickSort,det_last,few_distinct,5000,23,173092874091,71944,31907,0.145224,17
QuickSort,det_last,few_distinct,5000,24,173092874092,72052,31906,0.144194,17
QuickSort,det_last,few_distinct,5000,25,173092874093,71699,31866,0.279992,16
QuickSort,det_last,few_distinct,5000,26,173092874094,73147,31898,0.154927,17
QuickSort,det_last,few_distinct,5000,27,173092874095,77012,31741,0.141531,20
QuickSort,det_last,few_distinct,5000,28,173092874096,72192,31786,0.145600,18
QuickSort,det_last,few_distinct,5000,29,173092874097,77999,31530,0.139808,18
QuickSort,det_last,few_distinct,5000,30,173092874098,71366,32018,0.146026,17
QuickSort,det_last,few_distinct,5000,31,173092874099,76146,31879,0.166481,19
QuickSort,det_last,few_distinct,5000,32,173092874100,76402,31576,0.138273,20
QuickSort,det_last,few_distinct,5000,33,173092874101,75344,31686,0.139481,18
QuickSort,det_last,few_distinct,5000,34,173092874102,76824,31850,0.163718,20
QuickSort,det_last,few_distinct,5000,35,173092874103,73807,31688,0.162292,18
QuickSort,det_last,few_distinct,5000,36,173092874104,76227,31721,0.138570,19
QuickSort,det_last,few_distinct,5000,37,173092874105,73774,32026,0.142838,17
QuickSort,det_last,few_distinct,5000,38,173092874106,78364,31504,0.139927,21
QuickSort,det_last,few_distinct,5000,39,173092874107,72853,31890,0.259191,18
QuickSort,det_last,few_distinct,5000,40,173092874108,73568,31854,0.141293,18
QuickSort,det_last,few_distinct,5000,41,173092874109,72972,31912,0.141441,17
QuickSort,det_last,few_distinct,5000,42,173092874110,72753,31920,0.139422,17
QuickSort,det_last,few_distinct,5000,43,173092874111,75554,31603,0.137768,19
QuickSort,det_last,few_distinct,5000,44,173092874112,73284,31684,0.139481,17
QuickSort,det_last,few_distinct,5000,45,173092874113,76190,31732,0.151838,17
QuickSort,det_last,few_distinct,5000,46,173092874114,73591,31782,0.140422,18
QuickSort,det_last,few_distinct,5000,47,173092874115,72767,32024,0.143402,16
QuickSort,det_last,few_distinct,5000,48,173092874116,72769,31828,0.143224,17
QuickSort,det_last,few_distinct,5000,49,173092874117,73694,31847,0.140352,17
QuickSort,det_last,few_distinct,5000,50,173092874118,73464,31781,0.141718,16
QuickSort,det_last,few_distinct,5000,51,173092874119,73035,31678,0.143006,17
QuickSort,det_last,few_distinct,5000,52,173092874120,73772,31788,0.141590,17
QuickSort,det_last,few_distinct,5000,53,173092874121,72770,31697,0.142599,18
QuickSort,det_last,few_distinct,5000,54,173092874122,75189,31924,0.140778,17
QuickSort,det_last,few_distinct,5000,55,173092874123,72860,31733,0.144402,17
QuickSort,det_last,few_distinct,5000,56,173092874124,76778,31723,0.141224,19
QuickSort,det_last,few_distinct,5000,57,173092874125,74057,31854,0.151352,17
QuickSort,det_last,few_distinct,5000,58,173092874126,73001,31839,0.142125,18
QuickSort,det_last,few_distinct,5000,59,173092874127,77036,31609,0.134165,19
QuickSort,det_last,few_distinct,5000,60,173092874128,73647,31919,0.140016,17
QuickSort,det_last,few_distinct,5000,61,173092874129,72418,32024,0.143838,17
QuickSort,det_last,few_distinct,5000,62,173092874130,75817,31582,0.139273,18
QuickSort,det_last,few_distinct,5000,63,173092874131,73323,31721,0.139977,16
QuickSort,det_last,few_distinct,5000,64,173092874132,72622,31810,0.356268,17
QuickSort,det_last,few_distinct,5000,65,173092874133,82654,31445,0.286497,21
QuickSort,det_last,few_distinct,5000,66,173092874134,73431,31730,0.331466,18
QuickSort,det_last,few_distinct,5000,67,173092874135,73017,31873,0.349683,17
QuickSort,det_last,few_distinct,5000,68,173092874136,74932,31739,0.250756,18
QuickSort,det_last,few_distinct,5000,69,173092874137,76280,31825,0.136164,18
QuickSort,det_last,few_distinct,5000,70,173092874138,74448,31714,0.140501,18
QuickSort,det_last,few_distinct,5000,71,173092874139,75951,31733,0.225519,18
QuickSort,det_last,few_distinct,5000,72,173092874140,77621,31751,0.159005,18
QuickSort,det_last,few_distinct,5000,73,173092874141,72841,31791,0.149362,17
QuickSort,det_last,few_distinct,5000,74,173092874142,76795,31813,0.351060,19
QuickSort,det_last,few_distinct,5000,75,173092874143,72350,31849,0.144254,16
QuickSort,det_last,few_distinct,5000,76,173092874144,73410,31684,0.209103,18
QuickSort,det_last,few_distinct,5000,77,173092874145,73279,31845,0.167164,18
QuickSort,det_last,few_distinct,5000,78,173092874146,79879,31656,0.139650,20
QuickSort,det_last,few_distinct,5000,79,173092874147,74002,31813,0.140491,17
QuickSort,det_last,few_distinct,5000,80,173092874148,75289,31641,0.139590,18
QuickSort,det_last,few_distinct,5000,81,173092874149,80270,31473,0.150154,20
QuickSort,det_last,few_distinct,5000,82,173092874150,75425,31621,0.138224,18
QuickSort,det_last,few_distinct,5000,83,173092874151,73065,31890,0.142066,17
QuickSort,det_last,few_distinct,5000,84,173092874152,72958,31856,0.144233,18
QuickSort,det_last,few_distinct,5000,85,173092874153,72893,31907,0.141996,17
QuickSort,det_last,few_distinct,5000,86,173092874154,73563,31834,0.141273,17
QuickSort,det_last,few_distinct,5000,87,173092874155,72510,31775,0.159481,18
QuickSort,det_last,few_distinct,5000,88,173092874156,74443,31730,0.153273,18
QuickSort,det_last,few_distinct,5000,89,173092874157,71650,31897,0.161569,16
QuickSort,det_last,few_distinct,5000,90,173092874158,72486,31838,0.142610,18
QuickSort,det_last,few_distinct,5000,91,173092874159,77170,31574,0.134521,19
QuickSort,det_last,few_distinct,5000,92,173092874160,74094,31684,0.148788,18
QuickSort,det_last,few_distinct,5000,93,173092874161,72878,31776,0.143055,18
QuickSort,det_last,few_distinct,5000,94,173092874162,76320,31937,0.139026,17
QuickSort,det_last,few_distinct,5000,95,173092874163,74717,31745,0.140531,17
QuickSort,det_last,few_distinct,5000,96,173092874164,73136,31874,0.141491,18
QuickSort,det_last,few_distinct,5000,97,173092874165,74075,31801,0.138976,17
QuickSort,det_last,few_distinct,5000,98,173092874166,79386,32096,0.150808,18
QuickSort,det_last,few_distinct,5000,99,173092874167,75376,31805,0.230112,16
QuickSort,det_last,few_distinct,5000,100,173092874168,74460,31720,0.140293,18
QuickSort,det_last,few_distinct,5000,101,173092874169,74532,31684,0.138085,17
QuickSort,det_last,few_distinct,5000,102,173092874170,72324,31841,0.146758,16
QuickSort,det_last,few_distinct,5000,103,173092874171,72320,31836,0.146669,17
QuickSort,det_last,few_distinct,5000,104,173092874172,72702,31779,0.143570,17
QuickSort,det_last,few_distinct,5000,105,173092874173,74960,31779,0.137857,18
QuickSort,det_last,few_distinct,5000,106,173092874174,78623,31734,0.162292,20
QuickSort,det_last,few_distinct,5000,107,173092874175,77783,31613,0.164748,18
QuickSort,det_last,few_distinct,5000,108,173092874176,73230,31733,0.171925,17
QuickSort,det_last,few_distinct,5000,109,173092874177,73700,31663,0.145332,18
QuickSort,det_last,few_distinct,5000,110,173092874178,75835,31672,0.139026,18
QuickSort,det_last,few_distinct,5000,111,173092874179,75684,31548,0.138748,19
QuickSort,det_last,few_distinct,5000,112,173092874180,75778,31627,0.135649,19
QuickSort,det_last,few_distinct,5000,113,173092874181,72683,31738,0.142244,16
QuickSort,det_last,few_distinct,5000,114,173092874182,73121,31873,0.142976,17
QuickSort,det_last,few_distinct,5000,115,173092874183,71923,31888,0.216508,16
QuickSort,det_last,few_distinct,5000,116,173092874184,73719,31700,0.259498,18
QuickSort,det_last,few_distinct,5000,117,173092874185,72321,31914,0.259052,17
QuickSort,det_last,few_distinct,5000,118,173092874186,72338,31821,0.261349,17
QuickSort,det_last,few_distinct,5000,119,173092874187,73215,31997,0.247646,16
QuickSort,det_last,few_distinct,5000,120,173092874188,76640,31898,0.140392,20
QuickSort,det_last,few_distinct,5000,121,173092874189,72435,31871,0.143758,18
QuickSort,det_last,few_distinct,5000,122,173092874190,72575,31749,0.159144,17
QuickSort,det_last,few_distinct,5000,123,173092874191,76028,31680,0.138254,20
QuickSort,det_last,few_distinct,5000,124,173092874192,74996,31806,0.138966,18
QuickSort,det_last,few_distinct,5000,125,173092874193,72772,31779,0.143550,17
QuickSort,det_last,few_distinct,5000,126,173092874194,72634,31885,0.143521,16
QuickSort,det_last,few_distinct,5000,127,173092874195,71468,31943,0.144135,17
QuickSort,det_last,few_distinct,5000,128,173092874196,76851,31471,0.135789,19
QuickSort,det_last,few_distinct,5000,129,173092874197,71661,32020,0.145906,16
QuickSort,det_last,few_distinct,5000,130,173092874198,74969,31686,0.139659,20
QuickSort,det_last,few_distinct,5000,131,173092874199,73071,31860,0.141362,16
QuickSort,det_last,few_distinct,5000,132,173092874200,75204,31992,0.145313,19
QuickSort,det_last,few_distinct,5000,133,173092874201,76392,31666,0.138798,18
QuickSort,det_last,few_distinct,5000,134,173092874202,76270,31758,0.150848,18
QuickSort,det_last,few_distinct,5000,135,173092874203,77067,31636,0.138115,20
QuickSort,det_last,few_distinct,5000,136,173092874204,76983,31564,0.134491,19
QuickSort,det_last,few_distinct,5000,137,173092874205,73055,31841,0.142521,18
QuickSort,det_last,few_distinct,5000,138,173092874206,76836,31668,0.142293,19
QuickSort,det_last,few_distinct,5000,139,173092874207,72498,31772,0.158422,17
QuickSort,det_last,few_distinct,5000,140,173092874208,73248,31784,0.304076,17
QuickSort,det_last,few_distinct,5000,141,173092874209,71735,31749,0.191985,17
QuickSort,det_last,few_distinct,5000,142,173092874210,77963,31541,0.161709,19
QuickSort,det_last,few_distinct,5000,143,173092874211,75435,31786,0.140441,17
QuickSort,det_last,few_distinct,5000,144,173092874212,74044,31706,0.140531,17
QuickSort,det_last,few_distinct,5000,145,173092874213,79655,31577,0.138986,21
QuickSort,det_last,few_distinct,5000,146,173092874214,71398,31973,0.146916,16
QuickSort,det_last,few_distinct,5000,147,173092874215,72337,31841,0.146451,17
QuickSort,det_last,few_distinct,5000,148,173092874216,72327,31934,0.143560,16
QuickSort,det_last,few_distinct,5000,149,173092874217,77680,31711,0.211572,20
QuickSort,det_last,few_distinct,5000,150,173092874218,73693,31672,0.142580,19
QuickSort,det_last,few_distinct,5000,151,173092874219,76791,31844,0.138957,18
QuickSort,det_last,few_distinct,5000,152,173092874220,72577,31916,0.144551,16
QuickSort,det_last,few_distinct,5000,153,173092874221,73765,31853,0.142134,18
QuickSort,det_last,few_distinct,5000,154,173092874222,74079,31880,0.143432,19
QuickSort,det_last,few_distinct,5000,155,173092874223,74496,31820,0.139096,18
QuickSort,det_last,few_distinct,5000,156,173092874224,73832,31686,0.140571,18
QuickSort,det_last,few_distinct,5000,157,173092874225,73690,31787,0.141561,16
QuickSort,det_last,few_distinct,5000,158,173092874226,76116,31781,0.136343,19
QuickSort,det_last,few_distinct,5000,159,173092874227,73877,31791,0.153203,16
QuickSort,det_last,few_distinct,5000,160,173092874228,73431,31884,0.145590,17
QuickSort,det_last,few_distinct,5000,161,173092874229,74092,31754,0.143273,17
QuickSort,det_last,few_distinct,5000,162,173092874230,73095,32001,0.142184,17
QuickSort,det_last,few_distinct,5000,163,173092874231,72915,31820,0.140837,17
QuickSort,det_last,few_distinct,5000,164,173092874232,76394,31718,0.139749,19
QuickSort,det_last,few_distinct,5000,165,173092874233,74236,31670,0.138560,16
QuickSort,det_last,few_distinct,5000,166,173092874234,74626,31792,0.139333,17
QuickSort,det_last,few_distinct,5000,167,173092874235,71775,31806,0.144531,16
QuickSort,det_last,few_distinct,5000,168,173092874236,74596,31867,0.139768,18
QuickSort,det_last,few_distinct,5000,169,173092874237,72494,31878,0.144204,18
QuickSort,det_last,few_distinct,5000,170,173092874238,72293,31736,0.143827,16
QuickSort,det_last,few_distinct,5000,171,173092874239,75757,31928,0.150956,17
QuickSort,det_last,few_distinct,5000,172,173092874240,74367,31795,0.139798,17
QuickSort,det_last,few_distinct,5000,173,173092874241,72951,31957,0.150768,16
QuickSort,det_last,few_distinct,5000,174,173092874242,73830,31750,0.140392,18
QuickSort,det_last,few_distinct,5000,175,173092874243,75838,31572,0.139026,18
QuickSort,det_last,few_distinct,5000,176,173092874244,76983,31662,0.135600,18
QuickSort,det_last,few_distinct,5000,177,173092874245,74961,31855,0.137164,17
QuickSort,det_last,few_distinct,5000,178,173092874246,71952,31847,0.142134,16
QuickSort,det_last,few_distinct,5000,179,173092874247,74517,31805,0.137858,18
QuickSort,det_last,few_distinct,5000,180,173092874248,74845,31819,0.145114,17
QuickSort,det_last,few_distinct,5000,181,173092874249,72141,31906,0.152580,17
QuickSort,det_last,few_distinct,5000,182,173092874250,73745,31728,0.140204,18
QuickSort,det_last,few_distinct,5000,183,173092874251,73737,31816,0.143056,17
QuickSort,det_last,few_distinct,5000,184,173092874252,72356,31951,0.143204,16
QuickSort,det_last,few_distinct,5000,185,173092874253,71288,32031,0.147352,17
QuickSort,det_last,few_distinct,5000,186,173092874254,73299,31757,0.142956,18
QuickSort,det_last,few_distinct,5000,187,173092874255,74126,31797,0.141273,18
QuickSort,det_last,few_distinct,5000,188,173092874256,72204,31891,0.145540,18
QuickSort,det_last,few_distinct,5000,189,173092874257,77092,31835,0.143501,19
QuickSort,det_last,few_distinct,5000,190,173092874258,77682,31824,0.140293,18
QuickSort,det_last,few_distinct,5000,191,173092874259,74238,31685,0.140521,18
QuickSort,det_last,few_distinct,5000,192,173092874260,74367,31837,0.140491,17
QuickSort,det_last,few_distinct,5000,193,173092874261,73360,31844,0.139502,16
QuickSort,det_last,few_distinct,5000,194,173092874262,72888,31974,0.152996,16
QuickSort,det_last,few_distinct,5000,195,173092874263,73596,31658,0.139996,18
QuickSort,det_last,few_distinct,5000,196,173092874264,76130,31604,0.138293,20
QuickSort,det_last,few_distinct,5000,197,173092874265,73662,31686,0.178530,17
QuickSort,det_last,few_distinct,5000,198,173092874266,72505,31830,0.141758,17
QuickSort,det_last,few_distinct,5000,199,173092874267,72396,31963,0.142669,16
QuickSort,det_last,few_distinct,50000,0,269228077156,891888,401019,1.895399,21
QuickSort,det_last,few_distinct,50000,1,269228077157,917964,399901,1.468472,22
QuickSort,det_last,few_distinct,50000,2,269228077158,948269,401241,1.828403,24
QuickSort,det_last,few_distinct,50000,3,269228077159,917195,399867,1.461269,22
QuickSort,det_last,few_distinct,50000,4,269228077160,946590,399900,1.522052,23
QuickSort,det_last,few_distinct,50000,5,269228077161,925266,399866,1.442062,23
QuickSort,det_last,few_distinct,50000,6,269228077162,913069,400183,2.192053,22
QuickSort,det_last,few_distinct,50000,7,269228077163,926366,400873,1.467009,23
QuickSort,det_last,few_distinct,50000,8,269228077164,928222,398929,1.602291,23
QuickSort,det_last,few_distinct,50000,9,269228077165,885284,401238,1.690205,21
QuickSort,det_last,few_distinct,50000,10,269228077166,923278,400328,1.436392,23
QuickSort,det_last,few_distinct,50000,11,269228077167,921564,401209,1.522603,23
QuickSort,det_last,few_distinct,50000,12,269228077168,918080,400509,1.457171,23
QuickSort,det_last,few_distinct,50000,13,269228077169,901364,400995,1.639381,22
QuickSort,det_last,few_distinct,50000,14,269228077170,884196,401243,1.767070,21
QuickSort,det_last,few_distinct,50000,15,269228077171,919480,401164,1.461048,23
QuickSort,det_last,few_distinct,50000,16,269228077172,894535,401075,1.590099,20
QuickSort,det_last,few_distinct,50000,17,269228077173,894784,400543,1.593395,21
QuickSort,det_last,few_distinct,50000,18,269228077174,906869,400504,1.575232,22
QuickSort,det_last,few_distinct,50000,19,269228077175,923937,401058,1.628731,23
QuickSort,det_last,few_distinct,50000,20,269228077176,905793,401472,1.480995,21
QuickSort,det_last,few_distinct,50000,21,269228077177,943147,400997,1.522222,22
QuickSort,det_last,few_distinct,50000,22,269228077178,895984,400612,1.531550,23
QuickSort,det_last,few_distinct,50000,23,269228077179,946171,400013,1.632398,24
QuickSort,det_last,few_distinct,50000,24,269228077180,916666,401196,1.786035,23
QuickSort,det_last,few_distinct,50000,25,269228077181,899040,400078,1.463092,21
QuickSort,det_last,few_distinct,50000,26,269228077182,893224,401257,1.538042,21
QuickSort,det_last,few_distinct,50000,27,269228077183,958113,399826,1.481716,25
QuickSort,det_last,few_distinct,50000,28,269228077184,882045,402280,1.635805,21
QuickSort,det_last,few_distinct,50000,29,269228077185,909893,400695,1.498989,23
QuickSort,det_last,nearly_sorted,1000,0,165830292400,78881,2040,0.060701,137
QuickSort,det_last,nearly_sorted,1000,1,165830292401,71440,2042,0.047567,166
QuickSort,det_last,nearly_sorted,1000,2,165830292402,58049,2046,0.041648,121
QuickSort,det_last,nearly_sorted,1000,3,165830292403,71462,2040,0.045725,143
QuickSort,det_last,nearly_sorted,1000,4,165830292404,58481,2040,0.039917,107
QuickSort,det_last,nearly_sorted,1000,5,165830292405,56081,2048,0.038649,120
QuickSort,det_last,nearly_sorted,1000,6,165830292406,56975,2048,0.039938,117
QuickSort,det_last,nearly_sorted,1000,7,165830292407,76626,2040,0.047768,133
QuickSort,det_last,nearly_sorted,1000,8,165830292408,68302,2030,0.042876,138
QuickSort,det_last,nearly_sorted,1000,9,165830292409,95630,2026,0.055136,160
QuickSort,det_last,nearly_sorted,1000,10,165830292410,80627,2044,0.049499,172
QuickSort,det_last,nearly_sorted,1000,11,165830292411,56520,2054,0.038941,129
QuickSort,det_last,nearly_sorted,1000,12,165830292412,76902,2030,0.051643,189
QuickSort,det_last,nearly_sorted,1000,13,165830292413,72513,2046,0.045574,126
QuickSort,det_last,nearly_sorted,1000,14,165830292414,62686,2040,0.041468,135
QuickSort,det_last,nearly_sorted,1000,15,165830292415,92726,2040,0.053344,172
QuickSort,det_last,nearly_sorted,1000,16,165830292416,54696,2042,0.037975,107
QuickSort,det_last,nearly_sorted,1000,17,165830292417,68981,2036,0.043228,139
QuickSort,det_last,nearly_sorted,1000,18,165830292418,80223,2038,0.048271,136
QuickSort,det_last,nearly_sorted,1000,19,165830292419,61849,2042,0.040622,123
QuickSort,det_last,nearly_sorted,1000,20,165830292420,76329,2040,0.047084,150
QuickSort,det_last,nearly_sorted,1000,21,165830292421,71057,2032,0.043662,151
QuickSort,det_last,nearly_sorted,1000,22,165830292422,78083,2016,0.047113,175
QuickSort,det_last,nearly_sorted,1000,23,165830292423,91878,2030,0.053042,211
QuickSort,det_last,nearly_sorted,1000,24,165830292424,80818,2042,0.048673,145
QuickSort,det_last,nearly_sorted,1000,25,165830292425,56878,2048,0.038901,119
QuickSort,det_last,nearly_sorted,1000,26,165830292426,89558,2016,0.053545,174
QuickSort,det_last,nearly_sorted,1000,27,165830292427,70057,2036,0.055769,155
QuickSort,det_last,nearly_sorted,1000,28,165830292428,74977,2028,0.064898,142
QuickSort,det_last,nearly_sorted,1000,29,165830292429,76615,2030,0.066268,164
QuickSort,det_last,nearly_sorted,1000,30,165830292430,62471,2036,0.040471,135
QuickSort,det_last,nearly_sorted,1000,31,165830292431,68984,2030,0.043168,147
QuickSort,det_last,nearly_sorted,1000,32,165830292432,68372,2034,0.045594,120
QuickSort,det_last,nearly_sorted,1000,33,165830292433,82475,2042,0.050878,189
QuickSort,det_last,nearly_sorted,1000,34,165830292434,77650,2038,0.048121,189
QuickSort,det_last,nearly_sorted,1000,35,165830292435,53482,2042,0.037904,134
QuickSort,det_last,nearly_sorted,1000,36,165830292436,66069,2048,0.042373,134
QuickSort,det_last,nearly_sorted,1000,37,165830292437,65657,2042,0.057752,154
QuickSort,det_last,nearly_sorted,1000,38,165830292438,79215,2030,0.049177,180
QuickSort,det_last,nearly_sorted,1000,39,165830292439,73432,2034,0.066781,161
QuickSort,det_last,nearly_sorted,1000,40,165830292440,52098,2031,0.036404,111
QuickSort,det_last,nearly_sorted,1000,41,165830292441,43825,2040,0.033446,119
QuickSort,det_last,nearly_sorted,1000,42,165830292442,69764,2027,0.043651,165
QuickSort,det_last,nearly_sorted,1000,43,165830292443,63610,2036,0.041185,134
QuickSort,det_last,nearly_sorted,1000,44,165830292444,67435,2046,0.043219,157
QuickSort,det_last,nearly_sorted,1000,45,165830292445,79861,2032,0.048090,168
QuickSort,det_last,nearly_sorted,1000,46,165830292446,63728,2046,0.041849,129
QuickSort,det_last,nearly_sorted,1000,47,165830292447,56593,2046,0.039112,126
QuickSort,det_last,nearly_sorted,1000,48,165830292448,67519,2026,0.043742,145
QuickSort,det_last,nearly_sorted,1000,49,165830292449,96875,2034,0.055468,175
QuickSort,det_last,nearly_sorted,1000,50,165830292450,86369,2046,0.051381,128
QuickSort,det_last,nearly_sorted,1000,51,165830292451,66624,2044,0.047728,169
QuickSort,det_last,nearly_sorted,1000,52,165830292452,95134,2039,0.070585,169
QuickSort,det_last,nearly_sorted,1000,53,165830292453,57906,2026,0.039837,125
QuickSort,det_last,nearly_sorted,1000,54,165830292454,91966,2032,0.054290,192
QuickSort,det_last,nearly_sorted,1000,55,165830292455,54366,2048,0.045785,132
QuickSort,det_last,nearly_sorted,1000,56,165830292456,42061,2054,0.041115,106
QuickSort,det_last,nearly_sorted,1000,57,165830292457,67851,2028,0.043320,135
QuickSort,det_last,nearly_sorted,1000,58,165830292458,41811,2038,0.032318,88
QuickSort,det_last,nearly_sorted,1000,59,165830292459,57486,2048,0.039122,113
QuickSort,det_last,nearly_sorted,1000,60,165830292460,56913,2040,0.052860,111
QuickSort,det_last,nearly_sorted,1000,61,165830292461,55633,2040,0.037824,115
QuickSort,det_last,nearly_sorted,1000,62,165830292462,61620,2042,0.040128,124
QuickSort,det_last,nearly_sorted,1000,63,165830292463,48396,2032,0.034150,90
QuickSort,det_last,nearly_sorted,1000,64,165830292464,62177,2020,0.040521,110
QuickSort,det_last,nearly_sorted,1000,65,165830292465,74583,2047,0.045513,164
QuickSort,det_last,nearly_sorted,1000,66,165830292466,60247,2038,0.039676,109
QuickSort,det_last,nearly_sorted,1000,67,165830292467,68506,2050,0.043491,144
QuickSort,det_last,nearly_sorted,1000,68,165830292468,82249,2054,0.049479,153
QuickSort,det_last,nearly_sorted,1000,69,165830292469,86424,2028,0.062060,160
QuickSort,det_last,nearly_sorted,1000,70,165830292470,61751,2044,0.040864,133
QuickSort,det_last,nearly_sorted,1000,71,165830292471,61990,2040,0.058507,116
QuickSort,det_last,nearly_sorted,1000,72,165830292472,70189,2034,0.043732,149
QuickSort,det_last,nearly_sorted,1000,73,165830292473,61008,2032,0.040179,131
QuickSort,det_last,nearly_sorted,1000,74,165830292474,59215,2034,0.039766,115
QuickSort,det_last,nearly_sorted,1000,75,165830292475,80687,2020,0.050123,192
QuickSort,det_last,nearly_sorted,1000,76,165830292476,65448,2034,0.041377,134
QuickSort,det_last,nearly_sorted,1000,77,165830292477,67864,2027,0.042574,144
QuickSort,det_last,nearly_sorted,1000,78,165830292478,51448,2050,0.036324,150
QuickSort,det_last,nearly_sorted,1000,79,165830292479,57465,2046,0.052850,137
QuickSort,det_last,nearly_sorted,1000,80,165830292480,46204,2046,0.034482,99
QuickSort,det_last,nearly_sorted,1000,81,165830292481,69079,2037,0.044627,168
QuickSort,det_last,nearly_sorted,1000,82,165830292482,57871,2040,0.039837,124
QuickSort,det_last,nearly_sorted,1000,83,165830292483,54787,2037,0.038800,140
QuickSort,det_last,nearly_sorted,1000,84,165830292484,65561,2030,0.042333,104
QuickSort,det_last,nearly_sorted,1000,85,165830292485,74883,2044,0.073221,138
QuickSort,det_last,nearly_sorted,1000,86,165830292486,50543,2042,0.035660,109
QuickSort,det_last,nearly_sorted,1000,87,165830292487,54024,2042,0.037391,138
QuickSort,det_last,nearly_sorted,1000,88,165830292488,44953,2042,0.034442,92
QuickSort,det_last,nearly_sorted,1000,89,165830292489,65666,2032,0.045987,170
QuickSort,det_last,nearly_sorted,1000,90,165830292490,52077,2036,0.054833,109
QuickSort,det_last,nearly_sorted,1000,91,165830292491,68400,2046,0.064012,190
QuickSort,det_last,nearly_sorted,1000,92,165830292492,105688,2036,0.090463,248
QuickSort,det_last,nearly_sorted,1000,93,165830292493,65600,2036,0.055105,178
QuickSort,det_last,nearly_sorted,1000,94,165830292494,58022,2028,0.049710,132
QuickSort,det_last,nearly_sorted,1000,95,165830292495,84417,2034,0.066760,173
QuickSort,det_last,nearly_sorted,1000,96,165830292496,60013,2048,0.052126,143
QuickSort,det_last,nearly_sorted,1000,97,165830292497,76590,2046,0.062100,140
QuickSort,det_last,nearly_sorted,1000,98,165830292498,84951,2050,0.066851,147
QuickSort,det_last,nearly_sorted,1000,99,165830292499,116874,2032,0.086276,216
QuickSort,det_last,nearly_sorted,1000,100,165830292500,73378,2052,0.059815,157
QuickSort,det_last,nearly_sorted,1000,101,165830292501,102348,2032,0.076594,190
QuickSort,det_last,nearly_sorted,1000,102,165830292502,59557,2036,0.039817,122
QuickSort,det_last,nearly_sorted,1000,103,165830292503,57935,2036,0.038710,130
QuickSort,det_last,nearly_sorted,1000,104,165830292504,54540,2042,0.037079,118
QuickSort,det_last,nearly_sorted,1000,105,165830292505,86302,2039,0.057269,189
QuickSort,det_last,nearly_sorted,1000,106,165830292506,71199,2040,0.047355,136
QuickSort,det_last,nearly_sorted,1000,107,165830292507,61272,2046,0.065341,105
QuickSort,det_last,nearly_sorted,1000,108,165830292508,59499,2060,0.041678,110
QuickSort,det_last,nearly_sorted,1000,109,165830292509,120014,2038,0.066519,214
QuickSort,det_last,nearly_sorted,1000,110,165830292510,75181,2034,0.046228,142
QuickSort,det_last,nearly_sorted,1000,111,165830292511,57347,2036,0.039102,122
QuickSort,det_last,nearly_sorted,1000,112,165830292512,69418,2042,0.044004,126
QuickSort,det_last,nearly_sorted,1000,113,165830292513,62166,2042,0.041629,126
QuickSort,det_last,nearly_sorted,1000,114,165830292514,62360,2040,0.041417,117
QuickSort,det_last,nearly_sorted,1000,115,165830292515,62619,2036,0.040532,146
QuickSort,det_last,nearly_sorted,1000,116,165830292516,102743,2030,0.057581,189
QuickSort,det_last,nearly_sorted,1000,117,165830292517,73624,2036,0.045493,141
QuickSort,det_last,nearly_sorted,1000,118,165830292518,52362,2036,0.036918,125
QuickSort,det_last,nearly_sorted,1000,119,165830292519,89482,2022,0.052448,166
QuickSort,det_last,nearly_sorted,1000,120,165830292520,63389,2040,0.041346,143
QuickSort,det_last,nearly_sorted,1000,121,165830292521,67525,2041,0.042584,139
QuickSort,det_last,nearly_sorted,1000,122,165830292522,90388,2042,0.052146,182
QuickSort,det_last,nearly_sorted,1000,123,165830292523,68049,2032,0.042947,127
QuickSort,det_last,nearly_sorted,1000,124,165830292524,86350,2032,0.051009,146
QuickSort,det_last,nearly_sorted,1000,125,165830292525,97892,2034,0.055468,211
QuickSort,det_last,nearly_sorted,1000,126,165830292526,85395,2031,0.049731,157
QuickSort,det_last,nearly_sorted,1000,127,165830292527,52279,2046,0.036736,107
QuickSort,det_last,nearly_sorted,1000,128,165830292528,67605,2028,0.042564,129
QuickSort,det_last,nearly_sorted,1000,129,165830292529,85814,2028,0.050656,149
QuickSort,det_last,nearly_sorted,1000,130,165830292530,80661,2042,0.048664,172
QuickSort,det_last,nearly_sorted,1000,131,165830292531,63716,2042,0.041860,164
QuickSort,det_last,nearly_sorted,1000,132,165830292532,90873,2040,0.053213,171
QuickSort,det_last,nearly_sorted,1000,133,165830292533,71489,2038,0.045182,179
QuickSort,det_last,nearly_sorted,1000,134,165830292534,69416,2052,0.043229,125
QuickSort,det_last,nearly_sorted,1000,135,165830292535,67609,2046,0.043481,136
QuickSort,det_last,nearly_sorted,1000,136,165830292536,83958,2038,0.048795,153
QuickSort,det_last,nearly_sorted,1000,137,165830292537,95530,2034,0.054351,180
QuickSort,det_last,nearly_sorted,1000,138,165830292538,67758,2042,0.042293,133
QuickSort,det_last,nearly_sorted,1000,139,165830292539,62419,2046,0.057048,107
QuickSort,det_last,nearly_sorted,1000,140,165830292540,59262,2040,0.040340,124
QuickSort,det_last,nearly_sorted,1000,141,165830292541,85926,2030,0.075456,175
QuickSort,det_last,nearly_sorted,1000,142,165830292542,68079,2032,0.069669,162
QuickSort,det_last,nearly_sorted,1000,143,165830292543,88096,2024,0.052770,156
QuickSort,det_last,nearly_sorted,1000,144,165830292544,82487,2036,0.049740,165
QuickSort,det_last,nearly_sorted,1000,145,165830292545,70016,2042,0.044859,117
QuickSort,det_last,nearly_sorted,1000,146,165830292546,92486,2028,0.053646,165
QuickSort,det_last,nearly_sorted,1000,147,165830292547,72816,2030,0.045081,147
QuickSort,det_last,nearly_sorted,1000,148,165830292548,80393,2038,0.049096,180
QuickSort,det_last,nearly_sorted,1000,149,165830292549,69187,2036,0.044708,146
QuickSort,det_last,nearly_sorted,1000,150,165830292550,57408,2036,0.038629,96
QuickSort,det_last,nearly_sorted,1000,151,165830292551,58853,2032,0.039847,131
QuickSort,det_last,nearly_sorted,1000,152,165830292552,59262,2058,0.040078,142
QuickSort,det_last,nearly_sorted,1000,153,165830292553,63695,2038,0.041578,187
QuickSort,det_last,nearly_sorted,1000,154,165830292554,57729,2044,0.039524,114
QuickSort,det_last,nearly_sorted,1000,155,165830292555,108853,2044,0.061577,254
QuickSort,det_last,nearly_sorted,1000,156,165830292556,89662,2042,0.052428,157
QuickSort,det_last,nearly_sorted,1000,157,165830292557,53221,2050,0.037824,144
QuickSort,det_last,nearly_sorted,1000,158,165830292558,49946,2044,0.035368,116
QuickSort,det_last,nearly_sorted,1000,159,165830292559,73677,2040,0.045745,150
QuickSort,det_last,nearly_sorted,1000,160,165830292560,57365,2034,0.039293,108
QuickSort,det_last,nearly_sorted,1000,161,165830292561,71733,2048,0.044949,180
QuickSort,det_last,nearly_sorted,1000,162,165830292562,62547,2040,0.040682,128
QuickSort,det_last,nearly_sorted,1000,163,165830292563,49104,2044,0.035811,106
QuickSort,det_last,nearly_sorted,1000,164,165830292564,54240,2044,0.037582,107
QuickSort,det_last,nearly_sorted,1000,165,165830292565,89231,2038,0.052317,146
QuickSort,det_last,nearly_sorted,1000,166,165830292566,93154,2034,0.053888,203
QuickSort,det_last,nearly_sorted,1000,167,165830292567,67156,2034,0.043430,158
QuickSort,det_last,nearly_sorted,1000,168,165830292568,69616,2048,0.044557,123
QuickSort,det_last,nearly_sorted,1000,169,165830292569,49649,2050,0.035861,125
QuickSort,det_last,nearly_sorted,1000,170,165830292570,54348,2024,0.037431,106
QuickSort,det_last,nearly_sorted,1000,171,165830292571,86473,2032,0.051039,173
QuickSort,det_last,nearly_sorted,1000,172,165830292572,75439,2050,0.046198,131
QuickSort,det_last,nearly_sorted,1000,173,165830292573,55846,2042,0.038236,127
QuickSort,det_last,nearly_sorted,1000,174,165830292574,101056,2032,0.074158,226
QuickSort,det_last,nearly_sorted,1000,175,165830292575,71193,2034,0.045483,127
QuickSort,det_last,nearly_sorted,1000,176,165830292576,111894,2032,0.061960,160
QuickSort,det_last,nearly_sorted,1000,177,165830292577,54905,2050,0.038105,117
QuickSort,det_last,nearly_sorted,1000,178,165830292578,63390,2048,0.060822,139
QuickSort,det_last,nearly_sorted,1000,179,165830292579,62006,2024,0.040914,118
QuickSort,det_last,nearly_sorted,1000,180,165830292580,64026,2044,0.041588,122
QuickSort,det_last,nearly_sorted,1000,181,165830292581,88012,2042,0.051864,187
QuickSort,det_last,nearly_sorted,1000,182,165830292582,57934,2032,0.038669,104
QuickSort,det_last,nearly_sorted,1000,183,165830292583,69805,2036,0.043913,127
QuickSort,det_last,nearly_sorted,1000,184,165830292584,102951,2046,0.057712,174
QuickSort,det_last,nearly_sorted,1000,185,165830292585,62522,2024,0.040793,143
QuickSort,det_last,nearly_sorted,1000,186,165830292586,59104,2030,0.039334,132
QuickSort,det_last,nearly_sorted,1000,187,165830292587,81491,2032,0.049348,138
QuickSort,det_last,nearly_sorted,1000,188,165830292588,80463,2038,0.048271,167
QuickSort,det_last,nearly_sorted,1000,189,165830292589,64986,2048,0.054240,155
QuickSort,det_last,nearly_sorted,1000,190,165830292590,56462,2052,0.050234,109
QuickSort,det_last,nearly_sorted,1000,191,165830292591,62113,2046,0.040270,110
QuickSort,det_last,nearly_sorted,1000,192,165830292592,56533,2040,0.038076,128
QuickSort,det_last,nearly_sorted,1000,193,165830292593,51939,2042,0.036908,125
QuickSort,det_last,nearly_sorted,1000,194,165830292594,45685,2052,0.042514,107
QuickSort,det_last,nearly_sorted,1000,195,165830292595,82721,2034,0.055216,164
QuickSort,det_last,nearly_sorted,1000,196,165830292596,61295,2030,0.040994,154
QuickSort,det_last,nearly_sorted,1000,197,165830292597,73743,2036,0.066096,158
QuickSort,det_last,nearly_sorted,1000,198,165830292598,65583,2050,0.060963,123
QuickSort,det_last,nearly_sorted,1000,199,165830292599,71805,2038,0.062493,147
QuickSort,det_last,nearly_sorted,10000,0,184867330800,4384893,20048,2.050434,985
QuickSort,det_last,nearly_sorted,10000,1,184867330801,5525065,20036,3.125576,1219
QuickSort,det_last,nearly_sorted,10000,2,184867330802,8161405,20038,3.802819,1775
QuickSort,det_last,nearly_sorted,10000,3,184867330803,9000104,20042,4.108888,1989
QuickSort,det_last,nearly_sorted,10000,4,184867330804,5544421,20032,2.544726,1196
QuickSort,det_last,nearly_sorted,10000,5,184867330805,6305944,20044,2.796571,1548
QuickSort,det_last,nearly_sorted,10000,6,184867330806,5891065,20034,4.238329,1339
QuickSort,det_last,nearly_sorted,10000,7,184867330807,7901420,20048,3.841790,1434
QuickSort,det_last,nearly_sorted,10000,8,184867330808,8827162,20048,4.405315,1663
QuickSort,det_last,nearly_sorted,10000,9,184867330809,6099816,20028,2.755405,1426
QuickSort,det_last,nearly_sorted,10000,10,184867330810,5913379,20042,3.313238,1060
QuickSort,det_last,nearly_sorted,10000,11,184867330811,6671243,20050,2.928366,1434
QuickSort,det_last,nearly_sorted,10000,12,184867330812,7467989,20036,3.327468,1661
QuickSort,det_last,nearly_sorted,10000,13,184867330813,6223075,20038,2.752318,1358
QuickSort,det_last,nearly_sorted,10000,14,184867330814,7058882,20044,3.133231,1424
QuickSort,det_last,nearly_sorted,10000,15,184867330815,5228536,20042,2.504049,1242
QuickSort,det_last,nearly_sorted,10000,16,184867330816,5849997,20038,2.715031,1684
QuickSort,det_last,nearly_sorted,10000,17,184867330817,5671703,20042,2.559757,1693
QuickSort,det_last,nearly_sorted,10000,18,184867330818,5385371,20034,2.460781,1695
QuickSort,det_last,nearly_sorted,10000,19,184867330819,6931744,20042,3.096977,1486
QuickSort,det_last,nearly_sorted,10000,20,184867330820,6589714,20036,3.156662,1379
QuickSort,det_last,nearly_sorted,10000,21,184867330821,7902797,20040,4.436631,1566
QuickSort,det_last,nearly_sorted,10000,22,184867330822,4143187,20050,2.012015,1046
QuickSort,det_last,nearly_sorted,10000,23,184867330823,6283738,20040,2.851786,1243
QuickSort,det_last,nearly_sorted,10000,24,184867330824,6651481,20048,2.991367,1212
QuickSort,det_last,nearly_sorted,10000,25,184867330825,5508312,20038,2.469759,1356
QuickSort,det_last,nearly_sorted,10000,26,184867330826,5025681,20046,3.520260,1207
QuickSort,det_last,nearly_sorted,10000,27,184867330827,6365327,20052,3.167642,1757
QuickSort,det_last,nearly_sorted,10000,28,184867330828,5243066,20042,2.651157,1345
QuickSort,det_last,nearly_sorted,10000,29,184867330829,5409323,20032,2.495683,1281
QuickSort,det_last,nearly_sorted,10000,30,184867330830,7927750,20040,4.028320,1606
QuickSort,det_last,nearly_sorted,10000,31,184867330831,8765441,20048,4.126795,1934
QuickSort,det_last,nearly_sorted,10000,32,184867330832,7388016,20048,3.301496,1479
QuickSort,det_last,nearly_sorted,10000,33,184867330833,8307743,20046,3.632590,1839
QuickSort,det_last,nearly_sorted,10000,34,184867330834,6920415,20036,3.086954,1297
QuickSort,det_last,nearly_sorted,10000,35,184867330835,7915219,20040,3.970443,1723
QuickSort,det_last,nearly_sorted,10000,36,184867330836,6371865,20046,3.153136,1301
QuickSort,det_last,nearly_sorted,10000,37,184867330837,4832122,20046,2.214376,957
QuickSort,det_last,nearly_sorted,10000,38,184867330838,6061148,20044,2.795723,1169
QuickSort,det_last,nearly_sorted,10000,39,184867330839,6813024,20042,3.241356,1677
QuickSort,det_last,nearly_sorted,10000,40,184867330840,5856555,20034,3.462735,1315
QuickSort,det_last,nearly_sorted,10000,41,184867330841,4529464,20048,2.657342,1072
QuickSort,det_last,nearly_sorted,10000,42,184867330842,4924482,20044,2.277042,934
QuickSort,det_last,nearly_sorted,10000,43,184867330843,6937123,20034,3.617788,1452
QuickSort,det_last,nearly_sorted,10000,44,184867330844,5551728,20054,2.525986,1358
QuickSort,det_last,nearly_sorted,10000,45,184867330845,5174586,20044,2.625408,1295
QuickSort,det_last,nearly_sorted,10000,46,184867330846,4493066,20052,2.035373,1060
QuickSort,det_last,nearly_sorted,10000,47,184867330847,5846094,20050,2.587190,1518
QuickSort,det_last,nearly_sorted,10000,48,184867330848,7448136,20032,3.249172,1682
QuickSort,det_last,nearly_sorted,10000,49,184867330849,7622885,20036,3.333894,1531
QuickSort,det_last,nearly_sorted,10000,50,184867330850,6806366,20040,2.994988,1414
QuickSort,det_last,nearly_sorted,10000,51,184867330851,6585983,20046,3.033726,1840
QuickSort,det_last,nearly_sorted,10000,52,184867330852,6420994,20040,2.849273,1290
QuickSort,det_last,nearly_sorted,10000,53,184867330853,5901533,20058,2.609475,1430
QuickSort,det_last,nearly_sorted,10000,54,184867330854,5646292,20030,2.500815,1091
QuickSort,det_last,nearly_sorted,10000,55,184867330855,5764737,20040,2.756182,1407
QuickSort,det_last,nearly_sorted,10000,56,184867330856,6233684,20046,3.143208,1635
QuickSort,det_last,nearly_sorted,10000,57,184867330857,7886771,20040,3.726068,1741
QuickSort,det_last,nearly_sorted,10000,58,184867330858,5101293,20046,2.471647,1559
QuickSort,det_last,nearly_sorted,10000,59,184867330859,4265948,20038,2.305070,1318
QuickSort,det_last,nearly_sorted,10000,60,184867330860,8099898,20032,3.886954,1864
QuickSort,det_last,nearly_sorted,10000,61,184867330861,5100803,20054,2.766924,1099
QuickSort,det_last,nearly_sorted,10000,62,184867330862,5013828,20030,3.373282,1183
QuickSort,det_last,nearly_sorted,10000,63,184867330863,9168474,20042,4.105195,1655
QuickSort,det_last,nearly_sorted,10000,64,184867330864,6557005,20032,2.957240,1442
QuickSort,det_last,nearly_sorted,10000,65,184867330865,6715155,20044,3.115611,1337
QuickSort,det_last,nearly_sorted,10000,66,184867330866,5367640,20052,2.529364,1283
QuickSort,det_last,nearly_sorted,10000,67,184867330867,4796321,20032,2.214726,1178
QuickSort,det_last,nearly_sorted,10000,68,184867330868,5384732,20048,2.494242,1239
QuickSort,det_last,nearly_sorted,10000,69,184867330869,6815163,20040,3.080460,1306
QuickSort,det_last,nearly_sorted,10000,70,184867330870,6939607,20040,3.166304,1602
QuickSort,det_last,nearly_sorted,10000,71,184867330871,5088257,20052,2.950016,1294
QuickSort,det_last,nearly_sorted,10000,72,184867330872,5803511,20038,3.429888,1030
QuickSort,det_last,nearly_sorted,10000,73,184867330873,5560709,20054,3.087576,1120
QuickSort,det_last,nearly_sorted,10000,74,184867330874,6627764,20032,3.678664,1563
QuickSort,det_last,nearly_sorted,10000,75,184867330875,6311129,20046,2.881678,1608
QuickSort,det_last,nearly_sorted,10000,76,184867330876,5844233,20024,3.761008,1432
QuickSort,det_last,nearly_sorted,10000,77,184867330877,7045821,20040,5.593220,1457
QuickSort,det_last,nearly_sorted,10000,78,184867330878,9084153,20044,4.267804,2228
QuickSort,det_last,nearly_sorted,10000,79,184867330879,4923383,20040,2.396935,1401
QuickSort,det_last,nearly_sorted,10000,80,184867330880,8267294,20044,4.196500,1941
QuickSort,det_last,nearly_sorted,10000,81,184867330881,9609531,20034,4.435464,2259
QuickSort,det_last,nearly_sorted,10000,82,184867330882,6970651,20048,3.168708,1743
QuickSort,det_last,nearly_sorted,10000,83,184867330883,7699628,20034,3.660464,1671
QuickSort,det_last,nearly_sorted,10000,84,184867330884,5152289,20040,2.546338,1128
QuickSort,det_last,nearly_sorted,10000,85,184867330885,5516860,20038,2.626340,1067
QuickSort,det_last,nearly_sorted,10000,86,184867330886,8585717,20034,4.737256,1974
QuickSort,det_last,nearly_sorted,10000,87,184867330887,5210155,20042,2.476627,1286
QuickSort,det_last,nearly_sorted,10000,88,184867330888,6537770,20036,2.995288,1280
QuickSort,det_last,nearly_sorted,10000,89,184867330889,6398549,20034,3.233640,1839
QuickSort,det_last,nearly_sorted,10000,90,184867330890,4935023,20042,2.509032,1090
QuickSort,det_last,nearly_sorted,10000,91,184867330891,6862831,20030,3.118597,1492
QuickSort,det_last,nearly_sorted,10000,92,184867330892,7258303,20048,3.564750,1264
QuickSort,det_last,nearly_sorted,10000,93,184867330893,5635617,20054,2.500166,1301
QuickSort,det_last,nearly_sorted,10000,94,184867330894,4883394,20048,3.973902,1103
QuickSort,det_last,nearly_sorted,10000,95,184867330895,6090936,20052,3.036402,1578
QuickSort,det_last,nearly_sorted,10000,96,184867330896,5898459,20040,3.096041,1079
QuickSort,det_last,nearly_sorted,10000,97,184867330897,6103294,20038,2.755561,1517
QuickSort,det_last,nearly_sorted,10000,98,184867330898,5387574,20028,2.662764,1453
QuickSort,det_last,nearly_sorted,10000,99,184867330899,5511137,20048,3.822122,1273
QuickSort,det_last,nearly_sorted,5000,0,172734648158,1297476,10052,0.725147,524
QuickSort,det_last,nearly_sorted,5000,1,172734648159,1362969,10046,0.720750,538
QuickSort,det_last,nearly_sorted,5000,2,172734648160,1229706,10042,4.061515,551
QuickSort,det_last,nearly_sorted,5000,3,172734648161,2062445,10040,1.621310,890
QuickSort,det_last,nearly_sorted,5000,4,172734648162,1540229,10046,1.127037,679
QuickSort,det_last,nearly_sorted,5000,5,172734648163,2256139,10048,1.153292,873
QuickSort,det_last,nearly_sorted,5000,6,172734648164,2596764,10028,1.297975,1051
QuickSort,det_last,nearly_sorted,5000,7,172734648165,1575602,10056,0.784252,807
QuickSort,det_last,nearly_sorted,5000,8,172734648166,1526806,10044,0.698526,639
QuickSort,det_last,nearly_sorted,5000,9,172734648167,2353475,10048,1.069774,834
QuickSort,det_last,nearly_sorted,5000,10,172734648168,1289549,10042,0.724107,669
QuickSort,det_last,nearly_sorted,5000,11,172734648169,1193569,10056,1.013294,556
QuickSort,det_last,nearly_sorted,5000,12,172734648170,1653609,10036,1.102546,803
QuickSort,det_last,nearly_sorted,5000,13,172734648171,1504609,10036,1.374312,584
QuickSort,det_last,nearly_sorted,5000,14,172734648172,1638835,10024,1.184554,724
QuickSort,det_last,nearly_sorted,5000,15,172734648173,1738545,10042,0.787521,924
QuickSort,det_last,nearly_sorted,5000,16,172734648174,1449225,10032,0.696644,549
QuickSort,det_last,nearly_sorted,5000,17,172734648175,1016455,10048,0.817063,540
QuickSort,det_last,nearly_sorted,5000,18,172734648176,1623451,10036,1.112083,769
QuickSort,det_last,nearly_sorted,5000,19,172734648177,1547935,10050,0.798330,648
QuickSort,det_last,nearly_sorted,5000,20,172734648178,1768121,10040,0.813111,639
QuickSort,det_last,nearly_sorted,5000,21,172734648179,1769881,10044,1.131703,753
QuickSort,det_last,nearly_sorted,5000,22,172734648180,984707,10052,0.529441,492
QuickSort,det_last,nearly_sorted,5000,23,172734648181,1692813,10030,0.778696,771
QuickSort,det_last,nearly_sorted,5000,24,172734648182,1579006,10040,0.731812,752
QuickSort,det_last,nearly_sorted,5000,25,172734648183,2666261,10054,1.418453,948
QuickSort,det_last,nearly_sorted,5000,26,172734648184,1262104,10030,0.592071,665
QuickSort,det_last,nearly_sorted,5000,27,172734648185,1576357,10038,0.802940,684
QuickSort,det_last,nearly_sorted,5000,28,172734648186,1421019,10048,0.663903,642
QuickSort,det_last,nearly_sorted,5000,29,172734648187,1914409,10028,0.850517,755
QuickSort,det_last,nearly_sorted,5000,30,172734648188,1716425,10052,0.782796,653
QuickSort,det_last,nearly_sorted,5000,31,172734648189,2105199,10032,1.150738,828
QuickSort,det_last,nearly_sorted,5000,32,172734648190,1110297,10040,0.543721,560
QuickSort,det_last,nearly_sorted,5000,33,172734648191,1291741,10032,0.639806,528
QuickSort,det_last,nearly_sorted,5000,34,172734648192,1549021,10056,0.895608,676
QuickSort,det_last,nearly_sorted,5000,35,172734648193,1622902,10026,0.818667,598
QuickSort,det_last,nearly_sorted,5000,36,172734648194,977692,10042,0.560538,778
QuickSort,det_last,nearly_sorted,5000,37,172734648195,1981384,10046,1.101169,750
QuickSort,det_last,nearly_sorted,5000,38,172734648196,1289402,10032,0.595289,508
QuickSort,det_last,nearly_sorted,5000,39,172734648197,1294238,10042,0.790481,686
QuickSort,det_last,nearly_sorted,5000,40,172734648198,1642828,10046,0.745964,765
QuickSort,det_last,nearly_sorted,5000,41,172734648199,1554771,10042,0.783053,736
QuickSort,det_last,nearly_sorted,5000,42,172734648200,1317645,10054,0.888141,562
QuickSort,det_last,nearly_sorted,5000,43,172734648201,1382939,10054,0.921814,572
QuickSort,det_last,nearly_sorted,5000,44,172734648202,1067431,10042,0.511485,578
QuickSort,det_last,nearly_sorted,5000,45,172734648203,2326348,10048,1.267452,754
QuickSort,det_last,nearly_sorted,5000,46,172734648204,1873755,10052,0.885705,711
QuickSort,det_last,nearly_sorted,5000,47,172734648205,1424067,10052,0.677292,692
QuickSort,det_last,nearly_sorted,5000,48,172734648206,1541220,10036,0.706983,733
QuickSort,det_last,nearly_sorted,5000,49,172734648207,1375319,10042,0.633340,688
QuickSort,det_last,nearly_sorted,5000,50,172734648208,1877889,10032,1.487274,816
QuickSort,det_last,nearly_sorted,5000,51,172734648209,1439168,10040,0.732396,602
QuickSort,det_last,nearly_sorted,5000,52,172734648210,1620523,10042,1.242336,674
QuickSort,det_last,nearly_sorted,5000,53,172734648211,2131598,10052,0.958140,816
QuickSort,det_last,nearly_sorted,5000,54,172734648212,1660862,10044,1.096424,635
QuickSort,det_last,nearly_sorted,5000,55,172734648213,1998869,10052,0.905720,760
QuickSort,det_last,nearly_sorted,5000,56,172734648214,1481672,10046,0.798632,715
QuickSort,det_last,nearly_sorted,5000,57,172734648215,1842581,10045,1.319565,791
QuickSort,det_last,nearly_sorted,5000,58,172734648216,1684216,10044,1.109528,646
QuickSort,det_last,nearly_sorted,5000,59,172734648217,1855189,10046,1.117619,734
QuickSort,det_last,nearly_sorted,5000,60,172734648218,1430154,10048,0.692742,718
QuickSort,det_last,nearly_sorted,5000,61,172734648219,2448147,10038,1.085937,968
QuickSort,det_last,nearly_sorted,5000,62,172734648220,1217314,10048,0.572175,749
QuickSort,det_last,nearly_sorted,5000,63,172734648221,1332770,10042,0.654306,501
QuickSort,det_last,nearly_sorted,5000,64,172734648222,2131615,10020,0.979978,818
QuickSort,det_last,nearly_sorted,5000,65,172734648223,1818994,10040,0.950386,721
QuickSort,det_last,nearly_sorted,5000,66,172734648224,1317662,10035,1.071131,785
QuickSort,det_last,nearly_sorted,5000,67,172734648225,1011467,10052,0.486706,494
QuickSort,det_last,nearly_sorted,5000,68,172734648226,1223161,10052,0.608491,701
QuickSort,det_last,nearly_sorted,5000,69,172734648227,1293732,10048,0.606114,733
QuickSort,det_last,nearly_sorted,5000,70,172734648228,1631629,10046,0.740171,695
QuickSort,det_last,nearly_sorted,5000,71,172734648229,2329139,10036,1.125107,861
QuickSort,det_last,nearly_sorted,5000,72,172734648230,1479727,10042,0.927776,700
QuickSort,det_last,nearly_sorted,5000,73,172734648231,1256757,10040,0.748529,518
QuickSort,det_last,nearly_sorted,5000,74,172734648232,1626764,10030,0.988376,736
QuickSort,det_last,nearly_sorted,5000,75,172734648233,1153721,10044,0.691187,617
QuickSort,det_last,nearly_sorted,5000,76,172734648234,1981872,10028,0.903502,876
QuickSort,det_last,nearly_sorted,5000,77,172734648235,1341815,10040,0.621981,719
QuickSort,det_last,nearly_sorted,5000,78,172734648236,1123037,10054,0.565490,631
QuickSort,det_last,nearly_sorted,5000,79,172734648237,984247,10042,0.483310,437
QuickSort,det_last,nearly_sorted,5000,80,172734648238,1334602,10042,0.623229,541
QuickSort,det_last,nearly_sorted,5000,81,172734648239,1412635,10038,0.854836,576
QuickSort,det_last,nearly_sorted,5000,82,172734648240,1588463,10046,0.770882,615
QuickSort,det_last,nearly_sorted,5000,83,172734648241,1837483,10040,0.835166,706
QuickSort,det_last,nearly_sorted,5000,84,172734648242,1583801,10042,0.717392,643
QuickSort,det_last,nearly_sorted,5000,85,172734648243,1551659,10048,0.757720,801
QuickSort,det_last,nearly_sorted,5000,86,172734648244,1866171,10034,1.205286,678
QuickSort,det_last,nearly_sorted,5000,87,172734648245,1633169,10036,0.858598,595
QuickSort,det_last,nearly_sorted,5000,88,172734648246,1938790,10038,0.910474,735
QuickSort,det_last,nearly_sorted,5000,89,172734648247,1204503,10038,0.786846,612
QuickSort,det_last,nearly_sorted,5000,90,172734648248,1737607,10038,1.344492,694
QuickSort,det_last,nearly_sorted,5000,91,172734648249,1580178,10050,1.164543,679
QuickSort,det_last,nearly_sorted,5000,92,172734648250,1554183,10030,0.955229,669
QuickSort,det_last,nearly_sorted,5000,93,172734648251,1731627,10036,1.402211,880
QuickSort,det_last,nearly_sorted,5000,94,172734648252,1539637,10040,0.701506,689
QuickSort,det_last,nearly_sorted,5000,95,172734648253,1625024,10036,0.837474,665
QuickSort,det_last,nearly_sorted,5000,96,172734648254,1339835,10042,0.824461,676
QuickSort,det_last,nearly_sorted,5000,97,172734648255,2138730,10036,1.293212,890
QuickSort,det_last,nearly_sorted,5000,98,172734648256,1300067,10058,0.934065,650
QuickSort,det_last,nearly_sorted,5000,99,172734648257,2320346,10034,1.748086,897
QuickSort,det_last,nearly_sorted,5000,100,172734648258,1508920,10028,1.194502,652
QuickSort,det_last,nearly_sorted,5000,101,172734648259,1294393,10056,0.913634,637
QuickSort,det_last,nearly_sorted,5000,102,172734648260,1051713,10054,0.803406,491
QuickSort,det_last,nearly_sorted,5000,103,172734648261,1780250,10042,1.235324,716
QuickSort,det_last,nearly_sorted,5000,104,172734648262,1700984,10046,1.198859,737
QuickSort,det_last,nearly_sorted,5000,105,172734648263,2173803,10040,1.491948,771
QuickSort,det_last,nearly_sorted,5000,106,172734648264,1885816,10040,1.293162,679
QuickSort,det_last,nearly_sorted,5000,107,172734648265,1208440,10042,0.898808,546
QuickSort,det_last,nearly_sorted,5000,108,172734648266,1441448,10044,0.759899,544
QuickSort,det_last,nearly_sorted,5000,109,172734648267,1536856,10056,1.013016,736
QuickSort,det_last,nearly_sorted,5000,110,172734648268,1255084,10040,0.811427,669
QuickSort,det_last,nearly_sorted,5000,111,172734648269,1239588,10034,0.751679,495
QuickSort,det_last,nearly_sorted,5000,112,172734648270,1427582,10040,0.655742,616
QuickSort,det_last,nearly_sorted,5000,113,172734648271,1390071,10040,0.705924,769
QuickSort,det_last,nearly_sorted,5000,114,172734648272,1958057,10040,1.137743,1029
QuickSort,det_last,nearly_sorted,5000,115,172734648273,1410469,10032,2.154327,629
QuickSort,det_last,nearly_sorted,5000,116,172734648274,2098264,10042,3.194132,851
QuickSort,det_last,nearly_sorted,5000,117,172734648275,2378696,10040,1.810054,902
QuickSort,det_last,nearly_sorted,5000,118,172734648276,1639329,10048,1.260271,763
QuickSort,det_last,nearly_sorted,5000,119,172734648277,1758377,10040,1.238335,707
QuickSort,det_last,nearly_sorted,5000,120,172734648278,1866499,10046,1.215764,785
QuickSort,det_last,nearly_sorted,5000,121,172734648279,1692786,10032,0.942255,952
QuickSort,det_last,nearly_sorted,5000,122,172734648280,1265986,10040,0.618058,562
QuickSort,det_last,nearly_sorted,5000,123,172734648281,1227967,10046,0.643738,642
QuickSort,det_last,nearly_sorted,5000,124,172734648282,2051768,10040,1.021593,864
QuickSort,det_last,nearly_sorted,5000,125,172734648283,1107276,10042,0.699407,501
QuickSort,det_last,nearly_sorted,5000,126,172734648284,1699480,10044,1.225134,815
QuickSort,det_last,nearly_sorted,5000,127,172734648285,1674093,10026,0.991169,630
QuickSort,det_last,nearly_sorted,5000,128,172734648286,1431712,10044,1.124571,657
QuickSort,det_last,nearly_sorted,5000,129,172734648287,1848482,10046,2.127299,845
QuickSort,det_last,nearly_sorted,5000,130,172734648288,1262390,10050,1.358486,559
QuickSort,det_last,nearly_sorted,5000,131,172734648289,1880832,10032,1.393991,872
QuickSort,det_last,nearly_sorted,5000,132,172734648290,1511770,10054,0.705676,743
QuickSort,det_last,nearly_sorted,5000,133,172734648291,1393525,10042,0.705290,696
QuickSort,det_last,nearly_sorted,5000,134,172734648292,1826340,10046,1.124156,778
QuickSort,det_last,nearly_sorted,5000,135,172734648293,1382182,10034,0.652463,862
QuickSort,det_last,nearly_sorted,5000,136,172734648294,1972256,10034,1.094751,842
QuickSort,det_last,nearly_sorted,5000,137,172734648295,1583267,10056,0.863353,708
QuickSort,det_last,nearly_sorted,5000,138,172734648296,1212616,10052,0.580593,631
QuickSort,det_last,nearly_sorted,5000,139,172734648297,1290476,10044,0.629260,596
QuickSort,det_last,nearly_sorted,5000,140,172734648298,2003001,10034,0.918249,821
QuickSort,det_last,nearly_sorted,5000,141,172734648299,1123505,10046,0.582732,479
QuickSort,det_last,nearly_sorted,5000,142,172734648300,1396706,10032,0.644511,703
QuickSort,det_last,nearly_sorted,5000,143,172734648301,1250947,10048,0.598479,685
QuickSort,det_last,nearly_sorted,5000,144,172734648302,1523935,10040,0.694287,779
QuickSort,det_last,nearly_sorted,5000,145,172734648303,1829881,10048,0.933392,820
QuickSort,det_last,nearly_sorted,5000,146,172734648304,2383444,10030,1.466041,821
QuickSort,det_last,nearly_sorted,5000,147,172734648305,1329917,10038,0.625447,849
QuickSort,det_last,nearly_sorted,5000,148,172734648306,2719608,10044,1.224183,928
QuickSort,det_last,nearly_sorted,5000,149,172734648307,1612600,10030,0.726919,724
QuickSort,det_last,nearly_sorted,5000,150,172734648308,1319284,10042,0.613423,604
QuickSort,det_last,nearly_sorted,5000,151,172734648309,1226787,10052,0.598786,598
QuickSort,det_last,nearly_sorted,5000,152,172734648310,2004735,10048,0.888181,759
QuickSort,det_last,nearly_sorted,5000,153,172734648311,2010894,10042,0.903552,850
QuickSort,det_last,nearly_sorted,5000,154,172734648312,1320206,10046,0.658138,896
QuickSort,det_last,nearly_sorted,5000,155,172734648313,1547641,10050,0.702963,727
QuickSort,det_last,nearly_sorted,5000,156,172734648314,1637339,10064,0.749262,605
QuickSort,det_last,nearly_sorted,5000,157,172734648315,1366647,10034,0.678391,682
QuickSort,det_last,nearly_sorted,5000,158,172734648316,1817823,10038,0.826679,749
QuickSort,det_last,nearly_sorted,5000,159,172734648317,1826309,10034,1.007124,779
QuickSort,det_last,nearly_sorted,5000,160,172734648318,1424681,10046,0.655038,863
QuickSort,det_last,nearly_sorted,5000,161,172734648319,1519063,10060,0.697347,656
QuickSort,det_last,nearly_sorted,5000,162,172734648320,2553408,10046,1.155213,973
QuickSort,det_last,nearly_sorted,5000,163,172734648321,1403626,10048,0.696436,539
QuickSort,det_last,nearly_sorted,5000,164,172734648322,1144661,10060,0.840832,732
QuickSort,det_last,nearly_sorted,5000,165,172734648323,1648989,10032,1.226609,747
QuickSort,det_last,nearly_sorted,5000,166,172734648324,1929251,10050,1.060059,970
QuickSort,det_last,nearly_sorted,5000,167,172734648325,1723339,10046,0.823154,758
QuickSort,det_last,nearly_sorted,5000,168,172734648326,1082900,10034,0.524192,681
QuickSort,det_last,nearly_sorted,5000,169,172734648327,2062080,10042,0.904512,647
QuickSort,det_last,nearly_sorted,5000,170,172734648328,1594898,10038,0.744746,907
QuickSort,det_last,nearly_sorted,5000,171,172734648329,2026161,10046,1.527423,845
QuickSort,det_last,nearly_sorted,5000,172,172734648330,1241086,10048,0.820579,469
QuickSort,det_last,nearly_sorted,5000,173,172734648331,1313260,10056,0.605540,634
QuickSort,det_last,nearly_sorted,5000,174,172734648332,1483946,10024,0.671894,703
QuickSort,det_last,nearly_sorted,5000,175,172734648333,1603933,10048,0.730118,613
QuickSort,det_last,nearly_sorted,5000,176,172734648334,1265963,10046,0.587773,567
QuickSort,det_last,nearly_sorted,5000,177,172734648335,1389554,10044,1.060148,857
QuickSort,det_last,nearly_sorted,5000,178,172734648336,1982921,10030,1.487452,823
QuickSort,det_last,nearly_sorted,5000,179,172734648337,2152442,10036,1.274562,950
QuickSort,det_last,nearly_sorted,5000,180,172734648338,1444543,10060,0.661753,528
QuickSort,det_last,nearly_sorted,5000,181,172734648339,1265484,10034,0.694970,629
QuickSort,det_last,nearly_sorted,5000,182,172734648340,1284408,10050,0.600430,680
QuickSort,det_last,nearly_sorted,5000,183,172734648341,1292159,10036,0.610274,586
QuickSort,det_last,nearly_sorted,5000,184,172734648342,1680774,10046,0.767782,695
QuickSort,det_last,nearly_sorted,5000,185,172734648343,1928040,10054,0.857727,865
QuickSort,det_last,nearly_sorted,5000,186,172734648344,1504568,10046,0.701566,715
QuickSort,det_last,nearly_sorted,5000,187,172734648345,1269344,10038,0.644769,498
QuickSort,det_last,nearly_sorted,5000,188,172734648346,1377192,10036,0.638786,642
QuickSort,det_last,nearly_sorted,5000,189,172734648347,1348456,10046,0.632330,617
QuickSort,det_last,nearly_sorted,5000,190,172734648348,1561499,10028,0.727742,674
QuickSort,det_last,nearly_sorted,5000,191,172734648349,1999670,10034,0.887072,866
QuickSort,det_last,nearly_sorted,5000,192,172734648350,1767694,10062,0.797126,663
QuickSort,det_last,nearly_sorted,5000,193,172734648351,2031883,10034,0.899699,703
QuickSort,det_last,nearly_sorted,5000,194,172734648352,1846857,10042,1.414338,778
QuickSort,det_last,nearly_sorted,5000,195,172734648353,1339700,10040,1.159754,573
QuickSort,det_last,nearly_sorted,5000,196,172734648354,1506930,10044,0.692187,651
QuickSort,det_last,nearly_sorted,5000,197,172734648355,1462735,10040,0.674093,747
QuickSort,det_last,nearly_sorted,5000,198,172734648356,1810046,10046,0.867651,729
QuickSort,det_last,nearly_sorted,5000,199,172734648357,1806414,10042,1.186806,822
QuickSort,det_last,nearly_sorted,50000,0,266644902164,166991108,100050,88.649107,7486
QuickSort,det_last,nearly_sorted,50000,1,266644902165,110400332,100056,57.763742,7109
QuickSort,det_last,nearly_sorted,50000,2,266644902166,172095352,100042,79.842351,6954
QuickSort,det_last,nearly_sorted,50000,3,266644902167,149477178,100044,77.267480,6230
QuickSort,det_last,nearly_sorted,50000,4,266644902168,178782452,100044,93.636056,8306
QuickSort,det_last,nearly_sorted,50000,5,266644902169,154039069,100038,70.766691,6995
QuickSort,det_last,nearly_sorted,50000,6,266644902170,118545905,100030,60.153796,5973
QuickSort,det_last,nearly_sorted,50000,7,266644902171,177749674,100042,88.267660,8187
QuickSort,det_last,nearly_sorted,50000,8,266644902172,117849620,100038,58.387230,5935
QuickSort,det_last,nearly_sorted,50000,9,266644902173,223186982,100044,102.986523,7378
QuickSort,det_last,nearly_sorted,50000,10,266644902174,98376062,100050,45.560418,5333
QuickSort,det_last,nearly_sorted,50000,11,266644902175,175593984,100030,81.768670,8126
QuickSort,det_last,nearly_sorted,50000,12,266644902176,168939036,100044,71.657872,7136
QuickSort,det_last,nearly_sorted,50000,13,266644902177,196657675,100052,88.360581,7181
QuickSort,det_last,nearly_sorted,50000,14,266644902178,130227775,100046,64.921871,6790
QuickSort,det_last,nearly_sorted,50000,15,266644902179,211438085,100056,110.838544,8444
QuickSort,det_last,nearly_sorted,50000,16,266644902180,150172815,100052,71.197446,6103
QuickSort,det_last,nearly_sorted,50000,17,266644902181,166208098,100044,78.739239,9931
QuickSort,det_last,nearly_sorted,50000,18,266644902182,112451449,100042,51.595823,5657
QuickSort,det_last,nearly_sorted,50000,19,266644902183,142239806,100044,69.674941,6216
QuickSort,det_last,nearly_sorted,50000,20,266644902184,128722702,100036,68.942711,5293
QuickSort,det_last,nearly_sorted,50000,21,266644902185,196365448,100026,98.395143,7753
QuickSort,det_last,nearly_sorted,50000,22,266644902186,221844493,100036,105.839963,7986
QuickSort,det_last,nearly_sorted,50000,23,266644902187,120081607,100040,58.141727,6217
QuickSort,det_last,nearly_sorted,50000,24,266644902188,180342995,100050,84.896789,7550
QuickSort,det_last,nearly_sorted,50000,25,266644902189,271700736,100036,116.994843,9473
QuickSort,det_last,nearly_sorted,50000,26,266644902190,141889659,100044,61.822018,4968
QuickSort,det_last,nearly_sorted,50000,27,266644902191,303866110,100034,131.082053,11697
QuickSort,det_last,nearly_sorted,50000,28,266644902192,136985390,100064,59.362837,6555
QuickSort,det_last,nearly_sorted,50000,29,266644902193,135459353,100048,61.739722,5493
QuickSort,det_last,random,1000,0,165296167316,14886,3308,0.079905,21
QuickSort,det_last,random,1000,1,165296167317,17223,3185,0.065703,25
QuickSort,det_last,random,1000,2,165296167318,15333,3266,0.065905,19
QuickSort,det_last,random,1000,3,165296167319,14890,3284,0.065573,20
QuickSort,det_last,random,1000,4,165296167320,14930,3285,0.066025,23
QuickSort,det_last,random,1000,5,165296167321,16716,3244,0.065835,26
QuickSort,det_last,random,1000,6,165296167322,16081,3276,0.066086,28
QuickSort,det_last,random,1000,7,165296167323,17073,3273,0.075155,26
QuickSort,det_last,random,1000,8,165296167324,15561,3263,0.068290,21
QuickSort,det_last,random,1000,9,165296167325,16065,3242,0.065814,24
QuickSort,det_last,random,1000,10,165296167326,16358,3276,0.066579,25
QuickSort,det_last,random,1000,11,165296167327,16371,3234,0.064818,25
QuickSort,det_last,random,1000,12,165296167328,15736,3310,0.073232,24
QuickSort,det_last,random,1000,13,165296167329,15929,3213,0.074974,22
QuickSort,det_last,random,1000,14,165296167330,16465,3209,0.071813,24
QuickSort,det_last,random,1000,15,165296167331,14556,3284,0.071028,20
QuickSort,det_last,random,1000,16,165296167332,15688,3272,0.072820,22
QuickSort,det_last,random,1000,17,165296167333,15788,3280,0.065603,23
QuickSort,det_last,random,1000,18,165296167334,16246,3296,0.072115,22
QuickSort,det_last,random,1000,19,165296167335,14717,3300,0.064828,23
QuickSort,det_last,random,1000,20,165296167336,15431,3262,0.069126,22
QuickSort,det_last,random,1000,21,165296167337,16922,3158,0.078969,28
QuickSort,det_last,random,1000,22,165296167338,16741,3229,0.064364,25
QuickSort,det_last,random,1000,23,165296167339,16520,3196,0.069156,25
QuickSort,det_last,random,1000,24,165296167340,15662,3293,0.090473,22
QuickSort,det_last,random,1000,25,165296167341,17045,3231,0.070867,26
QuickSort,det_last,random,1000,26,165296167342,16515,3318,0.073554,24
QuickSort,det_last,random,1000,27,165296167343,16883,3275,0.066750,25
QuickSort,det_last,random,1000,28,165296167344,15545,3275,0.064325,22
QuickSort,det_last,random,1000,29,165296167345,15758,3237,0.063852,22
QuickSort,det_last,random,1000,30,165296167346,15411,3262,0.063881,21
QuickSort,det_last,random,1000,31,165296167347,15767,3284,0.064083,24
QuickSort,det_last,random,1000,32,165296167348,16997,3199,0.062523,23
QuickSort,det_last,random,1000,33,165296167349,15779,3295,0.063922,22
QuickSort,det_last,random,1000,34,165296167350,16347,3211,0.062272,28
QuickSort,det_last,random,1000,35,165296167351,15382,3304,0.063147,23
QuickSort,det_last,random,1000,36,165296167352,16684,3209,0.061899,24
QuickSort,det_last,random,1000,37,165296167353,15194,3316,0.067565,23
QuickSort,det_last,random,1000,38,165296167354,15658,3227,0.065593,24
QuickSort,det_last,random,1000,39,165296167355,15409,3238,0.065270,23
QuickSort,det_last,random,1000,40,165296167356,15278,3218,0.066086,22
QuickSort,det_last,random,1000,41,165296167357,15244,3254,0.065281,22
QuickSort,det_last,random,1000,42,165296167358,15214,3293,0.065845,21
QuickSort,det_last,random,1000,43,165296167359,16550,3221,0.064989,24
QuickSort,det_last,random,1000,44,165296167360,15184,3283,0.064164,22
QuickSort,det_last,random,1000,45,165296167361,16537,3231,0.064607,25
QuickSort,det_last,random,1000,46,165296167362,14600,3301,0.065543,20
QuickSort,det_last,random,1000,47,165296167363,16368,3297,0.064909,23
QuickSort,det_last,random,1000,48,165296167364,15902,3261,0.064526,23
QuickSort,det_last,random,1000,49,165296167365,15571,3252,0.063701,22
QuickSort,det_last,random,1000,50,165296167366,15256,3234,0.063167,20
QuickSort,det_last,random,1000,51,165296167367,16158,3239,0.064707,22
QuickSort,det_last,random,1000,52,165296167368,16775,3262,0.169080,24
QuickSort,det_last,random,1000,53,165296167369,16124,3239,0.064365,26
QuickSort,det_last,random,1000,54,165296167370,15613,3294,0.062906,22
QuickSort,det_last,random,1000,55,165296167371,16279,3271,0.064596,23
QuickSort,det_last,random,1000,56,165296167372,14928,3263,0.064174,21
QuickSort,det_last,random,1000,57,165296167373,15445,3252,0.063841,22
QuickSort,det_last,random,1000,58,165296167374,15673,3246,0.063479,24
QuickSort,det_last,random,1000,59,165296167375,15377,3263,0.063580,24
QuickSort,det_last,random,1000,60,165296167376,15781,3318,0.063741,23
QuickSort,det_last,random,1000,61,165296167377,15156,3281,0.064203,21
QuickSort,det_last,random,1000,62,165296167378,16846,3200,0.063459,23
QuickSort,det_last,random,1000,63,165296167379,15720,3288,0.063469,27
QuickSort,det_last,random,1000,64,165296167380,15106,3323,0.063469,24
QuickSort,det_last,random,1000,65,165296167381,15239,3288,0.063640,21
QuickSort,det_last,random,1000,66,165296167382,16399,3169,0.062704,25
QuickSort,det_last,random,1000,67,165296167383,15949,3269,0.062684,23
QuickSort,det_last,random,1000,68,165296167384,17503,3208,0.062935,26
QuickSort,det_last,random,1000,69,165296167385,15365,3270,0.062945,24
QuickSort,det_last,random,1000,70,165296167386,15936,3226,0.063308,23
QuickSort,det_last,random,1000,71,165296167387,16752,3205,0.063288,26
QuickSort,det_last,random,1000,72,165296167388,16295,3186,0.061798,24
QuickSort,det_last,random,1000,73,165296167389,16697,3188,0.063630,26
QuickSort,det_last,random,1000,74,165296167390,15989,3246,0.063661,22
QuickSort,det_last,random,1000,75,165296167391,15434,3268,0.063036,23
QuickSort,det_last,random,1000,76,165296167392,17207,3189,0.063419,27
QuickSort,det_last,random,1000,77,165296167393,15270,3257,0.063328,21
QuickSort,det_last,random,1000,78,165296167394,15507,3292,0.063600,23
QuickSort,det_last,random,1000,79,165296167395,15078,3286,0.064133,20
QuickSort,det_last,random,1000,80,165296167396,15683,3312,0.064375,23
QuickSort,det_last,random,1000,81,165296167397,15516,3300,0.110974,23
QuickSort,det_last,random,1000,82,165296167398,16151,3222,0.068612,25
QuickSort,det_last,random,1000,83,165296167399,15500,3293,0.066670,23
QuickSort,det_last,random,1000,84,165296167400,15555,3255,0.065814,27
QuickSort,det_last,random,1000,85,165296167401,15910,3274,0.066368,23
QuickSort,det_last,random,1000,86,165296167402,16345,3281,0.066035,22
QuickSort,det_last,random,1000,87,165296167403,15620,3293,0.103930,24
QuickSort,det_last,random,1000,88,165296167404,15082,3308,0.116330,21
QuickSort,det_last,random,1000,89,165296167405,15335,3316,0.118946,25
QuickSort,det_last,random,1000,90,165296167406,17114,3176,0.116813,25
QuickSort,det_last,random,1000,91,165296167407,17060,3274,0.124201,25
QuickSort,det_last,random,1000,92,165296167408,15857,3243,0.117246,23
QuickSort,det_last,random,1000,93,165296167409,16293,3307,0.126868,23
QuickSort,det_last,random,1000,94,165296167410,17056,3199,0.128559,29
QuickSort,det_last,random,1000,95,165296167411,15229,3313,0.130873,22
QuickSort,det_last,random,1000,96,165296167412,17070,3257,0.106326,25
QuickSort,det_last,random,1000,97,165296167413,15514,3258,0.084072,22
QuickSort,det_last,random,1000,98,165296167414,16467,3183,0.064496,25
QuickSort,det_last,random,1000,99,165296167415,16273,3264,0.065321,29
QuickSort,det_last,random,1000,100,165296167416,16453,3253,0.068270,24
QuickSort,det_last,random,1000,101,165296167417,15070,3282,0.065825,24
QuickSort,det_last,random,1000,102,165296167418,16337,3208,0.063499,23
QuickSort,det_last,random,1000,103,165296167419,15555,3258,0.065109,24
QuickSort,det_last,random,1000,104,165296167420,15469,3284,0.064938,21
QuickSort,det_last,random,1000,105,165296167421,15009,3245,0.064536,24
QuickSort,det_last,random,1000,106,165296167422,16418,3265,0.065694,22
QuickSort,det_last,random,1000,107,165296167423,15122,3282,0.065170,21
QuickSort,det_last,random,1000,108,165296167424,15370,3258,0.063700,27
QuickSort,det_last,random,1000,109,165296167425,15004,3305,0.064455,20
QuickSort,det_last,random,1000,110,165296167426,16627,3258,0.064918,24
QuickSort,det_last,random,1000,111,165296167427,14836,3303,0.063479,22
QuickSort,det_last,random,1000,112,165296167428,16507,3272,0.063218,25
QuickSort,det_last,random,1000,113,165296167429,15830,3229,0.063721,23
QuickSort,det_last,random,1000,114,165296167430,15773,3273,0.062412,23
QuickSort,det_last,random,1000,115,165296167431,16337,3197,0.066086,29
QuickSort,det_last,random,1000,116,165296167432,16328,3207,0.068492,26
QuickSort,det_last,random,1000,117,165296167433,17635,3207,0.067082,25
QuickSort,det_last,random,1000,118,165296167434,16540,3287,0.980006,24
QuickSort,det_last,random,1000,119,165296167435,15089,3247,0.311397,22
QuickSort,det_last,random,1000,120,165296167436,14811,3269,0.096612,20
QuickSort,det_last,random,1000,121,165296167437,15151,3306,0.205373,22
QuickSort,det_last,random,1000,122,165296167438,15414,3247,0.072608,24
QuickSort,det_last,random,1000,123,165296167439,16408,3226,0.075809,25
QuickSort,det_last,random,1000,124,165296167440,16002,3262,0.117638,26
QuickSort,det_last,random,1000,125,165296167441,15036,3256,0.072718,21
QuickSort,det_last,random,1000,126,165296167442,15495,3252,0.091923,25
QuickSort,det_last,random,1000,127,165296167443,15371,3278,0.071470,21
QuickSort,det_last,random,1000,128,165296167444,15502,3294,0.072115,21
QuickSort,det_last,random,1000,129,165296167445,15507,3297,0.071652,21
QuickSort,det_last,random,1000,130,165296167446,15810,3237,0.070293,25
QuickSort,det_last,random,1000,131,165296167447,15517,3309,0.071360,23
QuickSort,det_last,random,1000,132,165296167448,15768,3301,0.069598,23
QuickSort,det_last,random,1000,133,165296167449,16322,3244,0.117195,23
QuickSort,det_last,random,1000,134,165296167450,16462,3276,0.077117,27
QuickSort,det_last,random,1000,135,165296167451,16193,3247,0.073242,25
QuickSort,det_last,random,1000,136,165296167452,15855,3251,0.075033,23
QuickSort,det_last,random,1000,137,165296167453,14942,3298,0.064999,22
QuickSort,det_last,random,1000,138,165296167454,15969,3209,0.066982,23
QuickSort,det_last,random,1000,139,165296167455,16075,3318,0.067817,23
QuickSort,det_last,random,1000,140,165296167456,15840,3296,0.129937,24
QuickSort,det_last,random,1000,141,165296167457,16064,3273,0.066337,23
QuickSort,det_last,random,1000,142,165296167458,18190,3191,0.066831,28
QuickSort,det_last,random,1000,143,165296167459,16779,3242,0.066730,25
QuickSort,det_last,random,1000,144,165296167460,15301,3289,0.065985,23
QuickSort,det_last,random,1000,145,165296167461,15978,3245,0.066086,22
QuickSort,det_last,random,1000,146,165296167462,16921,3223,0.118595,24
QuickSort,det_last,random,1000,147,165296167463,18071,3196,0.267988,26
QuickSort,det_last,random,1000,148,165296167464,16224,3252,0.072950,27
QuickSort,det_last,random,1000,149,165296167465,16270,3263,0.070031,23
QuickSort,det_last,random,1000,150,165296167466,15869,3243,0.071209,24
QuickSort,det_last,random,1000,151,165296167467,15242,3263,0.116712,25
QuickSort,det_last,random,1000,152,165296167468,15647,3260,0.067092,26
QuickSort,det_last,random,1000,153,165296167469,18372,3210,0.068511,31
QuickSort,det_last,random,1000,154,165296167470,17197,3231,0.073010,29
QuickSort,det_last,random,1000,155,165296167471,16032,3273,0.100971,23
QuickSort,det_last,random,1000,156,165296167472,15657,3316,0.076533,21
QuickSort,det_last,random,1000,157,165296167473,15958,3276,0.418869,22
QuickSort,det_last,random,1000,158,165296167474,17125,3257,0.350610,26
QuickSort,det_last,random,1000,159,165296167475,15751,3236,0.344843,22
QuickSort,det_last,random,1000,160,165296167476,15720,3261,0.272737,22
QuickSort,det_last,random,1000,161,165296167477,15652,3285,0.070978,22
QuickSort,det_last,random,1000,162,165296167478,17455,3192,0.065482,29
QuickSort,det_last,random,1000,163,165296167479,15110,3285,0.067988,21
QuickSort,det_last,random,1000,164,165296167480,14992,3240,0.065170,22
QuickSort,det_last,random,1000,165,165296167481,16077,3251,0.083941,25
QuickSort,det_last,random,1000,166,165296167482,15484,3276,0.070525,25
QuickSort,det_last,random,1000,167,165296167483,15749,3272,0.072920,23
QuickSort,det_last,random,1000,168,165296167484,15542,3273,0.073594,26
QuickSort,det_last,random,1000,169,165296167485,15378,3248,0.072376,22
QuickSort,det_last,random,1000,170,165296167486,15471,3304,0.072437,22
QuickSort,det_last,random,1000,171,165296167487,15430,3305,0.070072,21
QuickSort,det_last,random,1000,172,165296167488,15761,3257,0.066166,23
QuickSort,det_last,random,1000,173,165296167489,15997,3178,0.062231,24
QuickSort,det_last,random,1000,174,165296167490,16737,3243,0.065019,24
QuickSort,det_last,random,1000,175,165296167491,17082,3230,0.066137,26
QuickSort,det_last,random,1000,176,165296167492,15954,3271,0.069960,24
QuickSort,det_last,random,1000,177,165296167493,15543,3283,0.065673,21
QuickSort,det_last,random,1000,178,165296167494,16623,3221,0.064073,26
QuickSort,det_last,random,1000,179,165296167495,15687,3222,0.061456,24
QuickSort,det_last,random,1000,180,165296167496,15387,3300,0.064586,22
QuickSort,det_last,random,1000,181,165296167497,15361,3269,0.065160,23
QuickSort,det_last,random,1000,182,165296167498,15282,3318,0.064022,23
QuickSort,det_last,random,1000,183,165296167499,16305,3239,0.064919,24
QuickSort,det_last,random,1000,184,165296167500,16971,3248,0.062754,29
QuickSort,det_last,random,1000,185,165296167501,15602,3269,0.063730,22
QuickSort,det_last,random,1000,186,165296167502,15894,3254,0.061989,23
QuickSort,det_last,random,1000,187,165296167503,16323,3263,0.062714,24
QuickSort,det_last,random,1000,188,165296167504,15677,3291,0.064384,24
QuickSort,det_last,random,1000,189,165296167505,15409,3270,0.063499,22
QuickSort,det_last,random,1000,190,165296167506,15629,3282,0.064093,21
QuickSort,det_last,random,1000,191,165296167507,17144,3248,0.062674,29
QuickSort,det_last,random,1000,192,165296167508,15352,3290,0.064295,22
QuickSort,det_last,random,1000,193,165296167509,17725,3227,0.064707,26
QuickSort,det_last,random,1000,194,165296167510,16147,3249,0.084434,24
QuickSort,det_last,random,1000,195,165296167511,15392,3276,0.062321,22
QuickSort,det_last,random,1000,196,165296167512,15583,3237,0.062624,23
QuickSort,det_last,random,1000,197,165296167513,16284,3227,0.063640,24
QuickSort,det_last,random,1000,198,165296167514,15441,3288,0.063972,21
QuickSort,det_last,random,1000,199,165296167515,15468,3265,0.063087,23
QuickSort,det_last,random,10000,0,173403712245,203883,40538,0.809166,31
QuickSort,det_last,random,10000,1,173403712246,214232,40459,0.796720,35
QuickSort,det_last,random,10000,2,173403712247,220426,39864,0.766325,36
QuickSort,det_last,random,10000,3,173403712248,211124,40366,0.778671,32
QuickSort,det_last,random,10000,4,173403712249,217811,39766,0.782968,36
QuickSort,det_last,random,10000,5,173403712250,216550,40072,0.850659,32
QuickSort,det_last,random,10000,6,173403712251,213169,40359,0.786205,34
QuickSort,det_last,random,10000,7,173403712252,226138,39995,0.859183,34
QuickSort,det_last,random,10000,8,173403712253,216975,39838,0.774581,32
QuickSort,det_last,random,10000,9,173403712254,214081,40131,0.784512,33
QuickSort,det_last,random,10000,10,173403712255,218705,39990,0.786552,34
QuickSort,det_last,random,10000,11,173403712256,222202,39765,0.758819,35
QuickSort,det_last,random,10000,12,173403712257,210210,40320,1.125315,31
QuickSort,det_last,random,10000,13,173403712258,215595,40187,0.762899,34
QuickSort,det_last,random,10000,14,173403712259,218429,40177,0.795166,35
QuickSort,det_last,random,10000,15,173403712260,217619,39846,0.830145,38
QuickSort,det_last,random,10000,16,173403712261,210353,40403,0.792660,32
QuickSort,det_last,random,10000,17,173403712262,209823,40245,0.762166,35
QuickSort,det_last,random,10000,18,173403712263,212836,40234,0.773522,36
QuickSort,det_last,random,10000,19,173403712264,215554,39911,0.795245,34
QuickSort,det_last,random,10000,20,173403712265,215098,40174,0.765365,37
QuickSort,det_last,random,10000,21,173403712266,211491,40188,0.773949,34
QuickSort,det_last,random,10000,22,173403712267,211341,40463,0.779335,35
QuickSort,det_last,random,10000,23,173403712268,218151,40184,0.764136,36
QuickSort,det_last,random,10000,24,173403712269,220323,39997,0.767126,37
QuickSort,det_last,random,10000,25,173403712270,211087,40244,0.766632,32
QuickSort,det_last,random,10000,26,173403712271,213875,40196,0.797671,37
QuickSort,det_last,random,10000,27,173403712272,218816,40184,0.788017,40
QuickSort,det_last,random,10000,28,173403712273,213311,40191,0.790978,35
QuickSort,det_last,random,10000,29,173403712274,222119,39814,0.775681,36
QuickSort,det_last,random,10000,30,173403712275,217393,40351,0.768899,34
QuickSort,det_last,random,10000,31,173403712276,223810,40308,0.822789,37
QuickSort,det_last,random,10000,32,173403712277,235204,40012,0.838313,37
QuickSort,det_last,random,10000,33,173403712278,205378,40323,0.777770,37
QuickSort,det_last,random,10000,34,173403712279,211843,40308,0.777344,35
QuickSort,det_last,random,10000,35,173403712280,227942,39531,0.744989,37
QuickSort,det_last,random,10000,36,173403712281,207161,40308,0.775661,33
QuickSort,det_last,random,10000,37,173403712282,224756,39664,0.751721,39
QuickSort,det_last,random,10000,38,173403712283,210680,40430,0.799383,32
QuickSort,det_last,random,10000,39,173403712284,207342,40291,0.787720,36
QuickSort,det_last,random,10000,40,173403712285,219818,40191,0.765860,35
QuickSort,det_last,random,10000,41,173403712286,208266,40162,0.771889,31
QuickSort,det_last,random,10000,42,173403712287,206966,40735,0.773255,30
QuickSort,det_last,random,10000,43,173403712288,211023,40504,0.782602,32
QuickSort,det_last,random,10000,44,173403712289,228980,39692,0.774225,39
QuickSort,det_last,random,10000,45,173403712290,223343,39874,0.915786,36
QuickSort,det_last,random,10000,46,173403712291,225736,40217,0.798631,34
QuickSort,det_last,random,10000,47,173403712292,220500,40137,0.782631,39
QuickSort,det_last,random,10000,48,173403712293,215618,40136,0.779285,36
QuickSort,det_last,random,10000,49,173403712294,204706,40125,0.759840,33
QuickSort,det_last,random,10000,50,173403712295,224312,40000,0.767008,34
QuickSort,det_last,random,10000,51,173403712296,208273,40367,0.764206,36
QuickSort,det_last,random,10000,52,173403712297,208441,40349,0.784572,35
QuickSort,det_last,random,10000,53,173403712298,211151,40570,0.794641,33
QuickSort,det_last,random,10000,54,173403712299,208851,40366,0.769473,32
QuickSort,det_last,random,10000,55,173403712300,239811,39522,0.779028,37
QuickSort,det_last,random,10000,56,173403712301,208968,40362,0.841897,32
QuickSort,det_last,random,10000,57,173403712302,211874,40154,0.763226,33
QuickSort,det_last,random,10000,58,173403712303,223212,39941,0.781433,35
QuickSort,det_last,random,10000,59,173403712304,204424,40347,0.764889,33
QuickSort,det_last,random,10000,60,173403712305,216109,40448,0.783096,32
QuickSort,det_last,random,10000,61,173403712306,225502,39898,0.755345,35
QuickSort,det_last,random,10000,62,173403712307,210359,40220,0.761364,39
QuickSort,det_last,random,10000,63,173403712308,218025,40130,0.769305,39
QuickSort,det_last,random,10000,64,173403712309,207456,40313,1.254915,32
QuickSort,det_last,random,10000,65,173403712310,216602,40378,0.854955,33
QuickSort,det_last,random,10000,66,173403712311,211284,40179,0.774977,35
QuickSort,det_last,random,10000,67,173403712312,212629,40563,0.813561,35
QuickSort,det_last,random,10000,68,173403712313,206848,40432,0.808284,34
QuickSort,det_last,random,10000,69,173403712314,216177,40208,0.798433,34
QuickSort,det_last,random,10000,70,173403712315,212506,39938,0.826581,32
QuickSort,det_last,random,10000,71,173403712316,212199,40305,0.769711,32
QuickSort,det_last,random,10000,72,173403712317,218749,40190,0.794087,32
QuickSort,det_last,random,10000,73,173403712318,215841,40305,0.789017,34
QuickSort,det_last,random,10000,74,173403712319,218497,40242,0.769830,34
QuickSort,det_last,random,10000,75,173403712320,213774,40208,0.759979,32
QuickSort,det_last,random,10000,76,173403712321,212464,40619,0.771631,34
QuickSort,det_last,random,10000,77,173403712322,217386,40021,0.769206,33
QuickSort,det_last,random,10000,78,173403712323,219477,40090,0.756553,35
QuickSort,det_last,random,10000,79,173403712324,231304,39590,0.789809,35
QuickSort,det_last,random,10000,80,173403712325,214942,40288,0.859728,33
QuickSort,det_last,random,10000,81,173403712326,212080,40062,0.769325,35
QuickSort,det_last,random,10000,82,173403712327,203786,40571,0.883846,33
QuickSort,det_last,random,10000,83,173403712328,209628,40395,0.833125,32
QuickSort,det_last,random,10000,84,173403712329,218265,40437,0.808651,37
QuickSort,det_last,random,10000,85,173403712330,204626,40584,0.781493,31
QuickSort,det_last,random,10000,86,173403712331,212491,40384,0.791571,34
QuickSort,det_last,random,10000,87,173403712332,217538,40294,0.811680,34
QuickSort,det_last,random,10000,88,173403712333,216596,40168,0.776701,35
QuickSort,det_last,random,10000,89,173403712334,217979,39972,0.778612,34
QuickSort,det_last,random,10000,90,173403712335,206755,40394,0.776582,33
QuickSort,det_last,random,10000,91,173403712336,209913,40161,0.771880,31
QuickSort,det_last,random,10000,92,173403712337,223630,39985,0.809789,39
QuickSort,det_last,random,10000,93,173403712338,216557,40143,0.760255,35
QuickSort,det_last,random,10000,94,173403712339,216196,40224,0.770760,34
QuickSort,det_last,random,10000,95,173403712340,213253,40392,0.777830,33
QuickSort,det_last,random,10000,96,173403712341,207996,40583,0.811740,33
QuickSort,det_last,random,10000,97,173403712342,205679,40397,0.766087,31
QuickSort,det_last,random,10000,98,173403712343,213633,40328,0.786879,35
QuickSort,det_last,random,10000,99,173403712344,247353,39293,0.778542,42
QuickSort,det_last,random,5000,0,166235500040,100706,19172,0.392115,32
QuickSort,det_last,random,5000,1,166235500041,100093,18736,0.366439,32
QuickSort,det_last,random,5000,2,166235500042,106367,18710,0.376718,33
QuickSort,det_last,random,5000,3,166235500043,96893,19033,0.385236,32
QuickSort,det_last,random,5000,4,166235500044,92062,19203,0.387931,27
QuickSort,det_last,random,5000,5,166235500045,99463,19026,0.371025,31
QuickSort,det_last,random,5000,6,166235500046,99077,18954,0.401679,32
QuickSort,det_last,random,5000,7,166235500047,96434,19073,0.393855,30
QuickSort,det_last,random,5000,8,166235500048,99584,18834,0.399929,31
QuickSort,det_last,random,5000,9,166235500049,92996,19092,0.440642,29
QuickSort,det_last,random,5000,10,166235500050,99597,18923,0.473680,30
QuickSort,det_last,random,5000,11,166235500051,100254,18980,0.382017,31
QuickSort,det_last,random,5000,12,166235500052,103918,18775,0.383185,34
QuickSort,det_last,random,5000,13,166235500053,99837,18732,0.369145,29
QuickSort,det_last,random,5000,14,166235500054,92424,19126,0.414775,26
QuickSort,det_last,random,5000,15,166235500055,104024,18930,0.407030,34
QuickSort,det_last,random,5000,16,166235500056,100765,18892,0.437463,31
QuickSort,det_last,random,5000,17,166235500057,99534,18980,0.374314,30
QuickSort,det_last,random,5000,18,166235500058,94107,19137,0.404254,28
QuickSort,det_last,random,5000,19,166235500059,94856,18988,0.411908,29
QuickSort,det_last,random,5000,20,166235500060,106409,18899,0.378276,32
QuickSort,det_last,random,5000,21,166235500061,99550,18832,0.382208,28
QuickSort,det_last,random,5000,22,166235500062,96929,18927,0.366630,29
QuickSort,det_last,random,5000,23,166235500063,96495,18980,0.467545,30
QuickSort,det_last,random,5000,24,166235500064,98450,19136,0.430585,30
QuickSort,det_last,random,5000,25,166235500065,96257,19035,0.377833,30
QuickSort,det_last,random,5000,26,166235500066,98925,18826,0.364608,31
QuickSort,det_last,random,5000,27,166235500067,99376,18906,0.369285,30
QuickSort,det_last,random,5000,28,166235500068,99281,19057,0.392860,36
QuickSort,det_last,random,5000,29,166235500069,97921,18958,0.374042,29
QuickSort,det_last,random,5000,30,166235500070,103751,18693,0.362114,34
QuickSort,det_last,random,5000,31,166235500071,102841,18953,0.371639,31
QuickSort,det_last,random,5000,32,166235500072,97257,18972,0.364739,30
QuickSort,det_last,random,5000,33,166235500073,104143,19011,0.379784,31
QuickSort,det_last,random,5000,34,166235500074,95339,18862,0.443538,30
QuickSort,det_last,random,5000,35,166235500075,102300,18981,0.375410,31
QuickSort,det_last,random,5000,36,166235500076,99177,18885,0.364005,31
QuickSort,det_last,random,5000,37,166235500077,99202,19008,0.373449,30
QuickSort,det_last,random,5000,38,166235500078,102061,18952,0.381475,34
QuickSort,det_last,random,5000,39,166235500079,101926,18799,0.360515,33
QuickSort,det_last,random,5000,40,166235500080,100383,19041,0.739676,35
QuickSort,det_last,random,5000,41,166235500081,96934,18981,0.703409,30
QuickSort,det_last,random,5000,42,166235500082,107487,18630,0.411254,32
QuickSort,det_last,random,5000,43,166235500083,95464,18890,0.418023,30
QuickSort,det_last,random,5000,44,166235500084,93129,18938,0.399487,27
QuickSort,det_last,random,5000,45,166235500085,95080,18964,0.461973,29
QuickSort,det_last,random,5000,46,166235500086,100793,18946,0.447249,32
QuickSort,det_last,random,5000,47,166235500087,99039,18736,0.422689,32
QuickSort,det_last,random,5000,48,166235500088,98811,18899,0.373680,29
QuickSort,det_last,random,5000,49,166235500089,93914,19115,0.373026,29
QuickSort,det_last,random,5000,50,166235500090,99702,18890,0.394438,31
QuickSort,det_last,random,5000,51,166235500091,95250,18924,0.364859,29
QuickSort,det_last,random,5000,52,166235500092,100223,19006,0.383506,32
QuickSort,det_last,random,5000,53,166235500093,96593,18958,0.367465,28
QuickSort,det_last,random,5000,54,166235500094,100149,18917,0.368923,30
QuickSort,det_last,random,5000,55,166235500095,98725,19109,0.410259,31
QuickSort,det_last,random,5000,56,166235500096,93659,19098,0.411757,30
QuickSort,det_last,random,5000,57,166235500097,97226,19123,0.518565,31
QuickSort,det_last,random,5000,58,166235500098,96671,18881,0.409967,29
QuickSort,det_last,random,5000,59,166235500099,104693,18816,0.389037,31
QuickSort,det_last,random,5000,60,166235500100,100985,18780,0.361521,31
QuickSort,det_last,random,5000,61,166235500101,96504,19084,0.371035,29
QuickSort,det_last,random,5000,62,166235500102,105053,18756,0.376516,39
QuickSort,det_last,random,5000,63,166235500103,100923,19002,0.378206,33
QuickSort,det_last,random,5000,64,166235500104,99290,18874,0.363371,34
QuickSort,det_last,random,5000,65,166235500105,101258,18851,0.359992,33
QuickSort,det_last,random,5000,66,166235500106,94473,19051,0.374817,28
QuickSort,det_last,random,5000,67,166235500107,94293,19067,0.379020,29
QuickSort,det_last,random,5000,68,166235500108,96394,18938,0.363502,28
QuickSort,det_last,random,5000,69,166235500109,98442,18757,0.354803,31
QuickSort,det_last,random,5000,70,166235500110,95189,18974,0.371276,31
QuickSort,det_last,random,5000,71,166235500111,100741,18889,0.430675,29
QuickSort,det_last,random,5000,72,166235500112,104233,18984,1.118797,33
QuickSort,det_last,random,5000,73,166235500113,103221,18874,0.470522,31
QuickSort,det_last,random,5000,74,166235500114,97643,18863,0.387841,33
QuickSort,det_last,random,5000,75,166235500115,100707,18921,0.379010,33
QuickSort,det_last,random,5000,76,166235500116,99150,18838,0.418938,31
QuickSort,det_last,random,5000,77,166235500117,103062,18919,0.391682,33
QuickSort,det_last,random,5000,78,166235500118,99777,18922,0.462898,32
QuickSort,det_last,random,5000,79,166235500119,96327,18988,0.369938,29
QuickSort,det_last,random,5000,80,166235500120,101015,19049,0.598180,31
QuickSort,det_last,random,5000,81,166235500121,104370,18965,0.417148,35
QuickSort,det_last,random,5000,82,166235500122,96298,18902,0.404878,36
QuickSort,det_last,random,5000,83,166235500123,96237,18914,0.442492,27
QuickSort,det_last,random,5000,84,166235500124,100095,19120,0.409544,31
QuickSort,det_last,random,5000,85,166235500125,103816,18801,0.549724,31
QuickSort,det_last,random,5000,86,166235500126,99193,18851,0.676677,31
QuickSort,det_last,random,5000,87,166235500127,98693,19064,0.444926,29
QuickSort,det_last,random,5000,88,166235500128,100841,18963,0.405703,29
QuickSort,det_last,random,5000,89,166235500129,100946,18969,0.371226,34
QuickSort,det_last,random,5000,90,166235500130,95092,18938,0.363422,32
QuickSort,det_last,random,5000,91,166235500131,98054,18922,0.362868,30
QuickSort,det_last,random,5000,92,166235500132,97067,19047,0.392236,30
QuickSort,det_last,random,5000,93,166235500133,95754,18978,0.452208,34
QuickSort,det_last,random,5000,94,166235500134,101804,18655,0.366187,31
QuickSort,det_last,random,5000,95,166235500135,96036,18971,0.379222,28
QuickSort,det_last,random,5000,96,166235500136,101246,18876,0.390053,35
QuickSort,det_last,random,5000,97,166235500137,100456,18904,0.389028,34
QuickSort,det_last,random,5000,98,166235500138,101525,18845,0.370401,31
QuickSort,det_last,random,5000,99,166235500139,107079,18818,0.397053,38
QuickSort,det_last,random,5000,100,166235500140,107414,18712,0.366429,35
QuickSort,det_last,random,5000,101,166235500141,97726,18968,0.751272,32
QuickSort,det_last,random,5000,102,166235500142,97776,19027,0.422619,29
QuickSort,det_last,random,5000,103,166235500143,105308,18849,0.415670,33
QuickSort,det_last,random,5000,104,166235500144,97134,19015,0.399980,33
QuickSort,det_last,random,5000,105,166235500145,100694,18972,0.405481,36
QuickSort,det_last,random,5000,106,166235500146,99960,18843,0.374032,36
QuickSort,det_last,random,5000,107,166235500147,100802,18843,0.369296,32
QuickSort,det_last,random,5000,108,166235500148,100358,18885,0.379905,30
QuickSort,det_last,random,5000,109,166235500149,99252,18847,0.363814,29
QuickSort,det_last,random,5000,110,166235500150,105697,18762,0.464226,31
QuickSort,det_last,random,5000,111,166235500151,104045,18735,0.362919,32
QuickSort,det_last,random,5000,112,166235500152,100761,18931,0.483516,30
QuickSort,det_last,random,5000,113,166235500153,100069,18919,0.382902,32
QuickSort,det_last,random,5000,114,166235500154,103228,19032,0.375471,29
QuickSort,det_last,random,5000,115,166235500155,101440,19028,0.453949,31
QuickSort,det_last,random,5000,116,166235500156,97866,19131,0.666107,29
QuickSort,det_last,random,5000,117,166235500157,97172,18996,0.505723,32
QuickSort,det_last,random,5000,118,166235500158,100853,18877,0.449865,31
QuickSort,det_last,random,5000,119,166235500159,99717,18806,0.431309,30
QuickSort,det_last,random,5000,120,166235500160,100359,19117,0.476929,30
QuickSort,det_last,random,5000,121,166235500161,98042,18960,0.519954,31
QuickSort,det_last,random,5000,122,166235500162,98423,19117,0.389883,30
QuickSort,det_last,random,5000,123,166235500163,96811,19004,0.382581,31
QuickSort,det_last,random,5000,124,166235500164,97028,18891,0.373127,29
QuickSort,det_last,random,5000,125,166235500165,94092,19031,0.407332,29
QuickSort,det_last,random,5000,126,166235500166,98297,18905,0.383013,29
QuickSort,det_last,random,5000,127,166235500167,105989,18701,0.366349,31
QuickSort,det_last,random,5000,128,166235500168,97127,18876,0.387871,33
QuickSort,det_last,random,5000,129,166235500169,98434,18878,0.386080,34
QuickSort,det_last,random,5000,130,166235500170,97477,19024,0.400443,29
QuickSort,det_last,random,5000,131,166235500171,103927,18808,0.430896,29
QuickSort,det_last,random,5000,132,166235500172,97227,19005,0.395525,33
QuickSort,det_last,random,5000,133,166235500173,101935,18879,0.403742,33
QuickSort,det_last,random,5000,134,166235500174,97965,18941,0.408861,31
QuickSort,det_last,random,5000,135,166235500175,107159,18873,0.496822,34
QuickSort,det_last,random,5000,136,166235500176,100368,18784,0.407865,30
QuickSort,det_last,random,5000,137,166235500177,97898,18959,0.406436,32
QuickSort,det_last,random,5000,138,166235500178,98953,18878,0.407694,32
QuickSort,det_last,random,5000,139,166235500179,94898,19132,0.434768,28
QuickSort,det_last,random,5000,140,166235500180,96506,18908,0.433893,30
QuickSort,det_last,random,5000,141,166235500181,97534,18924,0.399939,30
QuickSort,det_last,random,5000,142,166235500182,97376,18888,0.415891,31
QuickSort,det_last,random,5000,143,166235500183,95431,19108,0.415660,29
QuickSort,det_last,random,5000,144,166235500184,95236,18906,0.424168,30
QuickSort,det_last,random,5000,145,166235500185,96793,18897,0.429851,29
QuickSort,det_last,random,5000,146,166235500186,93750,19100,0.600474,28
QuickSort,det_last,random,5000,147,166235500187,103367,18766,0.703057,30
QuickSort,det_last,random,5000,148,166235500188,96248,19080,0.952912,29
QuickSort,det_last,random,5000,149,166235500189,94551,18858,0.766047,29
QuickSort,det_last,random,5000,150,166235500190,104598,18796,0.530232,33
QuickSort,det_last,random,5000,151,166235500191,103062,18720,0.474254,34
QuickSort,det_last,random,5000,152,166235500192,103626,18858,0.404526,33
QuickSort,det_last,random,5000,153,166235500193,98504,19020,0.408549,32
QuickSort,det_last,random,5000,154,166235500194,99222,19040,1.280307,29
QuickSort,det_last,random,5000,155,166235500195,94883,18910,0.402605,30
QuickSort,det_last,random,5000,156,166235500196,95009,18989,0.404264,30
QuickSort,det_last,random,5000,157,166235500197,94375,19089,0.474263,29
QuickSort,det_last,random,5000,158,166235500198,99780,18970,0.403963,31
QuickSort,det_last,random,5000,159,166235500199,101091,18869,0.430242,33
QuickSort,det_last,random,5000,160,166235500200,95306,19132,0.414835,30
QuickSort,det_last,random,5000,161,166235500201,101851,18655,0.432455,32
QuickSort,det_last,random,5000,162,166235500202,98953,18965,0.509112,29
QuickSort,det_last,random,5000,163,166235500203,93218,19240,0.422830,28
QuickSort,det_last,random,5000,164,166235500204,97106,18947,0.569497,29
QuickSort,det_last,random,5000,165,166235500205,92421,19240,0.420497,28
QuickSort,det_last,random,5000,166,166235500206,101426,18914,0.407774,35
QuickSort,det_last,random,5000,167,166235500207,105828,18657,0.398180,39
QuickSort,det_last,random,5000,168,166235500208,108263,18681,0.412441,35
QuickSort,det_last,random,5000,169,166235500209,103942,18760,0.433209,36
QuickSort,det_last,random,5000,170,166235500210,96527,19105,0.393272,31
QuickSort,det_last,random,5000,171,166235500211,99294,18944,0.388444,31
QuickSort,det_last,random,5000,172,166235500212,96351,19127,0.409394,31
QuickSort,det_last,random,5000,173,166235500213,96184,18934,0.365635,28
QuickSort,det_last,random,5000,174,166235500214,98319,19001,0.396530,30
QuickSort,det_last,random,5000,175,166235500215,93891,19021,0.400805,27
QuickSort,det_last,random,5000,176,166235500216,95462,19030,0.467666,31
QuickSort,det_last,random,5000,177,166235500217,100068,18950,0.479080,32
QuickSort,det_last,random,5000,178,166235500218,106354,18649,0.419290,35
QuickSort,det_last,random,5000,179,166235500219,101241,18726,0.542121,30
QuickSort,det_last,random,5000,180,166235500220,97424,19090,0.416524,32
QuickSort,det_last,random,5000,181,166235500221,96733,19057,0.418103,28
QuickSort,det_last,random,5000,182,166235500222,95736,19017,0.458251,29
QuickSort,det_last,random,5000,183,166235500223,98825,18965,0.405602,32
QuickSort,det_last,random,5000,184,166235500224,100155,18751,0.509767,32
QuickSort,det_last,random,5000,185,166235500225,96785,18984,0.711334,30
QuickSort,det_last,random,5000,186,166235500226,99365,18861,0.424631,30
QuickSort,det_last,random,5000,187,166235500227,102929,18820,0.381766,31
QuickSort,det_last,random,5000,188,166235500228,104303,18622,0.376848,32
QuickSort,det_last,random,5000,189,166235500229,98172,19002,0.441939,32
QuickSort,det_last,random,5000,190,166235500230,98043,19064,0.401861,27
QuickSort,det_last,random,5000,191,166235500231,96054,19040,0.394630,29
QuickSort,det_last,random,5000,192,166235500232,97022,18993,0.415810,31
QuickSort,det_last,random,5000,193,166235500233,98711,18839,0.491603,31
QuickSort,det_last,random,5000,194,166235500234,96292,19145,0.431077,30
QuickSort,det_last,random,5000,195,166235500235,97714,19037,0.414885,31
QuickSort,det_last,random,5000,196,166235500236,103567,18800,0.380781,34
QuickSort,det_last,random,5000,197,166235500237,92635,19139,0.396802,29
QuickSort,det_last,random,5000,198,166235500238,99791,18854,0.803691,30
QuickSort,det_last,random,5000,199,166235500239,99652,18949,0.732706,30
QuickSort,det_last,random,50000,0,185846199862,1253548,228201,5.160634,42
QuickSort,det_last,random,50000,1,185846199863,1217942,229158,4.724341,40
QuickSort,det_last,random,50000,2,185846199864,1299176,226552,4.458342,44
QuickSort,det_last,random,50000,3,185846199865,1219454,228855,4.440274,41
QuickSort,det_last,random,50000,4,185846199866,1279345,225576,4.486267,42
QuickSort,det_last,random,50000,5,185846199867,1195629,229809,4.522531,37
QuickSort,det_last,random,50000,6,185846199868,1258926,227144,4.383759,43
QuickSort,det_last,random,50000,7,185846199869,1218715,229475,5.034708,41
QuickSort,det_last,random,50000,8,185846199870,1234506,228205,5.316228,43
QuickSort,det_last,random,50000,9,185846199871,1288746,225760,4.414461,42
QuickSort,det_last,random,50000,10,185846199872,1288180,227827,4.485305,41
QuickSort,det_last,random,50000,11,185846199873,1252951,228754,4.612222,40
QuickSort,det_last,random,50000,12,185846199874,1347219,225397,4.420624,44
QuickSort,det_last,random,50000,13,185846199875,1262947,226674,4.430765,43
QuickSort,det_last,random,50000,14,185846199876,1273041,228253,4.763500,44
QuickSort,det_last,random,50000,15,185846199877,1228688,228802,4.822981,39
QuickSort,det_last,random,50000,16,185846199878,1350446,224789,4.451539,42
QuickSort,det_last,random,50000,17,185846199879,1230423,227395,4.932652,40
QuickSort,det_last,random,50000,18,185846199880,1276094,226136,4.886759,43
QuickSort,det_last,random,50000,19,185846199881,1272839,229473,4.561480,41
QuickSort,det_last,random,50000,20,185846199882,1235043,228515,9.043167,40
QuickSort,det_last,random,50000,21,185846199883,1307406,225763,4.817297,43
QuickSort,det_last,random,50000,22,185846199884,1316007,225112,5.329726,44
QuickSort,det_last,random,50000,23,185846199885,1254328,227623,5.529190,41
QuickSort,det_last,random,50000,24,185846199886,1265000,226993,5.724501,43
QuickSort,det_last,random,50000,25,185846199887,1239554,227793,5.083391,43
QuickSort,det_last,random,50000,26,185846199888,1221349,228606,5.004341,39
QuickSort,det_last,random,50000,27,185846199889,1243635,228804,4.554819,39
QuickSort,det_last,random,50000,28,185846199890,1292257,228275,5.726723,43
QuickSort,det_last,random,50000,29,185846199891,1255033,227906,5.189924,41
QuickSort,det_last,reverse,1000,0,165644316084,501997,1498,0.286919,998
QuickSort,det_last,reverse,1000,1,165644316085,501997,1498,0.264042,998
QuickSort,det_last,reverse,1000,2,165644316086,501997,1498,0.356055,998
QuickSort,det_last,reverse,1000,3,165644316087,501997,1498,0.334536,998
QuickSort,det_last,reverse,1000,4,165644316088,501997,1498,0.324773,998
QuickSort,det_last,reverse,1000,5,165644316089,501997,1498,0.261938,998
QuickSort,det_last,reverse,1000,6,165644316090,501997,1498,0.261646,998
QuickSort,det_last,reverse,1000,7,165644316091,501997,1498,0.273090,998
QuickSort,det_last,reverse,1000,8,165644316092,501997,1498,0.285500,998
QuickSort,det_last,reverse,1000,9,165644316093,501997,1498,0.261777,998
QuickSort,det_last,reverse,1000,10,165644316094,501997,1498,0.261244,998
QuickSort,det_last,reverse,1000,11,165644316095,501997,1498,0.261002,998
QuickSort,det_last,reverse,1000,12,165644316096,501997,1498,0.261002,998
QuickSort,det_last,reverse,1000,13,165644316097,501997,1498,0.305741,998
QuickSort,det_last,reverse,1000,14,165644316098,501997,1498,0.427655,998
QuickSort,det_last,reverse,1000,15,165644316099,501997,1498,0.365043,998
QuickSort,det_last,reverse,1000,16,165644316100,501997,1498,0.364932,998
QuickSort,det_last,reverse,1000,17,165644316101,501997,1498,0.350781,998
QuickSort,det_last,reverse,1000,18,165644316102,501997,1498,0.380201,998
QuickSort,det_last,reverse,1000,19,165644316103,501997,1498,0.254279,998
QuickSort,det_last,reverse,1000,20,165644316104,501997,1498,0.253191,998
QuickSort,det_last,reverse,1000,21,165644316105,501997,1498,0.253192,998
QuickSort,det_last,reverse,1000,22,165644316106,501997,1498,0.253051,998
QuickSort,det_last,reverse,1000,23,165644316107,501997,1498,0.252950,998
QuickSort,det_last,reverse,1000,24,165644316108,501997,1498,0.253011,998
QuickSort,det_last,reverse,1000,25,165644316109,501997,1498,0.271410,998
QuickSort,det_last,reverse,1000,26,165644316110,501997,1498,0.294549,998
QuickSort,det_last,reverse,1000,27,165644316111,501997,1498,0.347187,998
QuickSort,det_last,reverse,1000,28,165644316112,501997,1498,0.353579,998
QuickSort,det_last,reverse,1000,29,165644316113,501997,1498,0.360071,998
QuickSort,det_last,reverse,1000,30,165644316114,501997,1498,0.393597,998
QuickSort,det_last,reverse,1000,31,165644316115,501997,1498,0.416696,998
QuickSort,det_last,reverse,1000,32,165644316116,501997,1498,0.254128,998
QuickSort,det_last,reverse,1000,33,165644316117,501997,1498,0.253826,998
QuickSort,det_last,reverse,1000,34,165644316118,501997,1498,0.253383,998
QuickSort,det_last,reverse,1000,35,165644316119,501997,1498,0.253363,998
QuickSort,det_last,reverse,1000,36,165644316120,501997,1498,0.253514,998
QuickSort,det_last,reverse,1000,37,165644316121,501997,1498,0.253071,998
QuickSort,det_last,reverse,1000,38,165644316122,501997,1498,0.253071,998
QuickSort,det_last,reverse,1000,39,165644316123,501997,1498,0.297909,998
QuickSort,det_last,reverse,1000,40,165644316124,501997,1498,0.362325,998
QuickSort,det_last,reverse,1000,41,165644316125,501997,1498,0.262713,998
QuickSort,det_last,reverse,1000,42,165644316126,501997,1498,0.303738,998
QuickSort,det_last,reverse,1000,43,165644316127,501997,1498,0.426771,998
QuickSort,det_last,reverse,1000,44,165644316128,501997,1498,0.326212,998
QuickSort,det_last,reverse,1000,45,165644316129,501997,1498,0.284816,998
QuickSort,det_last,reverse,1000,46,165644316130,501997,1498,0.262321,998
QuickSort,det_last,reverse,1000,47,165644316131,501997,1498,0.270554,998
QuickSort,det_last,reverse,1000,48,165644316132,501997,1498,0.358591,998
QuickSort,det_last,reverse,1000,49,165644316133,501997,1498,0.384317,998
QuickSort,det_last,reverse,1000,50,165644316134,501997,1498,0.529886,998
QuickSort,det_last,reverse,1000,51,165644316135,501997,1498,0.416947,998
QuickSort,det_last,reverse,1000,52,165644316136,501997,1498,0.453794,998
QuickSort,det_last,reverse,1000,53,165644316137,501997,1498,0.424194,998
QuickSort,det_last,reverse,1000,54,165644316138,501997,1498,0.421647,998
QuickSort,det_last,reverse,1000,55,165644316139,501997,1498,0.352180,998
QuickSort,det_last,reverse,1000,56,165644316140,501997,1498,0.262351,998
QuickSort,det_last,reverse,1000,57,165644316141,501997,1498,0.261707,998
QuickSort,det_last,reverse,1000,58,165644316142,501997,1498,0.261072,998
QuickSort,det_last,reverse,1000,59,165644316143,501997,1498,0.346363,998
QuickSort,det_last,reverse,1000,60,165644316144,501997,1498,0.342638,998
QuickSort,det_last,reverse,1000,61,165644316145,501997,1498,0.362577,998
QuickSort,det_last,reverse,1000,62,165644316146,501997,1498,0.367730,998
QuickSort,det_last,reverse,1000,63,165644316147,501997,1498,0.317587,998
QuickSort,det_last,reverse,1000,64,165644316148,501997,1498,0.272416,998
QuickSort,det_last,reverse,1000,65,165644316149,501997,1498,0.272859,998
QuickSort,det_last,reverse,1000,66,165644316150,501997,1498,0.284917,998
QuickSort,det_last,reverse,1000,67,165644316151,501997,1498,0.261677,998
QuickSort,det_last,reverse,1000,68,165644316152,501997,1498,0.335069,998
QuickSort,det_last,reverse,1000,69,165644316153,501997,1498,0.261687,998
QuickSort,det_last,reverse,1000,70,165644316154,501997,1498,0.392218,998
QuickSort,det_last,reverse,1000,71,165644316155,501997,1498,0.394342,998
QuickSort,det_last,reverse,1000,72,165644316156,501997,1498,0.281524,998
QuickSort,det_last,reverse,1000,73,165644316157,501997,1498,0.262230,998
QuickSort,det_last,reverse,1000,74,165644316158,501997,1498,0.262310,998
QuickSort,det_last,reverse,1000,75,165644316159,501997,1498,0.270785,998
QuickSort,det_last,reverse,1000,76,165644316160,501997,1498,0.261183,998
QuickSort,det_last,reverse,1000,77,165644316161,501997,1498,0.261072,998
QuickSort,det_last,reverse,1000,78,165644316162,501997,1498,0.269798,998
QuickSort,det_last,reverse,1000,79,165644316163,501997,1498,0.282450,998
QuickSort,det_last,reverse,1000,80,165644316164,501997,1498,0.261637,998
QuickSort,det_last,reverse,1000,81,165644316165,501997,1498,0.295384,998
QuickSort,det_last,reverse,1000,82,165644316166,501997,1498,0.270946,998
QuickSort,det_last,reverse,1000,83,165644316167,501997,1498,0.261767,998
QuickSort,det_last,reverse,1000,84,165644316168,501997,1498,0.261636,998
QuickSort,det_last,reverse,1000,85,165644316169,501997,1498,0.261536,998
QuickSort,det_last,reverse,1000,86,165644316170,501997,1498,0.271369,998
QuickSort,det_last,reverse,1000,87,165644316171,501997,1498,0.272577,998
QuickSort,det_last,reverse,1000,88,165644316172,501997,1498,0.261637,998
QuickSort,det_last,reverse,1000,89,165644316173,501997,1498,0.261062,998
QuickSort,det_last,reverse,1000,90,165644316174,501997,1498,0.271168,998
QuickSort,det_last,reverse,1000,91,165644316175,501997,1498,0.261676,998
QuickSort,det_last,reverse,1000,92,165644316176,501997,1498,0.288268,998
QuickSort,det_last,reverse,1000,93,165644316177,501997,1498,0.318272,998
QuickSort,det_last,reverse,1000,94,165644316178,501997,1498,0.445159,998
QuickSort,det_last,reverse,1000,95,165644316179,501997,1498,0.398095,998
QuickSort,det_last,reverse,1000,96,165644316180,501997,1498,0.266609,998
QuickSort,det_last,reverse,1000,97,165644316181,501997,1498,0.253635,998
QuickSort,det_last,reverse,1000,98,165644316182,501997,1498,0.253313,998
QuickSort,det_last,reverse,1000,99,165644316183,501997,1498,0.288549,998
QuickSort,det_last,reverse,1000,100,165644316184,501997,1498,0.272516,998
QuickSort,det_last,reverse,1000,101,165644316185,501997,1498,0.267021,998
QuickSort,det_last,reverse,1000,102,165644316186,501997,1498,0.253534,998
QuickSort,det_last,reverse,1000,103,165644316187,501997,1498,0.253282,998
QuickSort,det_last,reverse,1000,104,165644316188,501997,1498,0.253162,998
QuickSort,det_last,reverse,1000,105,165644316189,501997,1498,0.263267,998
QuickSort,det_last,reverse,1000,106,165644316190,501997,1498,0.253181,998
QuickSort,det_last,reverse,1000,107,165644316191,501997,1498,0.253040,998
QuickSort,det_last,reverse,1000,108,165644316192,501997,1498,0.264777,998
QuickSort,det_last,reverse,1000,109,165644316193,501997,1498,0.263891,998
QuickSort,det_last,reverse,1000,110,165644316194,501997,1498,0.253856,998
QuickSort,det_last,reverse,1000,111,165644316195,501997,1498,0.253232,998
QuickSort,det_last,reverse,1000,112,165644316196,501997,1498,0.583460,998
QuickSort,det_last,reverse,1000,113,165644316197,501997,1498,0.465148,998
QuickSort,det_last,reverse,1000,114,165644316198,501997,1498,0.285631,998
QuickSort,det_last,reverse,1000,115,165644316199,501997,1498,0.267666,998
QuickSort,det_last,reverse,1000,116,165644316200,501997,1498,0.293813,998
QuickSort,det_last,reverse,1000,117,165644316201,501997,1498,0.254470,998
QuickSort,det_last,reverse,1000,118,165644316202,501997,1498,0.254913,998
QuickSort,det_last,reverse,1000,119,165644316203,501997,1498,0.292284,998
QuickSort,det_last,reverse,1000,120,165644316204,501997,1498,0.324340,998
QuickSort,det_last,reverse,1000,121,165644316205,501997,1498,0.265733,998
QuickSort,det_last,reverse,1000,122,165644316206,501997,1498,0.275314,998
QuickSort,det_last,reverse,1000,123,165644316207,501997,1498,0.253474,998
QuickSort,det_last,reverse,1000,124,165644316208,501997,1498,0.253413,998
QuickSort,det_last,reverse,1000,125,165644316209,501997,1498,0.271137,998
QuickSort,det_last,reverse,1000,126,165644316210,501997,1498,0.254219,998
QuickSort,det_last,reverse,1000,127,165644316211,501997,1498,0.253876,998
QuickSort,det_last,reverse,1000,128,165644316212,501997,1498,0.254601,998
QuickSort,det_last,reverse,1000,129,165644316213,501997,1498,0.253806,998
QuickSort,det_last,reverse,1000,130,165644316214,501997,1498,0.254169,998
QuickSort,det_last,reverse,1000,131,165644316215,501997,1498,0.254027,998
QuickSort,det_last,reverse,1000,132,165644316216,501997,1498,0.254329,998
QuickSort,det_last,reverse,1000,133,165644316217,501997,1498,0.268984,998
QuickSort,det_last,reverse,1000,134,165644316218,501997,1498,0.254591,998
QuickSort,det_last,reverse,1000,135,165644316219,501997,1498,0.253162,998
QuickSort,det_last,reverse,1000,136,165644316220,501997,1498,0.253383,998
QuickSort,det_last,reverse,1000,137,165644316221,501997,1498,0.293593,998
QuickSort,det_last,reverse,1000,138,165644316222,501997,1498,0.254662,998
QuickSort,det_last,reverse,1000,139,165644316223,501997,1498,0.254007,998
QuickSort,det_last,reverse,1000,140,165644316224,501997,1498,0.262673,998
QuickSort,det_last,reverse,1000,141,165644316225,501997,1498,0.414874,998
QuickSort,det_last,reverse,1000,142,165644316226,501997,1498,0.322700,998
QuickSort,det_last,reverse,1000,143,165644316227,501997,1498,0.256514,998
QuickSort,det_last,reverse,1000,144,165644316228,501997,1498,0.254248,998
QuickSort,det_last,reverse,1000,145,165644316229,501997,1498,0.253806,998
QuickSort,det_last,reverse,1000,146,165644316230,501997,1498,0.253262,998
QuickSort,det_last,reverse,1000,147,165644316231,501997,1498,0.301322,998
QuickSort,det_last,reverse,1000,148,165644316232,501997,1498,0.265783,998
QuickSort,det_last,reverse,1000,149,165644316233,501997,1498,0.253806,998
QuickSort,det_last,reverse,1000,150,165644316234,501997,1498,0.253081,998
QuickSort,det_last,reverse,1000,151,165644316235,501997,1498,0.253433,998
QuickSort,det_last,reverse,1000,152,165644316236,501997,1498,0.253031,998
QuickSort,det_last,reverse,1000,153,165644316237,501997,1498,0.253051,998
QuickSort,det_last,reverse,1000,154,165644316238,501997,1498,0.253041,998
QuickSort,det_last,reverse,1000,155,165644316239,501997,1498,0.264303,998
QuickSort,det_last,reverse,1000,156,165644316240,501997,1498,0.254621,998
QuickSort,det_last,reverse,1000,157,165644316241,501997,1498,0.253192,998
QuickSort,det_last,reverse,1000,158,165644316242,501997,1498,0.253262,998
QuickSort,det_last,reverse,1000,159,165644316243,501997,1498,0.253181,998
QuickSort,det_last,reverse,1000,160,165644316244,501997,1498,0.253001,998
QuickSort,det_last,reverse,1000,161,165644316245,501997,1498,0.343192,998
QuickSort,det_last,reverse,1000,162,165644316246,501997,1498,0.264918,998
QuickSort,det_last,reverse,1000,163,165644316247,501997,1498,0.299360,998
QuickSort,det_last,reverse,1000,164,165644316248,501997,1498,0.261495,998
QuickSort,det_last,reverse,1000,165,165644316249,501997,1498,0.408533,998
QuickSort,det_last,reverse,1000,166,165644316250,501997,1498,0.442834,998
QuickSort,det_last,reverse,1000,167,165644316251,501997,1498,0.415357,998
QuickSort,det_last,reverse,1000,168,165644316252,501997,1498,0.334183,998
QuickSort,det_last,reverse,1000,169,165644316253,501997,1498,0.253946,998
QuickSort,det_last,reverse,1000,170,165644316254,501997,1498,0.254994,998
QuickSort,det_last,reverse,1000,171,165644316255,501997,1498,0.286768,998
QuickSort,det_last,reverse,1000,172,165644316256,501997,1498,0.254711,998
QuickSort,det_last,reverse,1000,173,165644316257,501997,1498,0.253997,998
QuickSort,det_last,reverse,1000,174,165644316258,501997,1498,0.253262,998
QuickSort,det_last,reverse,1000,175,165644316259,501997,1498,0.253192,998
QuickSort,det_last,reverse,1000,176,165644316260,501997,1498,0.269185,998
QuickSort,det_last,reverse,1000,177,165644316261,501997,1498,0.319720,998
QuickSort,det_last,reverse,1000,178,165644316262,501997,1498,0.325186,998
QuickSort,det_last,reverse,1000,179,165644316263,501997,1498,0.365124,998
QuickSort,det_last,reverse,1000,180,165644316264,501997,1498,0.308116,998
QuickSort,det_last,reverse,1000,181,165644316265,501997,1498,0.396354,998
QuickSort,det_last,reverse,1000,182,165644316266,501997,1498,0.309556,998
QuickSort,det_last,reverse,1000,183,165644316267,501997,1498,0.317214,998
QuickSort,det_last,reverse,1000,184,165644316268,501997,1498,0.296833,998
QuickSort,det_last,reverse,1000,185,165644316269,501997,1498,0.431360,998
QuickSort,det_last,reverse,1000,186,165644316270,501997,1498,0.428371,998
QuickSort,det_last,reverse,1000,187,165644316271,501997,1498,0.333097,998
QuickSort,det_last,reverse,1000,188,165644316272,501997,1498,0.302862,998
QuickSort,det_last,reverse,1000,189,165644316273,501997,1498,0.304371,998
QuickSort,det_last,reverse,1000,190,165644316274,501997,1498,0.315241,998
QuickSort,det_last,reverse,1000,191,165644316275,501997,1498,0.383311,998
QuickSort,det_last,reverse,1000,192,165644316276,501997,1498,0.277981,998
QuickSort,det_last,reverse,1000,193,165644316277,501997,1498,0.430625,998
QuickSort,det_last,reverse,1000,194,165644316278,501997,1498,0.307512,998
QuickSort,det_last,reverse,1000,195,165644316279,501997,1498,0.276683,998
QuickSort,det_last,reverse,1000,196,165644316280,501997,1498,0.254289,998
QuickSort,det_last,reverse,1000,197,165644316281,501997,1498,0.362617,998
QuickSort,det_last,reverse,1000,198,165644316282,501997,1498,0.278575,998
QuickSort,det_last,reverse,1000,199,165644316283,501997,1498,0.254098,998
QuickSort,det_last,reverse,10000,0,181812722737,50019997,14998,30.736088,9998
QuickSort,det_last,reverse,10000,1,181812722738,50019997,14998,23.777780,9998
QuickSort,det_last,reverse,10000,2,181812722739,50019997,14998,27.127478,9998
QuickSort,det_last,reverse,10000,3,181812722740,50019997,14998,23.471716,9998
QuickSort,det_last,reverse,10000,4,181812722741,50019997,14998,23.387340,9998
QuickSort,det_last,reverse,10000,5,181812722742,50019997,14998,23.797554,9998
QuickSort,det_last,reverse,10000,6,181812722743,50019997,14998,25.851023,9998
QuickSort,det_last,reverse,10000,7,181812722744,50019997,14998,24.638169,9998
QuickSort,det_last,reverse,10000,8,181812722745,50019997,14998,25.884362,9998
QuickSort,det_last,reverse,10000,9,181812722746,50019997,14998,25.147120,9998
QuickSort,det_last,reverse,10000,10,181812722747,50019997,14998,23.962097,9998
QuickSort,det_last,reverse,10000,11,181812722748,50019997,14998,23.654160,9998
QuickSort,det_last,reverse,10000,12,181812722749,50019997,14998,24.262930,9998
QuickSort,det_last,reverse,10000,13,181812722750,50019997,14998,23.776584,9998
QuickSort,det_last,reverse,10000,14,181812722751,50019997,14998,24.531436,9998
QuickSort,det_last,reverse,10000,15,181812722752,50019997,14998,24.600043,9998
QuickSort,det_last,reverse,10000,16,181812722753,50019997,14998,24.575565,9998
QuickSort,det_last,reverse,10000,17,181812722754,50019997,14998,27.018550,9998
QuickSort,det_last,reverse,10000,18,181812722755,50019997,14998,24.729642,9998
QuickSort,det_last,reverse,10000,19,181812722756,50019997,14998,26.577515,9998
QuickSort,det_last,reverse,10000,20,181812722757,50019997,14998,23.514472,9998
QuickSort,det_last,reverse,10000,21,181812722758,50019997,14998,28.134008,9998
QuickSort,det_last,reverse,10000,22,181812722759,50019997,14998,26.297265,9998
QuickSort,det_last,reverse,10000,23,181812722760,50019997,14998,23.580777,9998
QuickSort,det_last,reverse,10000,24,181812722761,50019997,14998,23.179234,9998
QuickSort,det_last,reverse,10000,25,181812722762,50019997,14998,26.740832,9998
QuickSort,det_last,reverse,10000,26,181812722763,50019997,14998,27.503909,9998
QuickSort,det_last,reverse,10000,27,181812722764,50019997,14998,29.642348,9998
QuickSort,det_last,reverse,10000,28,181812722765,50019997,14998,31.373223,9998
QuickSort,det_last,reverse,10000,29,181812722766,50019997,14998,36.560173,9998
QuickSort,det_last,reverse,10000,30,181812722767,50019997,14998,30.743302,9998
QuickSort,det_last,reverse,10000,31,181812722768,50019997,14998,26.209952,9998
QuickSort,det_last,reverse,10000,32,181812722769,50019997,14998,27.811891,9998
QuickSort,det_last,reverse,10000,33,181812722770,50019997,14998,28.600304,9998
QuickSort,det_last,reverse,10000,34,181812722771,50019997,14998,28.955712,9998
QuickSort,det_last,reverse,10000,35,181812722772,50019997,14998,28.237821,9998
QuickSort,det_last,reverse,10000,36,181812722773,50019997,14998,27.880897,9998
QuickSort,det_last,reverse,10000,37,181812722774,50019997,14998,25.731080,9998
QuickSort,det_last,reverse,10000,38,181812722775,50019997,14998,26.522435,9998
QuickSort,det_last,reverse,10000,39,181812722776,50019997,14998,27.832370,9998
QuickSort,det_last,reverse,10000,40,181812722777,50019997,14998,25.749702,9998
QuickSort,det_last,reverse,10000,41,181812722778,50019997,14998,25.365815,9998
QuickSort,det_last,reverse,10000,42,181812722779,50019997,14998,26.933682,9998
QuickSort,det_last,reverse,10000,43,181812722780,50019997,14998,26.680636,9998
QuickSort,det_last,reverse,10000,44,181812722781,50019997,14998,25.843415,9998
QuickSort,det_last,reverse,10000,45,181812722782,50019997,14998,26.047469,9998
QuickSort,det_last,reverse,10000,46,181812722783,50019997,14998,27.839502,9998
QuickSort,det_last,reverse,10000,47,181812722784,50019997,14998,25.288765,9998
QuickSort,det_last,reverse,10000,48,181812722785,50019997,14998,25.279862,9998
QuickSort,det_last,reverse,10000,49,181812722786,50019997,14998,25.314511,9998
QuickSort,det_last,reverse,10000,50,181812722787,50019997,14998,27.412965,9998
QuickSort,det_last,reverse,10000,51,181812722788,50019997,14998,24.902984,9998
QuickSort,det_last,reverse,10000,52,181812722789,50019997,14998,24.865470,9998
QuickSort,det_last,reverse,10000,53,181812722790,50019997,14998,26.442279,9998
QuickSort,det_last,reverse,10000,54,181812722791,50019997,14998,25.747940,9998
QuickSort,det_last,reverse,10000,55,181812722792,50019997,14998,24.448757,9998
QuickSort,det_last,reverse,10000,56,181812722793,50019997,14998,25.094132,9998
QuickSort,det_last,reverse,10000,57,181812722794,50019997,14998,27.123015,9998
QuickSort,det_last,reverse,10000,58,181812722795,50019997,14998,25.520440,9998
QuickSort,det_last,reverse,10000,59,181812722796,50019997,14998,27.344221,9998
QuickSort,det_last,reverse,10000,60,181812722797,50019997,14998,24.789747,9998
QuickSort,det_last,reverse,10000,61,181812722798,50019997,14998,24.722637,9998
QuickSort,det_last,reverse,10000,62,181812722799,50019997,14998,26.873733,9998
QuickSort,det_last,reverse,10000,63,181812722800,50019997,14998,29.265567,9998
QuickSort,det_last,reverse,10000,64,181812722801,50019997,14998,27.819089,9998
QuickSort,det_last,reverse,10000,65,181812722802,50019997,14998,28.048707,9998
QuickSort,det_last,reverse,10000,66,181812722803,50019997,14998,26.775361,9998
QuickSort,det_last,reverse,10000,67,181812722804,50019997,14998,27.088039,9998
QuickSort,det_last,reverse,10000,68,181812722805,50019997,14998,27.048891,9998
QuickSort,det_last,reverse,10000,69,181812722806,50019997,14998,27.118794,9998
QuickSort,det_last,reverse,10000,70,181812722807,50019997,14998,26.024688,9998
QuickSort,det_last,reverse,10000,71,181812722808,50019997,14998,26.733874,9998
QuickSort,det_last,reverse,10000,72,181812722809,50019997,14998,24.718788,9998
QuickSort,det_last,reverse,10000,73,181812722810,50019997,14998,24.765155,9998
QuickSort,det_last,reverse,10000,74,181812722811,50019997,14998,33.055816,9998
QuickSort,det_last,reverse,10000,75,181812722812,50019997,14998,39.379255,9998
QuickSort,det_last,reverse,10000,76,181812722813,50019997,14998,35.665965,9998
QuickSort,det_last,reverse,10000,77,181812722814,50019997,14998,40.099150,9998
QuickSort,det_last,reverse,10000,78,181812722815,50019997,14998,27.667924,9998
QuickSort,det_last,reverse,10000,79,181812722816,50019997,14998,28.413473,9998
QuickSort,det_last,reverse,10000,80,181812722817,50019997,14998,32.067721,9998
QuickSort,det_last,reverse,10000,81,181812722818,50019997,14998,30.382939,9998
QuickSort,det_last,reverse,10000,82,181812722819,50019997,14998,29.624576,9998
QuickSort,det_last,reverse,10000,83,181812722820,50019997,14998,25.870212,9998
QuickSort,det_last,reverse,10000,84,181812722821,50019997,14998,27.424919,9998
QuickSort,det_last,reverse,10000,85,181812722822,50019997,14998,27.518254,9998
QuickSort,det_last,reverse,10000,86,181812722823,50019997,14998,26.193216,9998
QuickSort,det_last,reverse,10000,87,181812722824,50019997,14998,24.726463,9998
QuickSort,det_last,reverse,10000,88,181812722825,50019997,14998,29.634962,9998
QuickSort,det_last,reverse,10000,89,181812722826,50019997,14998,25.484033,9998
QuickSort,det_last,reverse,10000,90,181812722827,50019997,14998,31.156170,9998
QuickSort,det_last,reverse,10000,91,181812722828,50019997,14998,38.168123,9998
QuickSort,det_last,reverse,10000,92,181812722829,50019997,14998,30.546512,9998
QuickSort,det_last,reverse,10000,93,181812722830,50019997,14998,27.860858,9998
QuickSort,det_last,reverse,10000,94,181812722831,50019997,14998,26.222253,9998
QuickSort,det_last,reverse,10000,95,181812722832,50019997,14998,28.535740,9998
QuickSort,det_last,reverse,10000,96,181812722833,50019997,14998,27.253522,9998
QuickSort,det_last,reverse,10000,97,181812722834,50019997,14998,27.629269,9998
QuickSort,det_last,reverse,10000,98,181812722835,50019997,14998,25.675664,9998
QuickSort,det_last,reverse,10000,99,181812722836,50019997,14998,28.798083,9998
QuickSort,det_last,reverse,5000,0,171001160752,12509997,7498,11.121954,4998
QuickSort,det_last,reverse,5000,1,171001160753,12509997,7498,11.480344,4998
QuickSort,det_last,reverse,5000,2,171001160754,12509997,7498,6.843996,4998
QuickSort,det_last,reverse,5000,3,171001160755,12509997,7498,8.266231,4998
QuickSort,det_last,reverse,5000,4,171001160756,12509997,7498,7.473935,4998
QuickSort,det_last,reverse,5000,5,171001160757,12509997,7498,7.760006,4998
QuickSort,det_last,reverse,5000,6,171001160758,12509997,7498,6.329224,4998
QuickSort,det_last,reverse,5000,7,171001160759,12509997,7498,8.710862,4998
QuickSort,det_last,reverse,5000,8,171001160760,12509997,7498,9.494622,4998
QuickSort,det_last,reverse,5000,9,171001160761,12509997,7498,9.299298,4998
QuickSort,det_last,reverse,5000,10,171001160762,12509997,7498,7.725858,4998
QuickSort,det_last,reverse,5000,11,171001160763,12509997,7498,7.122095,4998
QuickSort,det_last,reverse,5000,12,171001160764,12509997,7498,6.929007,4998
QuickSort,det_last,reverse,5000,13,171001160765,12509997,7498,6.914138,4998
QuickSort,det_last,reverse,5000,14,171001160766,12509997,7498,6.588381,4998
QuickSort,det_last,reverse,5000,15,171001160767,12509997,7498,7.267282,4998
QuickSort,det_last,reverse,5000,16,171001160768,12509997,7498,6.615607,4998
QuickSort,det_last,reverse,5000,17,171001160769,12509997,7498,8.062378,4998
QuickSort,det_last,reverse,5000,18,171001160770,12509997,7498,6.463377,4998
QuickSort,det_last,reverse,5000,19,171001160771,12509997,7498,6.618355,4998
QuickSort,det_last,reverse,5000,20,171001160772,12509997,7498,6.167025,4998
QuickSort,det_last,reverse,5000,21,171001160773,12509997,7498,6.874365,4998
QuickSort,det_last,reverse,5000,22,171001160774,12509997,7498,6.630664,4998
QuickSort,det_last,reverse,5000,23,171001160775,12509997,7498,6.193456,4998
QuickSort,det_last,reverse,5000,24,171001160776,12509997,7498,7.552240,4998
QuickSort,det_last,reverse,5000,25,171001160777,12509997,7498,6.662766,4998
QuickSort,det_last,reverse,5000,26,171001160778,12509997,7498,6.705430,4998
QuickSort,det_last,reverse,5000,27,171001160779,12509997,7498,6.344803,4998
QuickSort,det_last,reverse,5000,28,171001160780,12509997,7498,6.178799,4998
QuickSort,det_last,reverse,5000,29,171001160781,12509997,7498,7.988940,4998
QuickSort,det_last,reverse,5000,30,171001160782,12509997,7498,7.117290,4998
QuickSort,det_last,reverse,5000,31,171001160783,12509997,7498,9.175377,4998
QuickSort,det_last,reverse,5000,32,171001160784,12509997,7498,9.346257,4998
QuickSort,det_last,reverse,5000,33,171001160785,12509997,7498,8.496135,4998
QuickSort,det_last,reverse,5000,34,171001160786,12509997,7498,7.525465,4998
QuickSort,det_last,reverse,5000,35,171001160787,12509997,7498,6.695120,4998
QuickSort,det_last,reverse,5000,36,171001160788,12509997,7498,8.176700,4998
QuickSort,det_last,reverse,5000,37,171001160789,12509997,7498,6.576995,4998
QuickSort,det_last,reverse,5000,38,171001160790,12509997,7498,6.531793,4998
QuickSort,det_last,reverse,5000,39,171001160791,12509997,7498,8.855528,4998
QuickSort,det_last,reverse,5000,40,171001160792,12509997,7498,7.591505,4998
QuickSort,det_last,reverse,5000,41,171001160793,12509997,7498,8.112305,4998
QuickSort,det_last,reverse,5000,42,171001160794,12509997,7498,7.187650,4998
QuickSort,det_last,reverse,5000,43,171001160795,12509997,7498,7.326000,4998
QuickSort,det_last,reverse,5000,44,171001160796,12509997,7498,6.489200,4998
QuickSort,det_last,reverse,5000,45,171001160797,12509997,7498,6.831999,4998
QuickSort,det_last,reverse,5000,46,171001160798,12509997,7498,6.276297,4998
QuickSort,det_last,reverse,5000,47,171001160799,12509997,7498,8.587463,4998
QuickSort,det_last,reverse,5000,48,171001160800,12509997,7498,6.870290,4998
QuickSort,det_last,reverse,5000,49,171001160801,12509997,7498,6.920658,4998
QuickSort,det_last,reverse,5000,50,171001160802,12509997,7498,7.357536,4998
QuickSort,det_last,reverse,5000,51,171001160803,12509997,7498,7.258976,4998
QuickSort,det_last,reverse,5000,52,171001160804,12509997,7498,6.320680,4998
QuickSort,det_last,reverse,5000,53,171001160805,12509997,7498,6.454861,4998
QuickSort,det_last,reverse,5000,54,171001160806,12509997,7498,7.789056,4998
QuickSort,det_last,reverse,5000,55,171001160807,12509997,7498,6.734943,4998
QuickSort,det_last,reverse,5000,56,171001160808,12509997,7498,7.006389,4998
QuickSort,det_last,reverse,5000,57,171001160809,12509997,7498,6.233813,4998
QuickSort,det_last,reverse,5000,58,171001160810,12509997,7498,6.608595,4998
QuickSort,det_last,reverse,5000,59,171001160811,12509997,7498,6.616523,4998
QuickSort,det_last,reverse,5000,60,171001160812,12509997,7498,9.568859,4998
QuickSort,det_last,reverse,5000,61,171001160813,12509997,7498,6.971318,4998
QuickSort,det_last,reverse,5000,62,171001160814,12509997,7498,7.051873,4998
QuickSort,det_last,reverse,5000,63,171001160815,12509997,7498,6.970916,4998
QuickSort,det_last,reverse,5000,64,171001160816,12509997,7498,6.200086,4998
QuickSort,det_last,reverse,5000,65,171001160817,12509997,7498,6.736599,4998
QuickSort,det_last,reverse,5000,66,171001160818,12509997,7498,6.204882,4998
QuickSort,det_last,reverse,5000,67,171001160819,12509997,7498,7.063490,4998
QuickSort,det_last,reverse,5000,68,171001160820,12509997,7498,6.068374,4998
QuickSort,det_last,reverse,5000,69,171001160821,12509997,7498,6.454941,4998
QuickSort,det_last,reverse,5000,70,171001160822,12509997,7498,6.569180,4998
QuickSort,det_last,reverse,5000,71,171001160823,12509997,7498,6.254609,4998
QuickSort,det_last,reverse,5000,72,171001160824,12509997,7498,6.394069,4998
QuickSort,det_last,reverse,5000,73,171001160825,12509997,7498,6.115490,4998
QuickSort,det_last,reverse,5000,74,171001160826,12509997,7498,6.429771,4998
QuickSort,det_last,reverse,5000,75,171001160827,12509997,7498,6.272976,4998
QuickSort,det_last,reverse,5000,76,171001160828,12509997,7498,6.280862,4998
QuickSort,det_last,reverse,5000,77,171001160829,12509997,7498,6.404193,4998
QuickSort,det_last,reverse,5000,78,171001160830,12509997,7498,6.291005,4998
QuickSort,det_last,reverse,5000,79,171001160831,12509997,7498,9.756690,4998
QuickSort,det_last,reverse,5000,80,171001160832,12509997,7498,10.136707,4998
QuickSort,det_last,reverse,5000,81,171001160833,12509997,7498,9.866135,4998
QuickSort,det_last,reverse,5000,82,171001160834,12509997,7498,7.980992,4998
QuickSort,det_last,reverse,5000,83,171001160835,12509997,7498,9.905183,4998
QuickSort,det_last,reverse,5000,84,171001160836,12509997,7498,8.400363,4998
QuickSort,det_last,reverse,5000,85,171001160837,12509997,7498,6.355748,4998
QuickSort,det_last,reverse,5000,86,171001160838,12509997,7498,7.326719,4998
QuickSort,det_last,reverse,5000,87,171001160839,12509997,7498,6.524349,4998
QuickSort,det_last,reverse,5000,88,171001160840,12509997,7498,7.198495,4998
QuickSort,det_last,reverse,5000,89,171001160841,12509997,7498,7.654302,4998
QuickSort,det_last,reverse,5000,90,171001160842,12509997,7498,7.380659,4998
QuickSort,det_last,reverse,5000,91,171001160843,12509997,7498,6.810995,4998
QuickSort,det_last,reverse,5000,92,171001160844,12509997,7498,6.652724,4998
QuickSort,det_last,reverse,5000,93,171001160845,12509997,7498,8.619113,4998
QuickSort,det_last,reverse,5000,94,171001160846,12509997,7498,6.787409,4998
QuickSort,det_last,reverse,5000,95,171001160847,12509997,7498,6.983195,4998
QuickSort,det_last,reverse,5000,96,171001160848,12509997,7498,6.527077,4998
QuickSort,det_last,reverse,5000,97,171001160849,12509997,7498,6.522132,4998
QuickSort,det_last,reverse,5000,98,171001160850,12509997,7498,6.825580,4998
QuickSort,det_last,reverse,5000,99,171001160851,12509997,7498,9.072245,4998
QuickSort,det_last,reverse,5000,100,171001160852,12509997,7498,8.330364,4998
QuickSort,det_last,reverse,5000,101,171001160853,12509997,7498,7.930382,4998
QuickSort,det_last,reverse,5000,102,171001160854,12509997,7498,6.967005,4998
QuickSort,det_last,reverse,5000,103,171001160855,12509997,7498,7.629362,4998
QuickSort,det_last,reverse,5000,104,171001160856,12509997,7498,7.614476,4998
QuickSort,det_last,reverse,5000,105,171001160857,12509997,7498,7.681526,4998
QuickSort,det_last,reverse,5000,106,171001160858,12509997,7498,7.875047,4998
QuickSort,det_last,reverse,5000,107,171001160859,12509997,7498,7.746255,4998
QuickSort,det_last,reverse,5000,108,171001160860,12509997,7498,9.927547,4998
QuickSort,det_last,reverse,5000,109,171001160861,12509997,7498,8.532701,4998
QuickSort,det_last,reverse,5000,110,171001160862,12509997,7498,11.189206,4998
QuickSort,det_last,reverse,5000,111,171001160863,12509997,7498,6.836965,4998
QuickSort,det_last,reverse,5000,112,171001160864,12509997,7498,8.347227,4998
QuickSort,det_last,reverse,5000,113,171001160865,12509997,7498,6.838956,4998
QuickSort,det_last,reverse,5000,114,171001160866,12509997,7498,6.666169,4998
QuickSort,det_last,reverse,5000,115,171001160867,12509997,7498,6.597840,4998
QuickSort,det_last,reverse,5000,116,171001160868,12509997,7498,6.444063,4998
QuickSort,det_last,reverse,5000,117,171001160869,12509997,7498,6.754639,4998
QuickSort,det_last,reverse,5000,118,171001160870,12509997,7498,7.132335,4998
QuickSort,det_last,reverse,5000,119,171001160871,12509997,7498,7.594836,4998
QuickSort,det_last,reverse,5000,120,171001160872,12509997,7498,6.107401,4998
QuickSort,det_last,reverse,5000,121,171001160873,12509997,7498,6.735617,4998
QuickSort,det_last,reverse,5000,122,171001160874,12509997,7498,6.635259,4998
QuickSort,det_last,reverse,5000,123,171001160875,12509997,7498,6.037021,4998
QuickSort,det_last,reverse,5000,124,171001160876,12509997,7498,6.195316,4998
QuickSort,det_last,reverse,5000,125,171001160877,12509997,7498,6.076689,4998
QuickSort,det_last,reverse,5000,126,171001160878,12509997,7498,6.208700,4998
QuickSort,det_last,reverse,5000,127,171001160879,12509997,7498,6.587338,4998
QuickSort,det_last,reverse,5000,128,171001160880,12509997,7498,7.286270,4998
QuickSort,det_last,reverse,5000,129,171001160881,12509997,7498,6.424396,4998
QuickSort,det_last,reverse,5000,130,171001160882,12509997,7498,6.322602,4998
QuickSort,det_last,reverse,5000,131,171001160883,12509997,7498,6.597523,4998
QuickSort,det_last,reverse,5000,132,171001160884,12509997,7498,6.197342,4998
QuickSort,det_last,reverse,5000,133,171001160885,12509997,7498,7.532979,4998
QuickSort,det_last,reverse,5000,134,171001160886,12509997,7498,6.102512,4998
QuickSort,det_last,reverse,5000,135,171001160887,12509997,7498,6.575184,4998
QuickSort,det_last,reverse,5000,136,171001160888,12509997,7498,6.926517,4998
QuickSort,det_last,reverse,5000,137,171001160889,12509997,7498,6.934400,4998
QuickSort,det_last,reverse,5000,138,171001160890,12509997,7498,6.962547,4998
QuickSort,det_last,reverse,5000,139,171001160891,12509997,7498,6.183843,4998
QuickSort,det_last,reverse,5000,140,171001160892,12509997,7498,7.025061,4998
QuickSort,det_last,reverse,5000,141,171001160893,12509997,7498,6.171362,4998
QuickSort,det_last,reverse,5000,142,171001160894,12509997,7498,6.381806,4998
QuickSort,det_last,reverse,5000,143,171001160895,12509997,7498,6.805960,4998
QuickSort,det_last,reverse,5000,144,171001160896,12509997,7498,6.820508,4998
QuickSort,det_last,reverse,5000,145,171001160897,12509997,7498,8.362502,4998
QuickSort,det_last,reverse,5000,146,171001160898,12509997,7498,7.229126,4998
QuickSort,det_last,reverse,5000,147,171001160899,12509997,7498,7.709155,4998
QuickSort,det_last,reverse,5000,148,171001160900,12509997,7498,6.407891,4998
QuickSort,det_last,reverse,5000,149,171001160901,12509997,7498,6.995199,4998
QuickSort,det_last,reverse,5000,150,171001160902,12509997,7498,7.196204,4998
QuickSort,det_last,reverse,5000,151,171001160903,12509997,7498,7.453570,4998
QuickSort,det_last,reverse,5000,152,171001160904,12509997,7498,6.399466,4998
QuickSort,det_last,reverse,5000,153,171001160905,12509997,7498,6.729555,4998
QuickSort,det_last,reverse,5000,154,171001160906,12509997,7498,6.658553,4998
QuickSort,det_last,reverse,5000,155,171001160907,12509997,7498,7.438754,4998
QuickSort,det_last,reverse,5000,156,171001160908,12509997,7498,6.678747,4998
QuickSort,det_last,reverse,5000,157,171001160909,12509997,7498,6.799700,4998
QuickSort,det_last,reverse,5000,158,171001160910,12509997,7498,8.333564,4998
QuickSort,det_last,reverse,5000,159,171001160911,12509997,7498,7.737876,4998
QuickSort,det_last,reverse,5000,160,171001160912,12509997,7498,6.632101,4998
QuickSort,det_last,reverse,5000,161,171001160913,12509997,7498,6.071860,4998
QuickSort,det_last,reverse,5000,162,171001160914,12509997,7498,7.858947,4998
QuickSort,det_last,reverse,5000,163,171001160915,12509997,7498,6.292039,4998
QuickSort,det_last,reverse,5000,164,171001160916,12509997,7498,6.100791,4998
QuickSort,det_last,reverse,5000,165,171001160917,12509997,7498,6.080377,4998
QuickSort,det_last,reverse,5000,166,171001160918,12509997,7498,6.041248,4998
QuickSort,det_last,reverse,5000,167,171001160919,12509997,7498,7.134158,4998
QuickSort,det_last,reverse,5000,168,171001160920,12509997,7498,6.578473,4998
QuickSort,det_last,reverse,5000,169,171001160921,12509997,7498,7.058166,4998
QuickSort,det_last,reverse,5000,170,171001160922,12509997,7498,6.905946,4998
QuickSort,det_last,reverse,5000,171,171001160923,12509997,7498,7.024546,4998
QuickSort,det_last,reverse,5000,172,171001160924,12509997,7498,7.302571,4998
QuickSort,det_last,reverse,5000,173,171001160925,12509997,7498,6.841069,4998
QuickSort,det_last,reverse,5000,174,171001160926,12509997,7498,6.555565,4998
QuickSort,det_last,reverse,5000,175,171001160927,12509997,7498,7.042647,4998
QuickSort,det_last,reverse,5000,176,171001160928,12509997,7498,7.512537,4998
QuickSort,det_last,reverse,5000,177,171001160929,12509997,7498,6.323386,4998
QuickSort,det_last,reverse,5000,178,171001160930,12509997,7498,6.591963,4998
QuickSort,det_last,reverse,5000,179,171001160931,12509997,7498,6.326989,4998
QuickSort,det_last,reverse,5000,180,171001160932,12509997,7498,8.366224,4998
QuickSort,det_last,reverse,5000,181,171001160933,12509997,7498,6.521776,4998
QuickSort,det_last,reverse,5000,182,171001160934,12509997,7498,7.379780,4998
QuickSort,det_last,reverse,5000,183,171001160935,12509997,7498,6.158655,4998
QuickSort,det_last,reverse,5000,184,171001160936,12509997,7498,6.475305,4998
QuickSort,det_last,reverse,5000,185,171001160937,12509997,7498,7.250228,4998
QuickSort,det_last,reverse,5000,186,171001160938,12509997,7498,6.258247,4998
QuickSort,det_last,reverse,5000,187,171001160939,12509997,7498,6.085705,4998
QuickSort,det_last,reverse,5000,188,171001160940,12509997,7498,5.949768,4998
QuickSort,det_last,reverse,5000,189,171001160941,12509997,7498,6.020284,4998
QuickSort,det_last,reverse,5000,190,171001160942,12509997,7498,6.700734,4998
QuickSort,det_last,reverse,5000,191,171001160943,12509997,7498,6.488220,4998
QuickSort,det_last,reverse,5000,192,171001160944,12509997,7498,9.154714,4998
QuickSort,det_last,reverse,5000,193,171001160945,12509997,7498,6.040861,4998
QuickSort,det_last,reverse,5000,194,171001160946,12509997,7498,6.946711,4998
QuickSort,det_last,reverse,5000,195,171001160947,12509997,7498,6.086610,4998
QuickSort,det_last,reverse,5000,196,171001160948,12509997,7498,6.940066,4998
QuickSort,det_last,reverse,5000,197,171001160949,12509997,7498,6.236983,4998
QuickSort,det_last,reverse,5000,198,171001160950,12509997,7498,5.998118,4998
QuickSort,det_last,reverse,5000,199,171001160951,12509997,7498,8.721577,4998
QuickSort,det_last,reverse,50000,0,245544356589,1250099997,74998,672.955094,49998
QuickSort,det_last,reverse,50000,1,245544356590,1250099997,74998,681.524061,49998
QuickSort,det_last,reverse,50000,2,245544356591,1250099997,74998,689.636040,49998
QuickSort,det_last,reverse,50000,3,245544356592,1250099997,74998,638.492782,49998
QuickSort,det_last,reverse,50000,4,245544356593,1250099997,74998,662.286561,49998
QuickSort,det_last,reverse,50000,5,245544356594,1250099997,74998,658.798132,49998
QuickSort,det_last,reverse,50000,6,245544356595,1250099997,74998,647.044112,49998
QuickSort,det_last,reverse,50000,7,245544356596,1250099997,74998,658.118275,49998
QuickSort,det_last,reverse,50000,8,245544356597,1250099997,74998,641.898944,49998
QuickSort,det_last,reverse,50000,9,245544356598,1250099997,74998,646.113653,49998
QuickSort,det_last,reverse,50000,10,245544356599,1250099997,74998,650.486341,49998
QuickSort,det_last,reverse,50000,11,245544356600,1250099997,74998,647.246427,49998
QuickSort,det_last,reverse,50000,12,245544356601,1250099997,74998,664.595525,49998
QuickSort,det_last,reverse,50000,13,245544356602,1250099997,74998,643.672004,49998
QuickSort,det_last,reverse,50000,14,245544356603,1250099997,74998,643.537215,49998
QuickSort,det_last,reverse,50000,15,245544356604,1250099997,74998,653.113626,49998
QuickSort,det_last,reverse,50000,16,245544356605,1250099997,74998,644.319923,49998
QuickSort,det_last,reverse,50000,17,245544356606,1250099997,74998,640.941889,49998
QuickSort,det_last,reverse,50000,18,245544356607,1250099997,74998,647.774034,49998
QuickSort,det_last,reverse,50000,19,245544356608,1250099997,74998,640.530672,49998
QuickSort,det_last,reverse,50000,20,245544356609,1250099997,74998,647.497200,49998
QuickSort,det_last,reverse,50000,21,245544356610,1250099997,74998,653.434250,49998
QuickSort,det_last,reverse,50000,22,245544356611,1250099997,74998,641.697930,49998
QuickSort,det_last,reverse,50000,23,245544356612,1250099997,74998,656.773917,49998
QuickSort,det_last,reverse,50000,24,245544356613,1250099997,74998,649.141320,49998
QuickSort,det_last,reverse,50000,25,245544356614,1250099997,74998,641.180502,49998
QuickSort,det_last,reverse,50000,26,245544356615,1250099997,74998,650.116583,49998
QuickSort,det_last,reverse,50000,27,245544356616,1250099997,74998,663.231163,49998
QuickSort,det_last,reverse,50000,28,245544356617,1250099997,74998,662.546587,49998
QuickSort,det_last,reverse,50000,29,245544356618,1250099997,74998,638.753436,49998
QuickSort,det_last,sorted,1000,0,165459296519,502497,1998,0.299450,998
QuickSort,det_last,sorted,1000,1,165459296520,502497,1998,0.456462,998
QuickSort,det_last,sorted,1000,2,165459296521,502497,1998,0.418457,998
QuickSort,det_last,sorted,1000,3,165459296522,502497,1998,0.227013,998
QuickSort,det_last,sorted,1000,4,165459296523,502497,1998,0.226912,998
QuickSort,det_last,sorted,1000,5,165459296524,502497,1998,0.308850,998
QuickSort,det_last,sorted,1000,6,165459296525,502497,1998,0.409911,998
QuickSort,det_last,sorted,1000,7,165459296526,502497,1998,0.238567,998
QuickSort,det_last,sorted,1000,8,165459296527,502497,1998,0.226933,998
QuickSort,det_last,sorted,1000,9,165459296528,502497,1998,0.226731,998
QuickSort,det_last,sorted,1000,10,165459296529,502497,1998,0.226661,998
QuickSort,det_last,sorted,1000,11,165459296530,502497,1998,0.226762,998
QuickSort,det_last,sorted,1000,12,165459296531,502497,1998,0.237732,998
QuickSort,det_last,sorted,1000,13,165459296532,502497,1998,0.226399,998
QuickSort,det_last,sorted,1000,14,165459296533,502497,1998,0.226389,998
QuickSort,det_last,sorted,1000,15,165459296534,502497,1998,0.346462,998
QuickSort,det_last,sorted,1000,16,165459296535,502497,1998,0.341249,998
QuickSort,det_last,sorted,1000,17,165459296536,502497,1998,0.384236,998
QuickSort,det_last,sorted,1000,18,165459296537,502497,1998,0.272164,998
QuickSort,det_last,sorted,1000,19,165459296538,502497,1998,0.296289,998
QuickSort,det_last,sorted,1000,20,165459296539,502497,1998,0.282682,998
QuickSort,det_last,sorted,1000,21,165459296540,502497,1998,0.225282,998
QuickSort,det_last,sorted,1000,22,165459296541,502497,1998,0.225262,998
QuickSort,det_last,sorted,1000,23,165459296542,502497,1998,0.278887,998
QuickSort,det_last,sorted,1000,24,165459296543,502497,1998,0.302157,998
QuickSort,det_last,sorted,1000,25,165459296544,502497,1998,0.354586,998
QuickSort,det_last,sorted,1000,26,165459296545,502497,1998,0.364439,998
QuickSort,det_last,sorted,1000,27,165459296546,502497,1998,0.280890,998
QuickSort,det_last,sorted,1000,28,165459296547,502497,1998,0.306455,998
QuickSort,det_last,sorted,1000,29,165459296548,502497,1998,0.247686,998
QuickSort,det_last,sorted,1000,30,165459296549,502497,1998,0.299048,998
QuickSort,det_last,sorted,1000,31,165459296550,502497,1998,0.225242,998
QuickSort,det_last,sorted,1000,32,165459296551,502497,1998,0.315031,998
QuickSort,det_last,sorted,1000,33,165459296552,502497,1998,0.236876,998
QuickSort,det_last,sorted,1000,34,165459296553,502497,1998,0.336327,998
QuickSort,det_last,sorted,1000,35,165459296554,502497,1998,0.225312,998
QuickSort,det_last,sorted,1000,36,165459296555,502497,1998,0.350600,998
QuickSort,det_last,sorted,1000,37,165459296556,502497,1998,0.295454,998
QuickSort,det_last,sorted,1000,38,165459296557,502497,1998,0.233414,998
QuickSort,det_last,sorted,1000,39,165459296558,502497,1998,0.326444,998
QuickSort,det_last,sorted,1000,40,165459296559,502497,1998,0.233132,998
QuickSort,det_last,sorted,1000,41,165459296560,502497,1998,0.342739,998
QuickSort,det_last,sorted,1000,42,165459296561,502497,1998,0.225292,998
QuickSort,det_last,sorted,1000,43,165459296562,502497,1998,0.231522,998
QuickSort,det_last,sorted,1000,44,165459296563,502497,1998,0.272869,998
QuickSort,det_last,sorted,1000,45,165459296564,502497,1998,0.339810,998
QuickSort,det_last,sorted,1000,46,165459296565,502497,1998,0.245472,998
QuickSort,det_last,sorted,1000,47,165459296566,502497,1998,0.232770,998
QuickSort,det_last,sorted,1000,48,165459296567,502497,1998,0.225272,998
QuickSort,det_last,sorted,1000,49,165459296568,502497,1998,0.272345,998
QuickSort,det_last,sorted,1000,50,165459296569,502497,1998,0.225282,998
QuickSort,det_last,sorted,1000,51,165459296570,502497,1998,0.234783,998
QuickSort,det_last,sorted,1000,52,165459296571,502497,1998,0.225332,998
QuickSort,det_last,sorted,1000,53,165459296572,502497,1998,0.225302,998
QuickSort,det_last,sorted,1000,54,165459296573,502497,1998,0.225302,998
QuickSort,det_last,sorted,1000,55,165459296574,502497,1998,0.232378,998
QuickSort,det_last,sorted,1000,56,165459296575,502497,1998,0.225272,998
QuickSort,det_last,sorted,1000,57,165459296576,502497,1998,0.237088,998
QuickSort,det_last,sorted,1000,58,165459296577,502497,1998,0.225241,998
QuickSort,det_last,sorted,1000,59,165459296578,502497,1998,0.225161,998
QuickSort,det_last,sorted,1000,60,165459296579,502497,1998,0.234592,998
QuickSort,det_last,sorted,1000,61,165459296580,502497,1998,0.225302,998
QuickSort,det_last,sorted,1000,62,165459296581,502497,1998,0.232922,998
QuickSort,det_last,sorted,1000,63,165459296582,502497,1998,0.225352,998
QuickSort,det_last,sorted,1000,64,165459296583,502497,1998,0.523907,998
QuickSort,det_last,sorted,1000,65,165459296584,502497,1998,0.869253,998
QuickSort,det_last,sorted,1000,66,165459296585,502497,1998,0.485066,998
QuickSort,det_last,sorted,1000,67,165459296586,502497,1998,0.227939,998
QuickSort,det_last,sorted,1000,68,165459296587,502497,1998,0.226963,998
QuickSort,det_last,sorted,1000,69,165459296588,502497,1998,0.226369,998
QuickSort,det_last,sorted,1000,70,165459296589,502497,1998,0.293008,998
QuickSort,det_last,sorted,1000,71,165459296590,502497,1998,0.335784,998
QuickSort,det_last,sorted,1000,72,165459296591,502497,1998,0.295475,998
QuickSort,det_last,sorted,1000,73,165459296592,502497,1998,0.225553,998
QuickSort,det_last,sorted,1000,74,165459296593,502497,1998,0.225433,998
QuickSort,det_last,sorted,1000,75,165459296594,502497,1998,0.225352,998
QuickSort,det_last,sorted,1000,76,165459296595,502497,1998,0.234662,998
QuickSort,det_last,sorted,1000,77,165459296596,502497,1998,0.239927,998
QuickSort,det_last,sorted,1000,78,165459296597,502497,1998,0.225353,998
QuickSort,det_last,sorted,1000,79,165459296598,502497,1998,0.225182,998
QuickSort,det_last,sorted,1000,80,165459296599,502497,1998,0.228996,998
QuickSort,det_last,sorted,1000,81,165459296600,502497,1998,0.308911,998
QuickSort,det_last,sorted,1000,82,165459296601,502497,1998,0.225383,998
QuickSort,det_last,sorted,1000,83,165459296602,502497,1998,0.232690,998
QuickSort,det_last,sorted,1000,84,165459296603,502497,1998,0.230083,998
QuickSort,det_last,sorted,1000,85,165459296604,502497,1998,0.237994,998
QuickSort,det_last,sorted,1000,86,165459296605,502497,1998,0.225332,998
QuickSort,det_last,sorted,1000,87,165459296606,502497,1998,0.225161,998
QuickSort,det_last,sorted,1000,88,165459296607,502497,1998,0.225161,998
QuickSort,det_last,sorted,1000,89,165459296608,502497,1998,0.234964,998
QuickSort,det_last,sorted,1000,90,165459296609,502497,1998,0.241507,998
QuickSort,det_last,sorted,1000,91,165459296610,502497,1998,0.255890,998
QuickSort,det_last,sorted,1000,92,165459296611,502497,1998,0.394231,998
QuickSort,det_last,sorted,1000,93,165459296612,502497,1998,0.384790,998
QuickSort,det_last,sorted,1000,94,165459296613,502497,1998,0.239705,998
QuickSort,det_last,sorted,1000,95,165459296614,502497,1998,0.226570,998
QuickSort,det_last,sorted,1000,96,165459296615,502497,1998,0.237188,998
QuickSort,det_last,sorted,1000,97,165459296616,502497,1998,0.225201,998
QuickSort,det_last,sorted,1000,98,165459296617,502497,1998,0.225342,998
QuickSort,det_last,sorted,1000,99,165459296618,502497,1998,0.225262,998
QuickSort,det_last,sorted,1000,100,165459296619,502497,1998,0.234320,998
QuickSort,det_last,sorted,1000,101,165459296620,502497,1998,0.238336,998
QuickSort,det_last,sorted,1000,102,165459296621,502497,1998,0.225302,998
QuickSort,det_last,sorted,1000,103,165459296622,502497,1998,0.225262,998
QuickSort,det_last,sorted,1000,104,165459296623,502497,1998,0.234019,998
QuickSort,det_last,sorted,1000,105,165459296624,502497,1998,0.225322,998
QuickSort,det_last,sorted,1000,106,165459296625,502497,1998,0.257872,998
QuickSort,det_last,sorted,1000,107,165459296626,502497,1998,0.225302,998
QuickSort,det_last,sorted,1000,108,165459296627,502497,1998,0.225151,998
QuickSort,det_last,sorted,1000,109,165459296628,502497,1998,0.234633,998
QuickSort,det_last,sorted,1000,110,165459296629,502497,1998,0.225231,998
QuickSort,det_last,sorted,1000,111,165459296630,502497,1998,0.225181,998
QuickSort,det_last,sorted,1000,112,165459296631,502497,1998,0.293783,998
QuickSort,det_last,sorted,1000,113,165459296632,502497,1998,0.422553,998
QuickSort,det_last,sorted,1000,114,165459296633,502497,1998,0.398035,998
QuickSort,det_last,sorted,1000,115,165459296634,502497,1998,0.452436,998
QuickSort,det_last,sorted,1000,116,165459296635,502497,1998,0.417884,998
QuickSort,det_last,sorted,1000,117,165459296636,502497,1998,0.417581,998
QuickSort,det_last,sorted,1000,118,165459296637,502497,1998,0.417461,998
QuickSort,det_last,sorted,1000,119,165459296638,502497,1998,0.453834,998
QuickSort,det_last,sorted,1000,120,165459296639,502497,1998,0.261405,998
QuickSort,det_last,sorted,1000,121,165459296640,502497,1998,0.228030,998
QuickSort,det_last,sorted,1000,122,165459296641,502497,1998,0.227235,998
QuickSort,det_last,sorted,1000,123,165459296642,502497,1998,0.226147,998
QuickSort,det_last,sorted,1000,124,165459296643,502497,1998,0.243247,998
QuickSort,det_last,sorted,1000,125,165459296644,502497,1998,0.225393,998
QuickSort,det_last,sorted,1000,126,165459296645,502497,1998,0.225332,998
QuickSort,det_last,sorted,1000,127,165459296646,502497,1998,0.238094,998
QuickSort,det_last,sorted,1000,128,165459296647,502497,1998,0.235165,998
QuickSort,det_last,sorted,1000,129,165459296648,502497,1998,0.225423,998
QuickSort,det_last,sorted,1000,130,165459296649,502497,1998,0.225383,998
QuickSort,det_last,sorted,1000,131,165459296650,502497,1998,0.225352,998
QuickSort,det_last,sorted,1000,132,165459296651,502497,1998,0.225262,998
QuickSort,det_last,sorted,1000,133,165459296652,502497,1998,0.236353,998
QuickSort,det_last,sorted,1000,134,165459296653,502497,1998,0.225403,998
QuickSort,det_last,sorted,1000,135,165459296654,502497,1998,0.235679,998
QuickSort,det_last,sorted,1000,136,165459296655,502497,1998,0.225393,998
QuickSort,det_last,sorted,1000,137,165459296656,502497,1998,0.225402,998
QuickSort,det_last,sorted,1000,138,165459296657,502497,1998,0.257852,998
QuickSort,det_last,sorted,1000,139,165459296658,502497,1998,0.309977,998
QuickSort,det_last,sorted,1000,140,165459296659,502497,1998,0.397642,998
QuickSort,det_last,sorted,1000,141,165459296660,502497,1998,0.317144,998
QuickSort,det_last,sorted,1000,142,165459296661,502497,1998,0.329323,998
QuickSort,det_last,sorted,1000,143,165459296662,502497,1998,0.226349,998
QuickSort,det_last,sorted,1000,144,165459296663,502497,1998,0.225624,998
QuickSort,det_last,sorted,1000,145,165459296664,502497,1998,0.225825,998
QuickSort,det_last,sorted,1000,146,165459296665,502497,1998,0.232368,998
QuickSort,det_last,sorted,1000,147,165459296666,502497,1998,0.233153,998
QuickSort,det_last,sorted,1000,148,165459296667,502497,1998,0.225313,998
QuickSort,det_last,sorted,1000,149,165459296668,502497,1998,0.225282,998
QuickSort,det_last,sorted,1000,150,165459296669,502497,1998,0.238074,998
QuickSort,det_last,sorted,1000,151,165459296670,502497,1998,0.235880,998
QuickSort,det_last,sorted,1000,152,165459296671,502497,1998,0.225403,998
QuickSort,det_last,sorted,1000,153,165459296672,502497,1998,0.225181,998
QuickSort,det_last,sorted,1000,154,165459296673,502497,1998,0.233676,998
QuickSort,det_last,sorted,1000,155,165459296674,502497,1998,0.225333,998
QuickSort,det_last,sorted,1000,156,165459296675,502497,1998,0.225161,998
QuickSort,det_last,sorted,1000,157,165459296676,502497,1998,0.225202,998
QuickSort,det_last,sorted,1000,158,165459296677,502497,1998,0.225171,998
QuickSort,det_last,sorted,1000,159,165459296678,502497,1998,0.244456,998
QuickSort,det_last,sorted,1000,160,165459296679,502497,1998,0.225272,998
QuickSort,det_last,sorted,1000,161,165459296680,502497,1998,0.225232,998
QuickSort,det_last,sorted,1000,162,165459296681,502497,1998,0.225161,998
QuickSort,det_last,sorted,1000,163,165459296682,502497,1998,0.234501,998
QuickSort,det_last,sorted,1000,164,165459296683,502497,1998,0.225242,998
QuickSort,det_last,sorted,1000,165,165459296684,502497,1998,0.225191,998
QuickSort,det_last,sorted,1000,166,165459296685,502497,1998,0.266719,998
QuickSort,det_last,sorted,1000,167,165459296686,502497,1998,0.338603,998
QuickSort,det_last,sorted,1000,168,165459296687,502497,1998,0.273120,998
QuickSort,det_last,sorted,1000,169,165459296688,502497,1998,0.225604,998
QuickSort,det_last,sorted,1000,170,165459296689,502497,1998,0.228614,998
QuickSort,det_last,sorted,1000,171,165459296690,502497,1998,0.253272,998
QuickSort,det_last,sorted,1000,172,165459296691,502497,1998,0.225302,998
QuickSort,det_last,sorted,1000,173,165459296692,502497,1998,0.225302,998
QuickSort,det_last,sorted,1000,174,165459296693,502497,1998,0.225232,998
QuickSort,det_last,sorted,1000,175,165459296694,502497,1998,0.356860,998
QuickSort,det_last,sorted,1000,176,165459296695,502497,1998,0.413586,998
QuickSort,det_last,sorted,1000,177,165459296696,502497,1998,0.369381,998
QuickSort,det_last,sorted,1000,178,165459296697,502497,1998,0.365837,998
QuickSort,det_last,sorted,1000,179,165459296698,502497,1998,0.383491,998
QuickSort,det_last,sorted,1000,180,165459296699,502497,1998,0.271087,998
QuickSort,det_last,sorted,1000,181,165459296700,502497,1998,0.316017,998
QuickSort,det_last,sorted,1000,182,165459296701,502497,1998,0.226983,998
QuickSort,det_last,sorted,1000,183,165459296702,502497,1998,0.226782,998
QuickSort,det_last,sorted,1000,184,165459296703,502497,1998,0.226671,998
QuickSort,det_last,sorted,1000,185,165459296704,502497,1998,0.238275,998
QuickSort,det_last,sorted,1000,186,165459296705,502497,1998,0.226610,998
QuickSort,det_last,sorted,1000,187,165459296706,502497,1998,0.679177,998
QuickSort,det_last,sorted,1000,188,165459296707,502497,1998,0.407537,998
QuickSort,det_last,sorted,1000,189,165459296708,502497,1998,0.512050,998
QuickSort,det_last,sorted,1000,190,165459296709,502497,1998,0.503053,998
QuickSort,det_last,sorted,1000,191,165459296710,502497,1998,0.452125,998
QuickSort,det_last,sorted,1000,192,165459296711,502497,1998,0.441224,998
QuickSort,det_last,sorted,1000,193,165459296712,502497,1998,0.250213,998
QuickSort,det_last,sorted,1000,194,165459296713,502497,1998,0.227013,998
QuickSort,det_last,sorted,1000,195,165459296714,502497,1998,0.243127,998
QuickSort,det_last,sorted,1000,196,165459296715,502497,1998,0.226077,998
QuickSort,det_last,sorted,1000,197,165459296716,502497,1998,0.225967,998
QuickSort,det_last,sorted,1000,198,165459296717,502497,1998,0.263649,998
QuickSort,det_last,sorted,1000,199,165459296718,502497,1998,0.236525,998
QuickSort,det_last,sorted,10000,0,176769122571,50024997,19998,22.931177,9998
QuickSort,det_last,sorted,10000,1,176769122572,50024997,19998,21.688363,9998
QuickSort,det_last,sorted,10000,2,176769122573,50024997,19998,20.797420,9998
QuickSort,det_last,sorted,10000,3,176769122574,50024997,19998,26.116736,9998
QuickSort,det_last,sorted,10000,4,176769122575,50024997,19998,21.968637,9998
QuickSort,det_last,sorted,10000,5,176769122576,50024997,19998,22.369551,9998
QuickSort,det_last,sorted,10000,6,176769122577,50024997,19998,21.612704,9998
QuickSort,det_last,sorted,10000,7,176769122578,50024997,19998,22.228094,9998
QuickSort,det_last,sorted,10000,8,176769122579,50024997,19998,22.303249,9998
QuickSort,det_last,sorted,10000,9,176769122580,50024997,19998,23.290122,9998
QuickSort,det_last,sorted,10000,10,176769122581,50024997,19998,28.990045,9998
QuickSort,det_last,sorted,10000,11,176769122582,50024997,19998,26.973791,9998
QuickSort,det_last,sorted,10000,12,176769122583,50024997,19998,23.146815,9998
QuickSort,det_last,sorted,10000,13,176769122584,50024997,19998,22.813565,9998
QuickSort,det_last,sorted,10000,14,176769122585,50024997,19998,25.726960,9998
QuickSort,det_last,sorted,10000,15,176769122586,50024997,19998,23.921189,9998
QuickSort,det_last,sorted,10000,16,176769122587,50024997,19998,24.978867,9998
QuickSort,det_last,sorted,10000,17,176769122588,50024997,19998,29.067373,9998
QuickSort,det_last,sorted,10000,18,176769122589,50024997,19998,24.170122,9998
QuickSort,det_last,sorted,10000,19,176769122590,50024997,19998,25.569197,9998
QuickSort,det_last,sorted,10000,20,176769122591,50024997,19998,24.262797,9998
QuickSort,det_last,sorted,10000,21,176769122592,50024997,19998,26.564652,9998
QuickSort,det_last,sorted,10000,22,176769122593,50024997,19998,23.256131,9998
QuickSort,det_last,sorted,10000,23,176769122594,50024997,19998,24.823896,9998
QuickSort,det_last,sorted,10000,24,176769122595,50024997,19998,22.555769,9998
QuickSort,det_last,sorted,10000,25,176769122596,50024997,19998,38.414393,9998
QuickSort,det_last,sorted,10000,26,176769122597,50024997,19998,40.406399,9998
QuickSort,det_last,sorted,10000,27,176769122598,50024997,19998,28.529498,9998
QuickSort,det_last,sorted,10000,28,176769122599,50024997,19998,23.402205,9998
QuickSort,det_last,sorted,10000,29,176769122600,50024997,19998,21.181307,9998
QuickSort,det_last,sorted,10000,30,176769122601,50024997,19998,21.760260,9998
QuickSort,det_last,sorted,10000,31,176769122602,50024997,19998,21.085680,9998
QuickSort,det_last,sorted,10000,32,176769122603,50024997,19998,21.142625,9998
QuickSort,det_last,sorted,10000,33,176769122604,50024997,19998,21.124328,9998
QuickSort,det_last,sorted,10000,34,176769122605,50024997,19998,22.107186,9998
QuickSort,det_last,sorted,10000,35,176769122606,50024997,19998,23.422608,9998
QuickSort,det_last,sorted,10000,36,176769122607,50024997,19998,22.131116,9998
QuickSort,det_last,sorted,10000,37,176769122608,50024997,19998,23.059744,9998
QuickSort,det_last,sorted,10000,38,176769122609,50024997,19998,22.768151,9998
QuickSort,det_last,sorted,10000,39,176769122610,50024997,19998,23.187162,9998
QuickSort,det_last,sorted,10000,40,176769122611,50024997,19998,24.699256,9998
QuickSort,det_last,sorted,10000,41,176769122612,50024997,19998,21.961149,9998
QuickSort,det_last,sorted,10000,42,176769122613,50024997,19998,22.915418,9998
QuickSort,det_last,sorted,10000,43,176769122614,50024997,19998,25.448068,9998
QuickSort,det_last,sorted,10000,44,176769122615,50024997,19998,26.046586,9998
QuickSort,det_last,sorted,10000,45,176769122616,50024997,19998,24.173723,9998
QuickSort,det_last,sorted,10000,46,176769122617,50024997,19998,22.837525,9998
QuickSort,det_last,sorted,10000,47,176769122618,50024997,19998,22.322046,9998
QuickSort,det_last,sorted,10000,48,176769122619,50024997,19998,21.502233,9998
QuickSort,det_last,sorted,10000,49,176769122620,50024997,19998,21.964625,9998
QuickSort,det_last,sorted,10000,50,176769122621,50024997,19998,25.701200,9998
QuickSort,det_last,sorted,10000,51,176769122622,50024997,19998,26.013426,9998
QuickSort,det_last,sorted,10000,52,176769122623,50024997,19998,27.528351,9998
QuickSort,det_last,sorted,10000,53,176769122624,50024997,19998,28.513935,9998
QuickSort,det_last,sorted,10000,54,176769122625,50024997,19998,24.166444,9998
QuickSort,det_last,sorted,10000,55,176769122626,50024997,19998,23.410227,9998
QuickSort,det_last,sorted,10000,56,176769122627,50024997,19998,24.028114,9998
QuickSort,det_last,sorted,10000,57,176769122628,50024997,19998,23.138552,9998
QuickSort,det_last,sorted,10000,58,176769122629,50024997,19998,30.542886,9998
QuickSort,det_last,sorted,10000,59,176769122630,50024997,19998,26.397104,9998
QuickSort,det_last,sorted,10000,60,176769122631,50024997,19998,26.964022,9998
QuickSort,det_last,sorted,10000,61,176769122632,50024997,19998,26.946689,9998
QuickSort,det_last,sorted,10000,62,176769122633,50024997,19998,30.369175,9998
QuickSort,det_last,sorted,10000,63,176769122634,50024997,19998,23.919813,9998
QuickSort,det_last,sorted,10000,64,176769122635,50024997,19998,25.449574,9998
QuickSort,det_last,sorted,10000,65,176769122636,50024997,19998,24.129849,9998
QuickSort,det_last,sorted,10000,66,176769122637,50024997,19998,23.341517,9998
QuickSort,det_last,sorted,10000,67,176769122638,50024997,19998,22.211089,9998
QuickSort,det_last,sorted,10000,68,176769122639,50024997,19998,24.143419,9998
QuickSort,det_last,sorted,10000,69,176769122640,50024997,19998,22.380119,9998
QuickSort,det_last,sorted,10000,70,176769122641,50024997,19998,23.944934,9998
QuickSort,det_last,sorted,10000,71,176769122642,50024997,19998,24.304587,9998
QuickSort,det_last,sorted,10000,72,176769122643,50024997,19998,23.766912,9998
QuickSort,det_last,sorted,10000,73,176769122644,50024997,19998,21.592936,9998
QuickSort,det_last,sorted,10000,74,176769122645,50024997,19998,24.549637,9998
QuickSort,det_last,sorted,10000,75,176769122646,50024997,19998,22.571928,9998
QuickSort,det_last,sorted,10000,76,176769122647,50024997,19998,23.796349,9998
QuickSort,det_last,sorted,10000,77,176769122648,50024997,19998,23.833258,9998
QuickSort,det_last,sorted,10000,78,176769122649,50024997,19998,23.564352,9998
QuickSort,det_last,sorted,10000,79,176769122650,50024997,19998,22.602522,9998
QuickSort,det_last,sorted,10000,80,176769122651,50024997,19998,23.168509,9998
QuickSort,det_last,sorted,10000,81,176769122652,50024997,19998,21.913005,9998
QuickSort,det_last,sorted,10000,82,176769122653,50024997,19998,22.649837,9998
QuickSort,det_last,sorted,10000,83,176769122654,50024997,19998,21.453230,9998
QuickSort,det_last,sorted,10000,84,176769122655,50024997,19998,25.754353,9998
QuickSort,det_last,sorted,10000,85,176769122656,50024997,19998,21.207903,9998
QuickSort,det_last,sorted,10000,86,176769122657,50024997,19998,22.226567,9998
QuickSort,det_last,sorted,10000,87,176769122658,50024997,19998,24.196384,9998
QuickSort,det_last,sorted,10000,88,176769122659,50024997,19998,22.447612,9998
QuickSort,det_last,sorted,10000,89,176769122660,50024997,19998,22.137763,9998
QuickSort,det_last,sorted,10000,90,176769122661,50024997,19998,22.210325,9998
QuickSort,det_last,sorted,10000,91,176769122662,50024997,19998,21.539166,9998
QuickSort,det_last,sorted,10000,92,176769122663,50024997,19998,22.322680,9998
QuickSort,det_last,sorted,10000,93,176769122664,50024997,19998,21.319713,9998
QuickSort,det_last,sorted,10000,94,176769122665,50024997,19998,22.139208,9998
QuickSort,det_last,sorted,10000,95,176769122666,50024997,19998,22.350362,9998
QuickSort,det_last,sorted,10000,96,176769122667,50024997,19998,21.151385,9998
QuickSort,det_last,sorted,10000,97,176769122668,50024997,19998,21.541805,9998
QuickSort,det_last,sorted,10000,98,176769122669,50024997,19998,22.380781,9998
QuickSort,det_last,sorted,10000,99,176769122670,50024997,19998,22.130120,9998
QuickSort,det_last,sorted,5000,0,168111415493,12512497,9998,6.572459,4998
QuickSort,det_last,sorted,5000,1,168111415494,12512497,9998,9.663958,4998
QuickSort,det_last,sorted,5000,2,168111415495,12512497,9998,6.861071,4998
QuickSort,det_last,sorted,5000,3,168111415496,12512497,9998,7.074476,4998
QuickSort,det_last,sorted,5000,4,168111415497,12512497,9998,6.015195,4998
QuickSort,det_last,sorted,5000,5,168111415498,12512497,9998,6.218244,4998
QuickSort,det_last,sorted,5000,6,168111415499,12512497,9998,7.307740,4998
QuickSort,det_last,sorted,5000,7,168111415500,12512497,9998,5.717050,4998
QuickSort,det_last,sorted,5000,8,168111415501,12512497,9998,5.957366,4998
QuickSort,det_last,sorted,5000,9,168111415502,12512497,9998,6.168320,4998
QuickSort,det_last,sorted,5000,10,168111415503,12512497,9998,5.826661,4998
QuickSort,det_last,sorted,5000,11,168111415504,12512497,9998,6.510392,4998
QuickSort,det_last,sorted,5000,12,168111415505,12512497,9998,6.167336,4998
QuickSort,det_last,sorted,5000,13,168111415506,12512497,9998,6.403724,4998
QuickSort,det_last,sorted,5000,14,168111415507,12512497,9998,7.337855,4998
QuickSort,det_last,sorted,5000,15,168111415508,12512497,9998,5.830680,4998
QuickSort,det_last,sorted,5000,16,168111415509,12512497,9998,7.056586,4998
QuickSort,det_last,sorted,5000,17,168111415510,12512497,9998,6.174619,4998
QuickSort,det_last,sorted,5000,18,168111415511,12512497,9998,5.933840,4998
QuickSort,det_last,sorted,5000,19,168111415512,12512497,9998,6.896931,4998
QuickSort,det_last,sorted,5000,20,168111415513,12512497,9998,6.559601,4998
QuickSort,det_last,sorted,5000,21,168111415514,12512497,9998,6.969748,4998
QuickSort,det_last,sorted,5000,22,168111415515,12512497,9998,7.257384,4998
QuickSort,det_last,sorted,5000,23,168111415516,12512497,9998,7.096344,4998
QuickSort,det_last,sorted,5000,24,168111415517,12512497,9998,6.235933,4998
QuickSort,det_last,sorted,5000,25,168111415518,12512497,9998,6.017696,4998
QuickSort,det_last,sorted,5000,26,168111415519,12512497,9998,6.439252,4998
QuickSort,det_last,sorted,5000,27,168111415520,12512497,9998,5.460924,4998
QuickSort,det_last,sorted,5000,28,168111415521,12512497,9998,6.512511,4998
QuickSort,det_last,sorted,5000,29,168111415522,12512497,9998,5.552664,4998
QuickSort,det_last,sorted,5000,30,168111415523,12512497,9998,5.795903,4998
QuickSort,det_last,sorted,5000,31,168111415524,12512497,9998,6.408464,4998
QuickSort,det_last,sorted,5000,32,168111415525,12512497,9998,6.266972,4998
QuickSort,det_last,sorted,5000,33,168111415526,12512497,9998,6.816491,4998
QuickSort,det_last,sorted,5000,34,168111415527,12512497,9998,8.994079,4998
QuickSort,det_last,sorted,5000,35,168111415528,12512497,9998,6.907318,4998
QuickSort,det_last,sorted,5000,36,168111415529,12512497,9998,6.101079,4998
QuickSort,det_last,sorted,5000,37,168111415530,12512497,9998,6.159430,4998
QuickSort,det_last,sorted,5000,38,168111415531,12512497,9998,6.376673,4998
QuickSort,det_last,sorted,5000,39,168111415532,12512497,9998,6.803554,4998
QuickSort,det_last,sorted,5000,40,168111415533,12512497,9998,7.642167,4998
QuickSort,det_last,sorted,5000,41,168111415534,12512497,9998,6.768878,4998
QuickSort,det_last,sorted,5000,42,168111415535,12512497,9998,7.314772,4998
QuickSort,det_last,sorted,5000,43,168111415536,12512497,9998,6.887982,4998
QuickSort,det_last,sorted,5000,44,168111415537,12512497,9998,7.731668,4998
QuickSort,det_last,sorted,5000,45,168111415538,12512497,9998,6.670799,4998
QuickSort,det_last,sorted,5000,46,168111415539,12512497,9998,9.206218,4998
QuickSort,det_last,sorted,5000,47,168111415540,12512497,9998,9.763663,4998
QuickSort,det_last,sorted,5000,48,168111415541,12512497,9998,8.906406,4998
QuickSort,det_last,sorted,5000,49,168111415542,12512497,9998,6.505721,4998
QuickSort,det_last,sorted,5000,50,168111415543,12512497,9998,7.537639,4998
QuickSort,det_last,sorted,5000,51,168111415544,12512497,9998,6.955744,4998
QuickSort,det_last,sorted,5000,52,168111415545,12512497,9998,9.316773,4998
QuickSort,det_last,sorted,5000,53,168111415546,12512497,9998,5.864380,4998
QuickSort,det_last,sorted,5000,54,168111415547,12512497,9998,6.597411,4998
QuickSort,det_last,sorted,5000,55,168111415548,12512497,9998,5.979846,4998
QuickSort,det_last,sorted,5000,56,168111415549,12512497,9998,6.643819,4998
QuickSort,det_last,sorted,5000,57,168111415550,12512497,9998,9.356210,4998
QuickSort,det_last,sorted,5000,58,168111415551,12512497,9998,8.479354,4998
QuickSort,det_last,sorted,5000,59,168111415552,12512497,9998,6.230700,4998
QuickSort,det_last,sorted,5000,60,168111415553,12512497,9998,5.515910,4998
QuickSort,det_last,sorted,5000,61,168111415554,12512497,9998,8.706119,4998
QuickSort,det_last,sorted,5000,62,168111415555,12512497,9998,6.521652,4998
QuickSort,det_last,sorted,5000,63,168111415556,12512497,9998,6.863391,4998
QuickSort,det_last,sorted,5000,64,168111415557,12512497,9998,5.991710,4998
QuickSort,det_last,sorted,5000,65,168111415558,12512497,9998,8.579383,4998
QuickSort,det_last,sorted,5000,66,168111415559,12512497,9998,5.561816,4998
QuickSort,det_last,sorted,5000,67,168111415560,12512497,9998,5.989709,4998
QuickSort,det_last,sorted,5000,68,168111415561,12512497,9998,7.233349,4998
QuickSort,det_last,sorted,5000,69,168111415562,12512497,9998,8.319951,4998
QuickSort,det_last,sorted,5000,70,168111415563,12512497,9998,6.504263,4998
QuickSort,det_last,sorted,5000,71,168111415564,12512497,9998,6.498156,4998
QuickSort,det_last,sorted,5000,72,168111415565,12512497,9998,7.001128,4998
QuickSort,det_last,sorted,5000,73,168111415566,12512497,9998,6.396482,4998
QuickSort,det_last,sorted,5000,74,168111415567,12512497,9998,6.229414,4998
QuickSort,det_last,sorted,5000,75,168111415568,12512497,9998,5.971931,4998
QuickSort,det_last,sorted,5000,76,168111415569,12512497,9998,10.189270,4998
QuickSort,det_last,sorted,5000,77,168111415570,12512497,9998,7.366694,4998
QuickSort,det_last,sorted,5000,78,168111415571,12512497,9998,8.575997,4998
QuickSort,det_last,sorted,5000,79,168111415572,12512497,9998,6.240463,4998
QuickSort,det_last,sorted,5000,80,168111415573,12512497,9998,11.178175,4998
QuickSort,det_last,sorted,5000,81,168111415574,12512497,9998,5.644546,4998
QuickSort,det_last,sorted,5000,82,168111415575,12512497,9998,6.108050,4998
QuickSort,det_last,sorted,5000,83,168111415576,12512497,9998,6.934599,4998
QuickSort,det_last,sorted,5000,84,168111415577,12512497,9998,5.929732,4998
QuickSort,det_last,sorted,5000,85,168111415578,12512497,9998,6.281607,4998
QuickSort,det_last,sorted,5000,86,168111415579,12512497,9998,5.903967,4998
QuickSort,det_last,sorted,5000,87,168111415580,12512497,9998,6.086735,4998
QuickSort,det_last,sorted,5000,88,168111415581,12512497,9998,6.552158,4998
QuickSort,det_last,sorted,5000,89,168111415582,12512497,9998,5.825998,4998
QuickSort,det_last,sorted,5000,90,168111415583,12512497,9998,5.650050,4998
QuickSort,det_last,sorted,5000,91,168111415584,12512497,9998,5.473339,4998
QuickSort,det_last,sorted,5000,92,168111415585,12512497,9998,5.495097,4998
QuickSort,det_last,sorted,5000,93,168111415586,12512497,9998,6.288648,4998
QuickSort,det_last,sorted,5000,94,168111415587,12512497,9998,5.838112,4998
QuickSort,det_last,sorted,5000,95,168111415588,12512497,9998,6.890905,4998
QuickSort,det_last,sorted,5000,96,168111415589,12512497,9998,6.301074,4998
QuickSort,det_last,sorted,5000,97,168111415590,12512497,9998,5.580167,4998
QuickSort,det_last,sorted,5000,98,168111415591,12512497,9998,7.224739,4998
QuickSort,det_last,sorted,5000,99,168111415592,12512497,9998,7.967976,4998
QuickSort,det_last,sorted,5000,100,168111415593,12512497,9998,7.326747,4998
QuickSort,det_last,sorted,5000,101,168111415594,12512497,9998,5.341954,4998
QuickSort,det_last,sorted,5000,102,168111415595,12512497,9998,5.842111,4998
QuickSort,det_last,sorted,5000,103,168111415596,12512497,9998,5.778948,4998
QuickSort,det_last,sorted,5000,104,168111415597,12512497,9998,5.960389,4998
QuickSort,det_last,sorted,5000,105,168111415598,12512497,9998,7.319704,4998
QuickSort,det_last,sorted,5000,106,168111415599,12512497,9998,7.121457,4998
QuickSort,det_last,sorted,5000,107,168111415600,12512497,9998,6.230057,4998
QuickSort,det_last,sorted,5000,108,168111415601,12512497,9998,6.021041,4998
QuickSort,det_last,sorted,5000,109,168111415602,12512497,9998,7.299925,4998
QuickSort,det_last,sorted,5000,110,168111415603,12512497,9998,8.016302,4998
QuickSort,det_last,sorted,5000,111,168111415604,12512497,9998,7.184559,4998
QuickSort,det_last,sorted,5000,112,168111415605,12512497,9998,6.256204,4998
QuickSort,det_last,sorted,5000,113,168111415606,12512497,9998,6.273079,4998
QuickSort,det_last,sorted,5000,114,168111415607,12512497,9998,6.154308,4998
QuickSort,det_last,sorted,5000,115,168111415608,12512497,9998,5.956482,4998
QuickSort,det_last,sorted,5000,116,168111415609,12512497,9998,5.876263,4998
QuickSort,det_last,sorted,5000,117,168111415610,12512497,9998,7.785820,4998
QuickSort,det_last,sorted,5000,118,168111415611,12512497,9998,7.332100,4998
QuickSort,det_last,sorted,5000,119,168111415612,12512497,9998,8.634449,4998
QuickSort,det_last,sorted,5000,120,168111415613,12512497,9998,8.043152,4998
QuickSort,det_last,sorted,5000,121,168111415614,12512497,9998,5.924098,4998
QuickSort,det_last,sorted,5000,122,168111415615,12512497,9998,5.855922,4998
QuickSort,det_last,sorted,5000,123,168111415616,12512497,9998,6.494480,4998
QuickSort,det_last,sorted,5000,124,168111415617,12512497,9998,5.705157,4998
QuickSort,det_last,sorted,5000,125,168111415618,12512497,9998,5.289346,4998
QuickSort,det_last,sorted,5000,126,168111415619,12512497,9998,9.424968,4998
QuickSort,det_last,sorted,5000,127,168111415620,12512497,9998,5.842391,4998
QuickSort,det_last,sorted,5000,128,168111415621,12512497,9998,7.206639,4998
QuickSort,det_last,sorted,5000,129,168111415622,12512497,9998,6.900943,4998
QuickSort,det_last,sorted,5000,130,168111415623,12512497,9998,6.369893,4998
QuickSort,det_last,sorted,5000,131,168111415624,12512497,9998,5.803079,4998
QuickSort,det_last,sorted,5000,132,168111415625,12512497,9998,6.918131,4998
QuickSort,det_last,sorted,5000,133,168111415626,12512497,9998,6.174937,4998
QuickSort,det_last,sorted,5000,134,168111415627,12512497,9998,6.113714,4998
QuickSort,det_last,sorted,5000,135,168111415628,12512497,9998,7.195304,4998
QuickSort,det_last,sorted,5000,136,168111415629,12512497,9998,5.998366,4998
QuickSort,det_last,sorted,5000,137,168111415630,12512497,9998,6.196294,4998
QuickSort,det_last,sorted,5000,138,168111415631,12512497,9998,5.934963,4998
QuickSort,det_last,sorted,5000,139,168111415632,12512497,9998,6.049077,4998
QuickSort,det_last,sorted,5000,140,168111415633,12512497,9998,5.623625,4998
QuickSort,det_last,sorted,5000,141,168111415634,12512497,9998,5.300752,4998
QuickSort,det_last,sorted,5000,142,168111415635,12512497,9998,5.765279,4998
QuickSort,det_last,sorted,5000,143,168111415636,12512497,9998,7.887365,4998
QuickSort,det_last,sorted,5000,144,168111415637,12512497,9998,5.932193,4998
QuickSort,det_last,sorted,5000,145,168111415638,12512497,9998,6.414161,4998
QuickSort,det_last,sorted,5000,146,168111415639,12512497,9998,5.599108,4998
QuickSort,det_last,sorted,5000,147,168111415640,12512497,9998,5.771282,4998
QuickSort,det_last,sorted,5000,148,168111415641,12512497,9998,5.629519,4998
QuickSort,det_last,sorted,5000,149,168111415642,12512497,9998,5.407747,4998
QuickSort,det_last,sorted,5000,150,168111415643,12512497,9998,5.490988,4998
QuickSort,det_last,sorted,5000,151,168111415644,12512497,9998,6.363116,4998
QuickSort,det_last,sorted,5000,152,168111415645,12512497,9998,5.495707,4998
QuickSort,det_last,sorted,5000,153,168111415646,12512497,9998,7.030129,4998
QuickSort,det_last,sorted,5000,154,168111415647,12512497,9998,5.546481,4998
QuickSort,det_last,sorted,5000,155,168111415648,12512497,9998,5.885486,4998
QuickSort,det_last,sorted,5000,156,168111415649,12512497,9998,5.687068,4998
QuickSort,det_last,sorted,5000,157,168111415650,12512497,9998,5.586437,4998
QuickSort,det_last,sorted,5000,158,168111415651,12512497,9998,7.125405,4998
QuickSort,det_last,sorted,5000,159,168111415652,12512497,9998,5.650874,4998
QuickSort,det_last,sorted,5000,160,168111415653,12512497,9998,5.796021,4998
QuickSort,det_last,sorted,5000,161,168111415654,12512497,9998,6.625167,4998
QuickSort,det_last,sorted,5000,162,168111415655,12512497,9998,5.242259,4998
QuickSort,det_last,sorted,5000,163,168111415656,12512497,9998,5.675835,4998
QuickSort,det_last,sorted,5000,164,168111415657,12512497,9998,5.558078,4998
QuickSort,det_last,sorted,5000,165,168111415658,12512497,9998,6.133141,4998
QuickSort,det_last,sorted,5000,166,168111415659,12512497,9998,5.702911,4998
QuickSort,det_last,sorted,5000,167,168111415660,12512497,9998,5.925615,4998
QuickSort,det_last,sorted,5000,168,168111415661,12512497,9998,5.730099,4998
QuickSort,det_last,sorted,5000,169,168111415662,12512497,9998,9.574633,4998
QuickSort,det_last,sorted,5000,170,168111415663,12512497,9998,6.514567,4998
QuickSort,det_last,sorted,5000,171,168111415664,12512497,9998,5.458652,4998
QuickSort,det_last,sorted,5000,172,168111415665,12512497,9998,5.495920,4998
QuickSort,det_last,sorted,5000,173,168111415666,12512497,9998,6.569807,4998
QuickSort,det_last,sorted,5000,174,168111415667,12512497,9998,5.731083,4998
QuickSort,det_last,sorted,5000,175,168111415668,12512497,9998,5.740028,4998
QuickSort,det_last,sorted,5000,176,168111415669,12512497,9998,7.185023,4998
QuickSort,det_last,sorted,5000,177,168111415670,12512497,9998,6.209395,4998
QuickSort,det_last,sorted,5000,178,168111415671,12512497,9998,7.702640,4998
QuickSort,det_last,sorted,5000,179,168111415672,12512497,9998,6.831074,4998
QuickSort,det_last,sorted,5000,180,168111415673,12512497,9998,6.989287,4998
QuickSort,det_last,sorted,5000,181,168111415674,12512497,9998,5.669651,4998
QuickSort,det_last,sorted,5000,182,168111415675,12512497,9998,5.648736,4998
QuickSort,det_last,sorted,5000,183,168111415676,12512497,9998,7.736305,4998
QuickSort,det_last,sorted,5000,184,168111415677,12512497,9998,5.780720,4998
QuickSort,det_last,sorted,5000,185,168111415678,12512497,9998,7.811402,4998
QuickSort,det_last,sorted,5000,186,168111415679,12512497,9998,5.536278,4998
QuickSort,det_last,sorted,5000,187,168111415680,12512497,9998,6.012632,4998
QuickSort,det_last,sorted,5000,188,168111415681,12512497,9998,6.025254,4998
QuickSort,det_last,sorted,5000,189,168111415682,12512497,9998,5.990336,4998
QuickSort,det_last,sorted,5000,190,168111415683,12512497,9998,6.297404,4998
QuickSort,det_last,sorted,5000,191,168111415684,12512497,9998,5.571117,4998
QuickSort,det_last,sorted,5000,192,168111415685,12512497,9998,6.804520,4998
QuickSort,det_last,sorted,5000,193,168111415686,12512497,9998,6.034258,4998
QuickSort,det_last,sorted,5000,194,168111415687,12512497,9998,5.833821,4998
QuickSort,det_last,sorted,5000,195,168111415688,12512497,9998,5.675913,4998
QuickSort,det_last,sorted,5000,196,168111415689,12512497,9998,6.565691,4998
QuickSort,det_last,sorted,5000,197,168111415690,12512497,9998,7.865849,4998
QuickSort,det_last,sorted,5000,198,168111415691,12512497,9998,6.159649,4998
QuickSort,det_last,sorted,5000,199,168111415692,12512497,9998,5.819596,4998
QuickSort,det_last,sorted,50000,0,208550511898,1250124997,99998,630.603036,49998
QuickSort,det_last,sorted,50000,1,208550511899,1250124997,99998,594.821245,49998
QuickSort,det_last,sorted,50000,2,208550511900,1250124997,99998,586.664074,49998
QuickSort,det_last,sorted,50000,3,208550511901,1250124997,99998,569.907628,49998
QuickSort,det_last,sorted,50000,4,208550511902,1250124997,99998,571.538022,49998
QuickSort,det_last,sorted,50000,5,208550511903,1250124997,99998,562.080510,49998
QuickSort,det_last,sorted,50000,6,208550511904,1250124997,99998,571.435059,49998
QuickSort,det_last,sorted,50000,7,208550511905,1250124997,99998,565.952400,49998
QuickSort,det_last,sorted,50000,8,208550511906,1250124997,99998,577.660618,49998
QuickSort,det_last,sorted,50000,9,208550511907,1250124997,99998,569.147200,49998
QuickSort,det_last,sorted,50000,10,208550511908,1250124997,99998,559.673520,49998
QuickSort,det_last,sorted,50000,11,208550511909,1250124997,99998,567.153891,49998
QuickSort,det_last,sorted,50000,12,208550511910,1250124997,99998,565.176230,49998
QuickSort,det_last,sorted,50000,13,208550511911,1250124997,99998,572.938057,49998
QuickSort,det_last,sorted,50000,14,208550511912,1250124997,99998,566.727815,49998
QuickSort,det_last,sorted,50000,15,208550511913,1250124997,99998,577.704081,49998
QuickSort,det_last,sorted,50000,16,208550511914,1250124997,99998,569.354284,49998
QuickSort,det_last,sorted,50000,17,208550511915,1250124997,99998,567.766880,49998
QuickSort,det_last,sorted,50000,18,208550511916,1250124997,99998,570.646679,49998
QuickSort,det_last,sorted,50000,19,208550511917,1250124997,99998,572.117346,49998
QuickSort,det_last,sorted,50000,20,208550511918,1250124997,99998,581.973007,49998
QuickSort,det_last,sorted,50000,21,208550511919,1250124997,99998,567.692957,49998
QuickSort,det_last,sorted,50000,22,208550511920,1250124997,99998,552.648495,49998
QuickSort,det_last,sorted,50000,23,208550511921,1250124997,99998,554.095209,49998
QuickSort,det_last,sorted,50000,24,208550511922,1250124997,99998,570.811369,49998
QuickSort,det_last,sorted,50000,25,208550511923,1250124997,99998,560.033171,49998
QuickSort,det_last,sorted,50000,26,208550511924,1250124997,99998,565.206791,49998
QuickSort,det_last,sorted,50000,27,208550511925,1250124997,99998,571.190937,49998
QuickSort,det_last,sorted,50000,28,208550511926,1250124997,99998,565.861069,49998
QuickSort,det_last,sorted,50000,29,208550511927,1250124997,99998,564.290043,49998
QuickSort,det_med3,few_distinct,1000,0,165980847228,12615,4742,0.033370,14
QuickSort,det_med3,few_distinct,1000,1,165980847229,12037,4797,0.032183,14
QuickSort,det_med3,few_distinct,1000,2,165980847230,12352,4796,0.030775,14
QuickSort,det_med3,few_distinct,1000,3,165980847231,12357,4773,0.030242,13
QuickSort,det_med3,few_distinct,1000,4,165980847232,12006,4824,0.031258,13
QuickSort,det_med3,few_distinct,1000,5,165980847233,12021,4788,0.031067,13
QuickSort,det_med3,few_distinct,1000,6,165980847234,12177,4815,0.030555,13
QuickSort,det_med3,few_distinct,1000,7,165980847235,12054,4816,0.030503,14
QuickSort,det_med3,few_distinct,1000,8,165980847236,12235,4761,0.033401,14
QuickSort,det_med3,few_distinct,1000,9,165980847237,12086,4796,0.039747,13
QuickSort,det_med3,few_distinct,1000,10,165980847238,12001,4805,0.039747,13
QuickSort,det_med3,few_distinct,1000,11,165980847239,12262,4834,0.039093,13
QuickSort,det_med3,few_distinct,1000,12,165980847240,11964,4812,0.040531,14
QuickSort,det_med3,few_distinct,1000,13,165980847241,12364,4794,0.038218,14
QuickSort,det_med3,few_distinct,1000,14,165980847242,11960,4798,0.055416,13
QuickSort,det_med3,few_distinct,1000,15,165980847243,12399,4805,0.043216,13
QuickSort,det_med3,few_distinct,1000,16,165980847244,12320,4797,0.043398,13
QuickSort,det_med3,few_distinct,1000,17,165980847245,12482,4762,0.042593,14
QuickSort,det_med3,few_distinct,1000,18,165980847246,12114,4792,0.043518,13
QuickSort,det_med3,few_distinct,1000,19,165980847247,12410,4776,0.042362,14
QuickSort,det_med3,few_distinct,1000,20,165980847248,12087,4779,0.043669,14
QuickSort,det_med3,few_distinct,1000,21,165980847249,12235,4786,0.043207,13
QuickSort,det_med3,few_distinct,1000,22,165980847250,12338,4787,0.040883,16
QuickSort,det_med3,few_distinct,1000,23,165980847251,12974,4744,0.042753,15
QuickSort,det_med3,few_distinct,1000,24,165980847252,11892,4825,0.043820,13
QuickSort,det_med3,few_distinct,1000,25,165980847253,12048,4848,0.044826,13
QuickSort,det_med3,few_distinct,1000,26,165980847254,12050,4829,0.044444,14
QuickSort,det_med3,few_distinct,1000,27,165980847255,12033,4806,0.045369,13
QuickSort,det_med3,few_distinct,1000,28,165980847256,12222,4790,0.044715,13
QuickSort,det_med3,few_distinct,1000,29,165980847257,12265,4762,0.044282,14
QuickSort,det_med3,few_distinct,1000,30,165980847258,12054,4824,0.041828,13
QuickSort,det_med3,few_distinct,1000,31,165980847259,12027,4797,0.042221,13
QuickSort,det_med3,few_distinct,1000,32,165980847260,12161,4784,0.083777,14
QuickSort,det_med3,few_distinct,1000,33,165980847261,12091,4806,0.039364,13
QuickSort,det_med3,few_distinct,1000,34,165980847262,12141,4778,0.044031,14
QuickSort,det_med3,few_distinct,1000,35,165980847263,12046,4815,0.044142,13
QuickSort,det_med3,few_distinct,1000,36,165980847264,11998,4812,0.043518,13
QuickSort,det_med3,few_distinct,1000,37,165980847265,12054,4814,0.043106,13
QuickSort,det_med3,few_distinct,1000,38,165980847266,12227,4806,0.043186,13
QuickSort,det_med3,few_distinct,1000,39,165980847267,12112,4782,0.043226,14
QuickSort,det_med3,few_distinct,1000,40,165980847268,12112,4808,0.044574,13
QuickSort,det_med3,few_distinct,1000,41,165980847269,12224,4793,0.042301,14
QuickSort,det_med3,few_distinct,1000,42,165980847270,11933,4831,0.043730,13
QuickSort,det_med3,few_distinct,1000,43,165980847271,12093,4812,0.043619,13
QuickSort,det_med3,few_distinct,1000,44,165980847272,12467,4773,0.042321,14
QuickSort,det_med3,few_distinct,1000,45,165980847273,12061,4784,0.043669,13
QuickSort,det_med3,few_distinct,1000,46,165980847274,12263,4791,0.043548,13
QuickSort,det_med3,few_distinct,1000,47,165980847275,12468,4795,0.044011,14
QuickSort,det_med3,few_distinct,1000,48,165980847276,12060,4797,0.043598,13
QuickSort,det_med3,few_distinct,1000,49,165980847277,12094,4815,0.042985,13
QuickSort,det_med3,few_distinct,1000,50,165980847278,11937,4803,0.044343,13
QuickSort,det_med3,few_distinct,1000,51,165980847279,12094,4797,0.043096,13
QuickSort,det_med3,few_distinct,1000,52,165980847280,12692,4771,0.042643,15
QuickSort,det_med3,few_distinct,1000,53,165980847281,12012,4778,0.044262,13
QuickSort,det_med3,few_distinct,1000,54,165980847282,12044,4818,0.040893,14
QuickSort,det_med3,few_distinct,1000,55,165980847283,12071,4789,0.039012,14
QuickSort,det_med3,few_distinct,1000,56,165980847284,12578,4731,0.033622,15
QuickSort,det_med3,few_distinct,1000,57,165980847285,13137,4722,0.033128,15
QuickSort,det_med3,few_distinct,1000,58,165980847286,12149,4787,0.039324,14
QuickSort,det_med3,few_distinct,1000,59,165980847287,12746,4737,0.030082,15
QuickSort,det_med3,few_distinct,1000,60,165980847288,12241,4774,0.030213,14
QuickSort,det_med3,few_distinct,1000,61,165980847289,12735,4793,0.030735,15
QuickSort,det_med3,few_distinct,1000,62,165980847290,12330,4801,0.029679,13
QuickSort,det_med3,few_distinct,1000,63,165980847291,12199,4797,0.030232,13
QuickSort,det_med3,few_distinct,1000,64,165980847292,12570,4794,0.029740,14
QuickSort,det_med3,few_distinct,1000,65,165980847293,12375,4763,0.029931,14
QuickSort,det_med3,few_distinct,1000,66,165980847294,12430,4768,0.029900,15
QuickSort,det_med3,few_distinct,1000,67,165980847295,12223,4775,0.030504,14
QuickSort,det_med3,few_distinct,1000,68,165980847296,12408,4767,0.030473,14
QuickSort,det_med3,few_distinct,1000,69,165980847297,11913,4834,0.030604,12
QuickSort,det_med3,few_distinct,1000,70,165980847298,12988,4720,0.030614,16
QuickSort,det_med3,few_distinct,1000,71,165980847299,12362,4784,0.030051,15
QuickSort,det_med3,few_distinct,1000,72,165980847300,12043,4787,0.030102,13
QuickSort,det_med3,few_distinct,1000,73,165980847301,12653,4735,0.034517,14
QuickSort,det_med3,few_distinct,1000,74,165980847302,12496,4770,0.098491,14
QuickSort,det_med3,few_distinct,1000,75,165980847303,12343,4799,0.042512,15
QuickSort,det_med3,few_distinct,1000,76,165980847304,12470,4806,0.040420,14
QuickSort,det_med3,few_distinct,1000,77,165980847305,12440,4801,0.031309,14
QuickSort,det_med3,few_distinct,1000,78,165980847306,13135,4774,0.030665,16
QuickSort,det_med3,few_distinct,1000,79,165980847307,12435,4779,0.031118,15
QuickSort,det_med3,few_distinct,1000,80,165980847308,12120,4790,0.031680,14
QuickSort,det_med3,few_distinct,1000,81,165980847309,12090,4828,0.030645,12
QuickSort,det_med3,few_distinct,1000,82,165980847310,12443,4754,0.031117,14
QuickSort,det_med3,few_distinct,1000,83,165980847311,12075,4795,0.031057,13
QuickSort,det_med3,few_distinct,1000,84,165980847312,11951,4806,0.030936,12
QuickSort,det_med3,few_distinct,1000,85,165980847313,12025,4787,0.030584,13
QuickSort,det_med3,few_distinct,1000,86,165980847314,12100,4801,0.029418,13
QuickSort,det_med3,few_distinct,1000,87,165980847315,12073,4791,0.031147,13
QuickSort,det_med3,few_distinct,1000,88,165980847316,12039,4790,0.030795,14
QuickSort,det_med3,few_distinct,1000,89,165980847317,12064,4794,0.032053,14
QuickSort,det_med3,few_distinct,1000,90,165980847318,12331,4797,0.030544,14
QuickSort,det_med3,few_distinct,1000,91,165980847319,12165,4770,0.030524,13
QuickSort,det_med3,few_distinct,1000,92,165980847320,12315,4776,0.031148,14
QuickSort,det_med3,few_distinct,1000,93,165980847321,12071,4803,0.030363,13
QuickSort,det_med3,few_distinct,1000,94,165980847322,12396,4791,0.030816,14
QuickSort,det_med3,few_distinct,1000,95,165980847323,12253,4770,0.038439,14
QuickSort,det_med3,few_distinct,1000,96,165980847324,12018,4798,0.035795,13
QuickSort,det_med3,few_distinct,1000,97,165980847325,12096,4798,0.031660,13
QuickSort,det_med3,few_distinct,1000,98,165980847326,12031,4815,0.030403,13
QuickSort,det_med3,few_distinct,1000,99,165980847327,11976,4794,0.031137,13
QuickSort,det_med3,few_distinct,1000,100,165980847328,12270,4795,0.031027,13
QuickSort,det_med3,few_distinct,1000,101,165980847329,12037,4776,0.031731,13
QuickSort,det_med3,few_distinct,1000,102,165980847330,12142,4784,0.030373,15
QuickSort,det_med3,few_distinct,1000,103,165980847331,11924,4791,0.030825,13
QuickSort,det_med3,few_distinct,1000,104,165980847332,12192,4794,0.030162,12
QuickSort,det_med3,few_distinct,1000,105,165980847333,12583,4727,0.030544,15
QuickSort,det_med3,few_distinct,1000,106,165980847334,12157,4804,0.030474,15
QuickSort,det_med3,few_distinct,1000,107,165980847335,11933,4795,0.038490,13
QuickSort,det_med3,few_distinct,1000,108,165980847336,11944,4806,0.037644,15
QuickSort,det_med3,few_distinct,1000,109,165980847337,11975,4825,0.035271,13
QuickSort,det_med3,few_distinct,1000,110,165980847338,12091,4818,0.034778,13
QuickSort,det_med3,few_distinct,1000,111,165980847339,12570,4784,0.034698,14
QuickSort,det_med3,few_distinct,1000,112,165980847340,12477,4754,0.034658,14
QuickSort,det_med3,few_distinct,1000,113,165980847341,12243,4790,0.034788,13
QuickSort,det_med3,few_distinct,1000,114,165980847342,12246,4787,0.034728,14
QuickSort,det_med3,few_distinct,1000,115,165980847343,12421,4788,0.034536,14
QuickSort,det_med3,few_distinct,1000,116,165980847344,12018,4810,0.035040,12
QuickSort,det_med3,few_distinct,1000,117,165980847345,12297,4793,0.035583,14
QuickSort,det_med3,few_distinct,1000,118,165980847346,12282,4776,0.035160,13
QuickSort,det_med3,few_distinct,1000,119,165980847347,12158,4813,0.034778,13
QuickSort,det_med3,few_distinct,1000,120,165980847348,12198,4796,0.033522,13
QuickSort,det_med3,few_distinct,1000,121,165980847349,11943,4805,0.035542,13
QuickSort,det_med3,few_distinct,1000,122,165980847350,12582,4756,0.033993,14
QuickSort,det_med3,few_distinct,1000,123,165980847351,12944,4763,0.033421,14
QuickSort,det_med3,few_distinct,1000,124,165980847352,12141,4805,0.034778,14
QuickSort,det_med3,few_distinct,1000,125,165980847353,12260,4791,0.035030,13
QuickSort,det_med3,few_distinct,1000,126,165980847354,12017,4803,0.035764,13
QuickSort,det_med3,few_distinct,1000,127,165980847355,12268,4778,0.035200,14
QuickSort,det_med3,few_distinct,1000,128,165980847356,12356,4768,0.034527,14
QuickSort,det_med3,few_distinct,1000,129,165980847357,12357,4796,0.034064,13
QuickSort,det_med3,few_distinct,1000,130,165980847358,11955,4829,0.037745,13
QuickSort,det_med3,few_distinct,1000,131,165980847359,12078,4802,0.036045,13
QuickSort,det_med3,few_distinct,1000,132,165980847360,12687,4734,0.030142,14
QuickSort,det_med3,few_distinct,1000,133,165980847361,12027,4817,0.040571,12
QuickSort,det_med3,few_distinct,1000,134,165980847362,12161,4819,0.032867,13
QuickSort,det_med3,few_distinct,1000,135,165980847363,12090,4798,0.030745,13
QuickSort,det_med3,few_distinct,1000,136,165980847364,12517,4768,0.037384,14
QuickSort,det_med3,few_distinct,1000,137,165980847365,12427,4778,0.035784,14
QuickSort,det_med3,few_distinct,1000,138,165980847366,12092,4783,0.038439,14
QuickSort,det_med3,few_distinct,1000,139,165980847367,13496,4744,0.034034,16
QuickSort,det_med3,few_distinct,1000,140,165980847368,12206,4827,0.040762,14
QuickSort,det_med3,few_distinct,1000,141,165980847369,12327,4785,0.030594,13
QuickSort,det_med3,few_distinct,1000,142,165980847370,12381,4764,0.034024,15
QuickSort,det_med3,few_distinct,1000,143,165980847371,12822,4743,0.029317,15
QuickSort,det_med3,few_distinct,1000,144,165980847372,12320,4757,0.038409,14
QuickSort,det_med3,few_distinct,1000,145,165980847373,12215,4812,0.080126,13
QuickSort,det_med3,few_distinct,1000,146,165980847374,12403,4787,0.035764,14
QuickSort,det_med3,few_distinct,1000,147,165980847375,12133,4816,0.034506,13
QuickSort,det_med3,few_distinct,1000,148,165980847376,12049,4800,0.034265,14
QuickSort,det_med3,few_distinct,1000,149,165980847377,11935,4854,0.034346,13
QuickSort,det_med3,few_distinct,1000,150,165980847378,12089,4775,0.033843,14
QuickSort,det_med3,few_distinct,1000,151,165980847379,12462,4752,0.036377,15
QuickSort,det_med3,few_distinct,1000,152,165980847380,12100,4781,0.041164,13
QuickSort,det_med3,few_distinct,1000,153,165980847381,12014,4823,0.036126,13
QuickSort,det_med3,few_distinct,1000,154,165980847382,12079,4787,0.034336,13
QuickSort,det_med3,few_distinct,1000,155,165980847383,12413,4777,0.033753,14
QuickSort,det_med3,few_distinct,1000,156,165980847384,11985,4808,0.036729,13
QuickSort,det_med3,few_distinct,1000,157,165980847385,12364,4818,0.036539,13
QuickSort,det_med3,few_distinct,1000,158,165980847386,12096,4792,0.037132,13
QuickSort,det_med3,few_distinct,1000,159,165980847387,12478,4761,0.038550,14
QuickSort,det_med3,few_distinct,1000,160,165980847388,12134,4795,0.037856,13
QuickSort,det_med3,few_distinct,1000,161,165980847389,12486,4770,0.037293,14
QuickSort,det_med3,few_distinct,1000,162,165980847390,11989,4799,0.037775,12
QuickSort,det_med3,few_distinct,1000,163,165980847391,11950,4803,0.036478,13
QuickSort,det_med3,few_distinct,1000,164,165980847392,12300,4789,0.037997,14
QuickSort,det_med3,few_distinct,1000,165,165980847393,12016,4818,0.105431,13
QuickSort,det_med3,few_distinct,1000,166,165980847394,12698,4775,0.037634,14
QuickSort,det_med3,few_distinct,1000,167,165980847395,12381,4777,0.038308,15
QuickSort,det_med3,few_distinct,1000,168,165980847396,12150,4833,0.038429,14
QuickSort,det_med3,few_distinct,1000,169,165980847397,12198,4826,0.038228,13
QuickSort,det_med3,few_distinct,1000,170,165980847398,12086,4815,0.039053,13
QuickSort,det_med3,few_distinct,1000,171,165980847399,12023,4802,0.815046,12
QuickSort,det_med3,few_distinct,1000,172,165980847400,12215,4796,0.035211,13
QuickSort,det_med3,few_distinct,1000,173,165980847401,12333,4763,0.036377,14
QuickSort,det_med3,few_distinct,1000,174,165980847402,12044,4818,0.030715,12
QuickSort,det_med3,few_distinct,1000,175,165980847403,12459,4774,0.030514,14
QuickSort,det_med3,few_distinct,1000,176,165980847404,12337,4783,0.030383,14
QuickSort,det_med3,few_distinct,1000,177,165980847405,12866,4759,0.038117,15
QuickSort,det_med3,few_distinct,1000,178,165980847406,11944,4815,0.038741,13
QuickSort,det_med3,few_distinct,1000,179,165980847407,12170,4780,0.039012,14
QuickSort,det_med3,few_distinct,1000,180,165980847408,12094,4816,0.037473,13
QuickSort,det_med3,few_distinct,1000,181,165980847409,12132,4790,0.041225,13
QuickSort,det_med3,few_distinct,1000,182,165980847410,12397,4773,0.039968,13
QuickSort,det_med3,few_distinct,1000,183,165980847411,12700,4730,0.037061,15
QuickSort,det_med3,few_distinct,1000,184,165980847412,12303,4803,0.034447,13
QuickSort,det_med3,few_distinct,1000,185,165980847413,12564,4770,0.035382,14
QuickSort,det_med3,few_distinct,1000,186,165980847414,12142,4803,0.039113,13
QuickSort,det_med3,few_distinct,1000,187,165980847415,12139,4812,0.041366,13
QuickSort,det_med3,few_distinct,1000,188,165980847416,12126,4813,0.031389,13
QuickSort,det_med3,few_distinct,1000,189,165980847417,11949,4799,0.031509,12
QuickSort,det_med3,few_distinct,1000,190,165980847418,12179,4803,0.030765,13
QuickSort,det_med3,few_distinct,1000,191,165980847419,11987,4787,0.031419,13
QuickSort,det_med3,few_distinct,1000,192,165980847420,12105,4829,0.030755,13
QuickSort,det_med3,few_distinct,1000,193,165980847421,12142,4787,0.031167,14
QuickSort,det_med3,few_distinct,1000,194,165980847422,12199,4793,0.030102,14
QuickSort,det_med3,few_distinct,1000,195,165980847423,12350,4760,0.029901,14
QuickSort,det_med3,few_distinct,1000,196,165980847424,12132,4791,0.031932,14
QuickSort,det_med3,few_distinct,1000,197,165980847425,12141,4793,0.037182,13
QuickSort,det_med3,few_distinct,1000,198,165980847426,12034,4836,0.031279,13
QuickSort,det_med3,few_distinct,1000,199,165980847427,12081,4808,0.030091,12
QuickSort,det_med3,few_distinct,10000,0,185452207409,158908,64315,0.300198,20
QuickSort,det_med3,few_distinct,10000,1,185452207410,154785,64668,0.313044,19
QuickSort,det_med3,few_distinct,10000,2,185452207411,154605,64437,0.315699,18
QuickSort,det_med3,few_distinct,10000,3,185452207412,158134,64033,0.297482,19
QuickSort,det_med3,few_distinct,10000,4,185452207413,154387,64653,0.313295,18
QuickSort,det_med3,few_distinct,10000,5,185452207414,159566,64254,0.309397,18
QuickSort,det_med3,few_distinct,10000,6,185452207415,157066,64397,0.305800,18
QuickSort,det_med3,few_distinct,10000,7,185452207416,153517,64571,0.312583,18
QuickSort,det_med3,few_distinct,10000,8,185452207417,154181,64644,0.306762,18
QuickSort,det_med3,few_distinct,10000,9,185452207418,155812,64311,0.307002,20
QuickSort,det_med3,few_distinct,10000,10,185452207419,152318,64618,0.464120,18
QuickSort,det_med3,few_distinct,10000,11,185452207420,152919,64748,0.564263,18
QuickSort,det_med3,few_distinct,10000,12,185452207421,156506,64612,0.549803,19
QuickSort,det_med3,few_distinct,10000,13,185452207422,152358,64634,0.395481,17
QuickSort,det_med3,few_distinct,10000,14,185452207423,157565,64290,0.308535,18
QuickSort,det_med3,few_distinct,10000,15,185452207424,155611,64588,0.304858,18
QuickSort,det_med3,few_distinct,10000,16,185452207425,161314,64544,0.356151,18
QuickSort,det_med3,few_distinct,10000,17,185452207426,152868,64609,0.311060,17
QuickSort,det_med3,few_distinct,10000,18,185452207427,157963,64291,0.377174,18
QuickSort,det_med3,few_distinct,10000,19,185452207428,154862,64405,0.306451,19
QuickSort,det_med3,few_distinct,10000,20,185452207429,158391,64418,0.297011,19
QuickSort,det_med3,few_distinct,10000,21,185452207430,152795,64682,0.461835,17
QuickSort,det_med3,few_distinct,10000,22,185452207431,153550,64460,0.309968,18
QuickSort,det_med3,few_distinct,10000,23,185452207432,154893,64448,0.303364,18
QuickSort,det_med3,few_distinct,10000,24,185452207433,157008,64378,0.306331,20
QuickSort,det_med3,few_distinct,10000,25,185452207434,155568,64370,0.337965,18
QuickSort,det_med3,few_distinct,10000,26,185452207435,160349,64076,0.290529,20
QuickSort,det_med3,few_distinct,10000,27,185452207436,151881,64669,0.320229,17
QuickSort,det_med3,few_distinct,10000,28,185452207437,154646,64631,0.308716,17
QuickSort,det_med3,few_distinct,10000,29,185452207438,154552,64578,0.338185,18
QuickSort,det_med3,few_distinct,10000,30,185452207439,155387,64461,0.306460,19
QuickSort,det_med3,few_distinct,10000,31,185452207440,163456,64190,0.313926,20
QuickSort,det_med3,few_distinct,10000,32,185452207441,156330,64391,0.302262,18
QuickSort,det_med3,few_distinct,10000,33,185452207442,170073,64221,0.305870,20
QuickSort,det_med3,few_distinct,10000,34,185452207443,160778,64307,0.289416,20
QuickSort,det_med3,few_distinct,10000,35,185452207444,157282,64442,0.302703,19
QuickSort,det_med3,few_distinct,10000,36,185452207445,155169,64575,0.315570,18
QuickSort,det_med3,few_distinct,10000,37,185452207446,152256,64659,0.311811,17
QuickSort,det_med3,few_distinct,10000,38,185452207447,158670,64279,0.294536,19
QuickSort,det_med3,few_distinct,10000,39,185452207448,153084,64551,0.319267,18
QuickSort,det_med3,few_distinct,10000,40,185452207449,155886,64503,0.302292,18
QuickSort,det_med3,few_distinct,10000,41,185452207450,160479,64373,0.302082,19
QuickSort,det_med3,few_distinct,10000,42,185452207451,157605,64440,0.316190,18
QuickSort,det_med3,few_distinct,10000,43,185452207452,153497,64542,0.309006,18
QuickSort,det_med3,few_distinct,10000,44,185452207453,152218,64707,0.314006,17
QuickSort,det_med3,few_distinct,10000,45,185452207454,154867,64487,0.311080,17
QuickSort,det_med3,few_distinct,10000,46,185452207455,153481,64662,0.345801,17
QuickSort,det_med3,few_distinct,10000,47,185452207456,156441,64520,0.316071,17
QuickSort,det_med3,few_distinct,10000,48,185452207457,155726,64455,0.327063,19
QuickSort,det_med3,few_distinct,10000,49,185452207458,156308,64473,0.316421,18
QuickSort,det_med3,few_distinct,10000,50,185452207459,154557,64609,0.312623,17
QuickSort,det_med3,few_distinct,10000,51,185452207460,154034,64731,0.306992,18
QuickSort,det_med3,few_distinct,10000,52,185452207461,155465,64291,0.305358,19
QuickSort,det_med3,few_distinct,10000,53,185452207462,160282,64431,0.310640,19
QuickSort,det_med3,few_distinct,10000,54,185452207463,156871,64340,0.301872,19
QuickSort,det_med3,few_distinct,10000,55,185452207464,156740,64484,0.306872,20
QuickSort,det_med3,few_distinct,10000,56,185452207465,153403,64514,0.311551,17
QuickSort,det_med3,few_distinct,10000,57,185452207466,153890,64553,0.307393,18
QuickSort,det_med3,few_distinct,10000,58,185452207467,154356,64511,0.314878,18
QuickSort,det_med3,few_distinct,10000,59,185452207468,154007,64518,0.311071,19
QuickSort,det_med3,few_distinct,10000,60,185452207469,153667,64402,0.306621,18
QuickSort,det_med3,few_distinct,10000,61,185452207470,156348,64547,0.306521,18
QuickSort,det_med3,few_distinct,10000,62,185452207471,159885,64100,0.291390,20
QuickSort,det_med3,few_distinct,10000,63,185452207472,156568,64482,0.307794,20
QuickSort,det_med3,few_distinct,10000,64,185452207473,153381,64556,0.351893,18
QuickSort,det_med3,few_distinct,10000,65,185452207474,156044,64395,0.308525,20
QuickSort,det_med3,few_distinct,10000,66,185452207475,158598,64326,0.296120,19
QuickSort,det_med3,few_distinct,10000,67,185452207476,155066,64563,0.312363,18
QuickSort,det_med3,few_distinct,10000,68,185452207477,153943,64539,0.314517,17
QuickSort,det_med3,few_distinct,10000,69,185452207478,152230,64740,0.341882,17
QuickSort,det_med3,few_distinct,10000,70,185452207479,154678,64548,0.308445,19
QuickSort,det_med3,few_distinct,10000,71,185452207480,152821,64504,0.310008,17
QuickSort,det_med3,few_distinct,10000,72,185452207481,154620,64417,0.308555,18
QuickSort,det_med3,few_distinct,10000,73,185452207482,153887,64463,0.369088,18
QuickSort,det_med3,few_distinct,10000,74,185452207483,156841,64494,0.298685,18
QuickSort,det_med3,few_distinct,10000,75,185452207484,161343,64270,0.299757,20
QuickSort,det_med3,few_distinct,10000,76,185452207485,152042,64649,0.347123,17
QuickSort,det_med3,few_distinct,10000,77,185452207486,155221,64497,0.308565,18
QuickSort,det_med3,few_distinct,10000,78,185452207487,153652,64457,0.309677,18
QuickSort,det_med3,few_distinct,10000,79,185452207488,155816,64432,0.304437,19
QuickSort,det_med3,few_distinct,10000,80,185452207489,154110,64688,0.321010,18
QuickSort,det_med3,few_distinct,10000,81,185452207490,154405,64549,0.302021,18
QuickSort,det_med3,few_distinct,10000,82,185452207491,155198,64595,0.304737,19
QuickSort,det_med3,few_distinct,10000,83,185452207492,153301,64457,0.312543,18
QuickSort,det_med3,few_distinct,10000,84,185452207493,154453,64618,0.309597,19
QuickSort,det_med3,few_distinct,10000,85,185452207494,154646,64505,0.307252,18
QuickSort,det_med3,few_distinct,10000,86,185452207495,155390,64578,0.375912,18
QuickSort,det_med3,few_distinct,10000,87,185452207496,161381,64352,0.474872,19
QuickSort,det_med3,few_distinct,10000,88,185452207497,153403,64558,0.317002,19
QuickSort,det_med3,few_distinct,10000,89,185452207498,156407,64571,0.305789,18
QuickSort,det_med3,few_distinct,10000,90,185452207499,152621,64795,0.316772,17
QuickSort,det_med3,few_distinct,10000,91,185452207500,157413,64479,0.305820,20
QuickSort,det_med3,few_distinct,10000,92,185452207501,175356,63999,0.303745,22
QuickSort,det_med3,few_distinct,10000,93,185452207502,156323,64299,0.303826,18
QuickSort,det_med3,few_distinct,10000,94,185452207503,155209,64439,0.318786,19
QuickSort,det_med3,few_distinct,10000,95,185452207504,159548,64120,0.360250,19
QuickSort,det_med3,few_distinct,10000,96,185452207505,156254,64491,0.304718,18
QuickSort,det_med3,few_distinct,10000,97,185452207506,155226,64465,0.306612,19
QuickSort,det_med3,few_distinct,10000,98,185452207507,152722,64450,0.313155,18
QuickSort,det_med3,few_distinct,10000,99,185452207508,153792,64509,0.356171,19
QuickSort,det_med3,few_distinct,5000,0,173143822694,72091,29769,0.153758,16
QuickSort,det_med3,few_distinct,5000,1,173143822695,74138,29598,0.147798,17
QuickSort,det_med3,few_distinct,5000,2,173143822696,72065,29764,0.172242,16
QuickSort,det_med3,few_distinct,5000,3,173143822697,74577,29721,0.150174,18
QuickSort,det_med3,few_distinct,5000,4,173143822698,71569,29815,0.153758,16
QuickSort,det_med3,few_distinct,5000,5,173143822699,70967,29850,0.152075,16
QuickSort,det_med3,few_distinct,5000,6,173143822700,72544,29728,0.150768,18
QuickSort,det_med3,few_distinct,5000,7,173143822701,72845,29830,0.148926,17
QuickSort,det_med3,few_distinct,5000,8,173143822702,75702,29594,0.144808,18
QuickSort,det_med3,few_distinct,5000,9,173143822703,73462,29601,0.146045,17
QuickSort,det_med3,few_distinct,5000,10,173143822704,73564,29678,0.146521,17
QuickSort,det_med3,few_distinct,5000,11,173143822705,73373,29675,0.152312,18
QuickSort,det_med3,few_distinct,5000,12,173143822706,71675,29754,0.151926,17
QuickSort,det_med3,few_distinct,5000,13,173143822707,72968,29778,0.164639,16
QuickSort,det_med3,few_distinct,5000,14,173143822708,72084,29697,0.150263,16
QuickSort,det_med3,few_distinct,5000,15,173143822709,72228,29696,0.150679,17
QuickSort,det_med3,few_distinct,5000,16,173143822710,73190,29795,0.147332,17
QuickSort,det_med3,few_distinct,5000,17,173143822711,74008,29588,0.145392,17
QuickSort,det_med3,few_distinct,5000,18,173143822712,71285,29863,0.153797,15
QuickSort,det_med3,few_distinct,5000,19,173143822713,73602,29693,0.148481,18
QuickSort,det_med3,few_distinct,5000,20,173143822714,76128,29648,0.186648,19
QuickSort,det_med3,few_distinct,5000,21,173143822715,74079,29702,0.154362,17
QuickSort,det_med3,few_distinct,5000,22,173143822716,72673,29663,0.151877,16
QuickSort,det_med3,few_distinct,5000,23,173143822717,71930,29774,0.153095,16
QuickSort,det_med3,few_distinct,5000,24,173143822718,72390,29735,0.219944,17
QuickSort,det_med3,few_distinct,5000,25,173143822719,71195,29832,0.153421,17
QuickSort,det_med3,few_distinct,5000,26,173143822720,73333,29725,0.149194,17
QuickSort,det_med3,few_distinct,5000,27,173143822721,74144,29753,0.144224,17
QuickSort,det_med3,few_distinct,5000,28,173143822722,71810,29816,0.155906,17
QuickSort,det_med3,few_distinct,5000,29,173143822723,74205,29631,0.146095,18
QuickSort,det_med3,few_distinct,5000,30,173143822724,73303,29678,0.147817,17
QuickSort,det_med3,few_distinct,5000,31,173143822725,71775,29775,0.154124,18
QuickSort,det_med3,few_distinct,5000,32,173143822726,73385,29721,0.147521,17
QuickSort,det_med3,few_distinct,5000,33,173143822727,73709,29679,0.248785,17
QuickSort,det_med3,few_distinct,5000,34,173143822728,72604,29695,0.150194,18
QuickSort,det_med3,few_distinct,5000,35,173143822729,71815,29896,0.161876,16
QuickSort,det_med3,few_distinct,5000,36,173143822730,71370,29805,0.192420,16
QuickSort,det_med3,few_distinct,5000,37,173143822731,71754,29814,0.202796,15
QuickSort,det_med3,few_distinct,5000,38,173143822732,73000,29745,0.161431,16
QuickSort,det_med3,few_distinct,5000,39,173143822733,74085,29590,0.146154,17
QuickSort,det_med3,few_distinct,5000,40,173143822734,72178,29755,0.152531,16
QuickSort,det_med3,few_distinct,5000,41,173143822735,74303,29688,0.148273,17
QuickSort,det_med3,few_distinct,5000,42,173143822736,72346,29806,0.148550,16
QuickSort,det_med3,few_distinct,5000,43,173143822737,73127,29694,0.149540,17
QuickSort,det_med3,few_distinct,5000,44,173143822738,72521,29725,0.146659,17
QuickSort,det_med3,few_distinct,5000,45,173143822739,71619,29821,0.149421,16
QuickSort,det_med3,few_distinct,5000,46,173143822740,72784,29764,0.147966,17
QuickSort,det_med3,few_distinct,5000,47,173143822741,73558,29690,0.146927,17
QuickSort,det_med3,few_distinct,5000,48,173143822742,73762,29679,0.143026,17
QuickSort,det_med3,few_distinct,5000,49,173143822743,73882,29706,0.147739,18
QuickSort,det_med3,few_distinct,5000,50,173143822744,72936,29770,0.150055,16
QuickSort,det_med3,few_distinct,5000,51,173143822745,72447,29808,0.150303,17
QuickSort,det_med3,few_distinct,5000,52,173143822746,72911,29761,0.148610,16
QuickSort,det_med3,few_distinct,5000,53,173143822747,78067,29635,0.143095,18
QuickSort,det_med3,few_distinct,5000,54,173143822748,73138,29740,0.162045,18
QuickSort,det_med3,few_distinct,5000,55,173143822749,71762,29842,0.166550,16
QuickSort,det_med3,few_distinct,5000,56,173143822750,77646,29534,0.145184,19
QuickSort,det_med3,few_distinct,5000,57,173143822751,71131,29789,0.156303,16
QuickSort,det_med3,few_distinct,5000,58,173143822752,72103,29856,0.151303,15
QuickSort,det_med3,few_distinct,5000,59,173143822753,71796,29851,0.150491,16
QuickSort,det_med3,few_distinct,5000,60,173143822754,71445,29797,0.150609,17
QuickSort,det_med3,few_distinct,5000,61,173143822755,71568,29823,0.150768,16
QuickSort,det_med3,few_distinct,5000,62,173143822756,74167,29675,0.150590,17
QuickSort,det_med3,few_distinct,5000,63,173143822757,73873,29711,0.145768,17
QuickSort,det_med3,few_distinct,5000,64,173143822758,72871,29729,0.184390,16
QuickSort,det_med3,few_distinct,5000,65,173143822759,72802,29698,0.149560,17
QuickSort,det_med3,few_distinct,5000,66,173143822760,72254,29745,0.162134,17
QuickSort,det_med3,few_distinct,5000,67,173143822761,71941,29773,0.150580,17
QuickSort,det_med3,few_distinct,5000,68,173143822762,72439,29720,0.150303,17
QuickSort,det_med3,few_distinct,5000,69,173143822763,72831,29715,0.149778,17
QuickSort,det_med3,few_distinct,5000,70,173143822764,74732,29733,0.149372,18
QuickSort,det_med3,few_distinct,5000,71,173143822765,71292,29839,0.152055,15
QuickSort,det_med3,few_distinct,5000,72,173143822766,74018,29708,0.143660,17
QuickSort,det_med3,few_distinct,5000,73,173143822767,74508,29618,0.144461,18
QuickSort,det_med3,few_distinct,5000,74,173143822768,71824,29834,0.152659,17
QuickSort,det_med3,few_distinct,5000,75,173143822769,73881,29745,0.148570,17
QuickSort,det_med3,few_distinct,5000,76,173143822770,74325,29677,0.144728,18
QuickSort,det_med3,few_distinct,5000,77,173143822771,72600,29763,0.160213,16
QuickSort,det_med3,few_distinct,5000,78,173143822772,73111,29659,0.150035,18
QuickSort,det_med3,few_distinct,5000,79,173143822773,74074,29722,0.150471,17
QuickSort,det_med3,few_distinct,5000,80,173143822774,72392,29781,0.149619,17
QuickSort,det_med3,few_distinct,5000,81,173143822775,72393,29738,0.152906,17
QuickSort,det_med3,few_distinct,5000,82,173143822776,72050,29755,0.152283,17
QuickSort,det_med3,few_distinct,5000,83,173143822777,72704,29880,0.162233,17
QuickSort,det_med3,few_distinct,5000,84,173143822778,77199,29560,0.144313,18
QuickSort,det_med3,few_distinct,5000,85,173143822779,72149,29822,0.152234,17
QuickSort,det_med3,few_distinct,5000,86,173143822780,71399,29737,0.154144,16
QuickSort,det_med3,few_distinct,5000,87,173143822781,74357,29710,0.189381,17
QuickSort,det_med3,few_distinct,5000,88,173143822782,73633,29616,0.247162,17
QuickSort,det_med3,few_distinct,5000,89,173143822783,71924,29866,0.197915,16
QuickSort,det_med3,few_distinct,5000,90,173143822784,72536,29833,0.149401,16
QuickSort,det_med3,few_distinct,5000,91,173143822785,72472,29745,0.161926,17
QuickSort,det_med3,few_distinct,5000,92,173143822786,73255,29727,0.162867,18
QuickSort,det_med3,few_distinct,5000,93,173143822787,71546,29815,0.153026,16
QuickSort,det_med3,few_distinct,5000,94,173143822788,71513,29724,0.154135,16
QuickSort,det_med3,few_distinct,5000,95,173143822789,72059,29679,0.150580,18
QuickSort,det_med3,few_distinct,5000,96,173143822790,72440,29687,0.150184,17
QuickSort,det_med3,few_distinct,5000,97,173143822791,72457,29743,0.150827,16
QuickSort,det_med3,few_distinct,5000,98,173143822792,75194,29550,0.162639,18
QuickSort,det_med3,few_distinct,5000,99,173143822793,71024,29801,0.152392,16
QuickSort,det_med3,few_distinct,5000,100,173143822794,71836,29812,0.149807,16
QuickSort,det_med3,few_distinct,5000,101,173143822795,74012,29806,0.157491,18
QuickSort,det_med3,few_distinct,5000,102,173143822796,74043,29641,0.143610,17
QuickSort,det_med3,few_distinct,5000,103,173143822797,71648,29925,0.150857,16
QuickSort,det_med3,few_distinct,5000,104,173143822798,73138,29883,0.146174,18
QuickSort,det_med3,few_distinct,5000,105,173143822799,71007,29854,0.152996,16
QuickSort,det_med3,few_distinct,5000,106,173143822800,71921,29798,0.368940,16
QuickSort,det_med3,few_distinct,5000,107,173143822801,72740,29775,0.273794,17
QuickSort,det_med3,few_distinct,5000,108,173143822802,71369,29762,0.277656,16
QuickSort,det_med3,few_distinct,5000,109,173143822803,72284,29889,0.150104,16
QuickSort,det_med3,few_distinct,5000,110,173143822804,71716,29770,0.151748,17
QuickSort,det_med3,few_distinct,5000,111,173143822805,73554,29786,0.151719,18
QuickSort,det_med3,few_distinct,5000,112,173143822806,73111,29698,0.231508,17
QuickSort,det_med3,few_distinct,5000,113,173143822807,75851,29561,0.192697,19
QuickSort,det_med3,few_distinct,5000,114,173143822808,72077,29819,0.168263,16
QuickSort,det_med3,few_distinct,5000,115,173143822809,75082,29549,0.158392,17
QuickSort,det_med3,few_distinct,5000,116,173143822810,71145,29889,0.168461,16
QuickSort,det_med3,few_distinct,5000,117,173143822811,72644,29742,0.164956,16
QuickSort,det_med3,few_distinct,5000,118,173143822812,72312,29894,0.162955,16
QuickSort,det_med3,few_distinct,5000,119,173143822813,77386,29488,0.159689,19
QuickSort,det_med3,few_distinct,5000,120,173143822814,72740,29739,2.210205,17
QuickSort,det_med3,few_distinct,5000,121,173143822815,72559,29806,0.149362,16
QuickSort,det_med3,few_distinct,5000,122,173143822816,74124,29647,0.164669,17
QuickSort,det_med3,few_distinct,5000,123,173143822817,71412,29803,0.224182,16
QuickSort,det_med3,few_distinct,5000,124,173143822818,71413,29754,0.152441,16
QuickSort,det_med3,few_distinct,5000,125,173143822819,72955,29645,0.149392,17
QuickSort,det_med3,few_distinct,5000,126,173143822820,75139,29582,0.145758,18
QuickSort,det_med3,few_distinct,5000,127,173143822821,72100,29800,0.150807,17
QuickSort,det_med3,few_distinct,5000,128,173143822822,81061,29530,0.149659,20
QuickSort,det_med3,few_distinct,5000,129,173143822823,71714,29814,0.150946,17
QuickSort,det_med3,few_distinct,5000,130,173143822824,72454,29742,0.148244,17
QuickSort,det_med3,few_distinct,5000,131,173143822825,74785,29587,0.159679,18
QuickSort,det_med3,few_distinct,5000,132,173143822826,72108,29788,0.151273,16
QuickSort,det_med3,few_distinct,5000,133,173143822827,74542,29611,0.144154,18
QuickSort,det_med3,few_distinct,5000,134,173143822828,71840,29741,0.150402,16
QuickSort,det_med3,few_distinct,5000,135,173143822829,71315,29840,0.153907,16
QuickSort,det_med3,few_distinct,5000,136,173143822830,71456,29818,0.149659,16
QuickSort,det_med3,few_distinct,5000,137,173143822831,71612,29721,0.154490,17
QuickSort,det_med3,few_distinct,5000,138,173143822832,71764,29823,0.149966,17
QuickSort,det_med3,few_distinct,5000,139,173143822833,71992,29878,0.150561,17
QuickSort,det_med3,few_distinct,5000,140,173143822834,71375,29823,0.154362,16
QuickSort,det_med3,few_distinct,5000,141,173143822835,73526,29823,0.150016,16
QuickSort,det_med3,few_distinct,5000,142,173143822836,72051,29793,0.158877,16
QuickSort,det_med3,few_distinct,5000,143,173143822837,73343,29654,0.146451,17
QuickSort,det_med3,few_distinct,5000,144,173143822838,72012,29786,0.164203,16
QuickSort,det_med3,few_distinct,5000,145,173143822839,75547,29598,0.145996,18
QuickSort,det_med3,few_distinct,5000,146,173143822840,71139,29833,0.174797,16
QuickSort,det_med3,few_distinct,5000,147,173143822841,72147,29827,0.187064,18
QuickSort,det_med3,few_distinct,5000,148,173143822842,72164,29746,0.178807,18
QuickSort,det_med3,few_distinct,5000,149,173143822843,71804,29797,0.200272,16
QuickSort,det_med3,few_distinct,5000,150,173143822844,72678,29694,0.169283,17
QuickSort,det_med3,few_distinct,5000,151,173143822845,73298,29601,0.179480,17
QuickSort,det_med3,few_distinct,5000,152,173143822846,74075,29666,0.207678,17
QuickSort,det_med3,few_distinct,5000,153,173143822847,72565,29748,0.149877,16
QuickSort,det_med3,few_distinct,5000,154,173143822848,73306,29721,0.149372,18
QuickSort,det_med3,few_distinct,5000,155,173143822849,71719,29874,0.151214,16
QuickSort,det_med3,few_distinct,5000,156,173143822850,72819,29708,0.146382,17
QuickSort,det_med3,few_distinct,5000,157,173143822851,71738,29791,0.152798,17
QuickSort,det_med3,few_distinct,5000,158,173143822852,70938,29850,0.153105,16
QuickSort,det_med3,few_distinct,5000,159,173143822853,71934,29769,0.150718,16
QuickSort,det_med3,few_distinct,5000,160,173143822854,72042,29773,0.149372,17
QuickSort,det_med3,few_distinct,5000,161,173143822855,71662,29807,0.153421,17
QuickSort,det_med3,few_distinct,5000,162,173143822856,73597,29681,0.145323,18
QuickSort,det_med3,few_distinct,5000,163,173143822857,70993,29789,0.163530,17
QuickSort,det_med3,few_distinct,5000,164,173143822858,74438,29613,0.151352,19
QuickSort,det_med3,few_distinct,5000,165,173143822859,76240,29720,0.146234,17
QuickSort,det_med3,few_distinct,5000,166,173143822860,75585,29680,0.143095,17
QuickSort,det_med3,few_distinct,5000,167,173143822861,76580,29577,0.142204,19
QuickSort,det_med3,few_distinct,5000,168,173143822862,74804,29692,0.142471,17
QuickSort,det_med3,few_distinct,5000,169,173143822863,72818,29646,0.147332,17
QuickSort,det_med3,few_distinct,5000,170,173143822864,71379,29865,0.151590,16
QuickSort,det_med3,few_distinct,5000,171,173143822865,73284,29706,0.149204,18
QuickSort,det_med3,few_distinct,5000,172,173143822866,72301,29725,0.150025,16
QuickSort,det_med3,few_distinct,5000,173,173143822867,73543,29719,0.147679,17
QuickSort,det_med3,few_distinct,5000,174,173143822868,72049,29731,0.160757,17
QuickSort,det_med3,few_distinct,5000,175,173143822869,73712,29677,0.146125,18
QuickSort,det_med3,few_distinct,5000,176,173143822870,71603,29803,0.151778,16
QuickSort,det_med3,few_distinct,5000,177,173143822871,71316,29756,0.216024,16
QuickSort,det_med3,few_distinct,5000,178,173143822872,72159,29837,0.150411,16
QuickSort,det_med3,few_distinct,5000,179,173143822873,71669,29798,0.151224,16
QuickSort,det_med3,few_distinct,5000,180,173143822874,70991,29939,0.152540,16
QuickSort,det_med3,few_distinct,5000,181,173143822875,71838,29822,0.151709,16
QuickSort,det_med3,few_distinct,5000,182,173143822876,74090,29780,0.146768,17
QuickSort,det_med3,few_distinct,5000,183,173143822877,72238,29762,0.148313,17
QuickSort,det_med3,few_distinct,5000,184,173143822878,71579,29761,0.149778,17
QuickSort,det_med3,few_distinct,5000,185,173143822879,74811,29656,0.288695,18
QuickSort,det_med3,few_distinct,5000,186,173143822880,72145,29731,0.161391,16
QuickSort,det_med3,few_distinct,5000,187,173143822881,72437,29740,0.147758,17
QuickSort,det_med3,few_distinct,5000,188,173143822882,72739,29817,0.151045,17
QuickSort,det_med3,few_distinct,5000,189,173143822883,71963,29795,0.153411,17
QuickSort,det_med3,few_distinct,5000,190,173143822884,73959,29677,0.146015,18
QuickSort,det_med3,few_distinct,5000,191,173143822885,72631,29667,0.161302,16
QuickSort,det_med3,few_distinct,5000,192,173143822886,74765,29656,0.145531,19
QuickSort,det_med3,few_distinct,5000,193,173143822887,76364,29565,0.146164,18
QuickSort,det_med3,few_distinct,5000,194,173143822888,71151,29769,0.167481,16
QuickSort,det_med3,few_distinct,5000,195,173143822889,71950,29848,0.149382,17
QuickSort,det_med3,few_distinct,5000,196,173143822890,72478,29761,0.147203,16
QuickSort,det_med3,few_distinct,5000,197,173143822891,74514,29649,0.159224,18
QuickSort,det_med3,few_distinct,5000,198,173143822892,72016,29839,0.149848,17
QuickSort,det_med3,few_distinct,5000,199,173143822893,71802,29917,0.152026,16
QuickSort,det_med3,few_distinct,50000,0,269295752411,885651,381130,1.595218,21
QuickSort,det_med3,few_distinct,50000,1,269295752412,880223,381666,1.621878,22
QuickSort,det_med3,few_distinct,50000,2,269295752413,903234,380405,1.579459,21
QuickSort,det_med3,few_distinct,50000,3,269295752414,889146,380454,2.067410,21
QuickSort,det_med3,few_distinct,50000,4,269295752415,896700,381573,1.610066,21
QuickSort,det_med3,few_distinct,50000,5,269295752416,883301,381292,1.636445,21
QuickSort,det_med3,few_distinct,50000,6,269295752417,906366,380767,2.213334,23
QuickSort,det_med3,few_distinct,50000,7,269295752418,897154,380976,1.790373,22
QuickSort,det_med3,few_distinct,50000,8,269295752419,883474,381169,1.650482,21
QuickSort,det_med3,few_distinct,50000,9,269295752420,894616,380734,1.708279,22
QuickSort,det_med3,few_distinct,50000,10,269295752421,884106,380966,2.225966,21
QuickSort,det_med3,few_distinct,50000,11,269295752422,889517,380800,1.717477,21
QuickSort,det_med3,few_distinct,50000,12,269295752423,886791,380764,1.629112,21
QuickSort,det_med3,few_distinct,50000,13,269295752424,886224,380669,1.888927,21
QuickSort,det_med3,few_distinct,50000,14,269295752425,886577,380785,1.640603,23
QuickSort,det_med3,few_distinct,50000,15,269295752426,881645,381272,1.628901,21
QuickSort,det_med3,few_distinct,50000,16,269295752427,887214,381195,1.962976,21
QuickSort,det_med3,few_distinct,50000,17,269295752428,922258,378516,1.716595,22
QuickSort,det_med3,few_distinct,50000,18,269295752429,888025,380180,2.347784,22
QuickSort,det_med3,few_distinct,50000,19,269295752430,878600,382079,1.899166,21
QuickSort,det_med3,few_distinct,50000,20,269295752431,887652,381006,1.843472,21
QuickSort,det_med3,few_distinct,50000,21,269295752432,917542,379209,1.540255,23
QuickSort,det_med3,few_distinct,50000,22,269295752433,896940,382188,1.633539,22
QuickSort,det_med3,few_distinct,50000,23,269295752434,884243,381762,2.111462,22
QuickSort,det_med3,few_distinct,50000,24,269295752435,891539,380924,1.624913,21
QuickSort,det_med3,few_distinct,50000,25,269295752436,902694,380292,2.081154,21
QuickSort,det_med3,few_distinct,50000,26,269295752437,896486,380656,1.850435,22
QuickSort,det_med3,few_distinct,50000,27,269295752438,896406,382583,1.633830,22
QuickSort,det_med3,few_distinct,50000,28,269295752439,881865,381753,1.651173,21
QuickSort,det_med3,few_distinct,50000,29,269295752440,896119,380458,1.640934,21
QuickSort,det_med3,nearly_sorted,1000,0,165857081039,12322,1413,0.041276,13
QuickSort,det_med3,nearly_sorted,1000,1,165857081040,13537,1382,0.032801,15
QuickSort,det_med3,nearly_sorted,1000,2,165857081041,12200,1406,0.028182,12
QuickSort,det_med3,nearly_sorted,1000,3,165857081042,12891,1422,0.029490,13
QuickSort,det_med3,nearly_sorted,1000,4,165857081043,12526,1398,0.032268,14
QuickSort,det_med3,nearly_sorted,1000,5,165857081044,12725,1412,0.030295,13
QuickSort,det_med3,nearly_sorted,1000,6,165857081045,12249,1408,0.028725,14
QuickSort,det_med3,nearly_sorted,1000,7,165857081046,12161,1410,0.023663,13
QuickSort,det_med3,nearly_sorted,1000,8,165857081047,12588,1400,0.159689,13
QuickSort,det_med3,nearly_sorted,1000,9,165857081048,12135,1440,0.026350,12
QuickSort,det_med3,nearly_sorted,1000,10,165857081049,13244,1412,0.031211,14
QuickSort,det_med3,nearly_sorted,1000,11,165857081050,12282,1414,0.024296,13
QuickSort,det_med3,nearly_sorted,1000,12,165857081051,12710,1398,0.024045,16
QuickSort,det_med3,nearly_sorted,1000,13,165857081052,14099,1396,0.024367,16
QuickSort,det_med3,nearly_sorted,1000,14,165857081053,12758,1418,0.023179,13
QuickSort,det_med3,nearly_sorted,1000,15,165857081054,12464,1406,0.022817,14
QuickSort,det_med3,nearly_sorted,1000,16,165857081055,12230,1406,0.023210,13
QuickSort,det_med3,nearly_sorted,1000,17,165857081056,13622,1382,0.023653,14
QuickSort,det_med3,nearly_sorted,1000,18,165857081057,12601,1412,0.022999,13
QuickSort,det_med3,nearly_sorted,1000,19,165857081058,12515,1418,0.023391,14
QuickSort,det_med3,nearly_sorted,1000,20,165857081059,12425,1406,0.023139,13
QuickSort,det_med3,nearly_sorted,1000,21,165857081060,12586,1406,0.023662,14
QuickSort,det_med3,nearly_sorted,1000,22,165857081061,12589,1399,0.023401,13
QuickSort,det_med3,nearly_sorted,1000,23,165857081062,12260,1388,0.023743,15
QuickSort,det_med3,nearly_sorted,1000,24,165857081063,11992,1404,0.023008,12
QuickSort,det_med3,nearly_sorted,1000,25,165857081064,12276,1406,0.023602,13
QuickSort,det_med3,nearly_sorted,1000,26,165857081065,12616,1410,0.023482,14
QuickSort,det_med3,nearly_sorted,1000,27,165857081066,12353,1384,0.022405,13
QuickSort,det_med3,nearly_sorted,1000,28,165857081067,12097,1420,0.023250,12
QuickSort,det_med3,nearly_sorted,1000,29,165857081068,12651,1394,0.023220,14
QuickSort,det_med3,nearly_sorted,1000,30,165857081069,12161,1398,0.024720,13
QuickSort,det_med3,nearly_sorted,1000,31,165857081070,13140,1398,0.029229,16
QuickSort,det_med3,nearly_sorted,1000,32,165857081071,13215,1396,0.026048,14
QuickSort,det_med3,nearly_sorted,1000,33,165857081072,12424,1402,0.023521,13
QuickSort,det_med3,nearly_sorted,1000,34,165857081073,12512,1418,0.022545,17
QuickSort,det_med3,nearly_sorted,1000,35,165857081074,12285,1404,0.022203,12
QuickSort,det_med3,nearly_sorted,1000,36,165857081075,12830,1400,0.030305,14
QuickSort,det_med3,nearly_sorted,1000,37,165857081076,13094,1409,0.023713,16
QuickSort,det_med3,nearly_sorted,1000,38,165857081077,12173,1396,0.022213,13
QuickSort,det_med3,nearly_sorted,1000,39,165857081078,13348,1392,0.024448,16
QuickSort,det_med3,nearly_sorted,1000,40,165857081079,12460,1394,0.023481,14
QuickSort,det_med3,nearly_sorted,1000,41,165857081080,12539,1406,0.022495,13
QuickSort,det_med3,nearly_sorted,1000,42,165857081081,12832,1400,0.039212,14
QuickSort,det_med3,nearly_sorted,1000,43,165857081082,12653,1416,0.023381,13
QuickSort,det_med3,nearly_sorted,1000,44,165857081083,12322,1422,0.023391,13
QuickSort,det_med3,nearly_sorted,1000,45,165857081084,12142,1424,0.022324,13
QuickSort,det_med3,nearly_sorted,1000,46,165857081085,12602,1420,0.023924,13
QuickSort,det_med3,nearly_sorted,1000,47,165857081086,12588,1370,0.022827,14
QuickSort,det_med3,nearly_sorted,1000,48,165857081087,12344,1406,0.022565,13
QuickSort,det_med3,nearly_sorted,1000,49,165857081088,12582,1408,0.022193,14
QuickSort,det_med3,nearly_sorted,1000,50,165857081089,12541,1402,0.027779,13
QuickSort,det_med3,nearly_sorted,1000,51,165857081090,12609,1406,0.026058,13
QuickSort,det_med3,nearly_sorted,1000,52,165857081091,12187,1416,0.025696,12
QuickSort,det_med3,nearly_sorted,1000,53,165857081092,12483,1388,0.025726,13
QuickSort,det_med3,nearly_sorted,1000,54,165857081093,12396,1388,0.026129,13
QuickSort,det_med3,nearly_sorted,1000,55,165857081094,12212,1406,0.026007,13
QuickSort,det_med3,nearly_sorted,1000,56,165857081095,12414,1402,0.025907,15
QuickSort,det_med3,nearly_sorted,1000,57,165857081096,12169,1408,0.025555,13
QuickSort,det_med3,nearly_sorted,1000,58,165857081097,12465,1382,0.025998,13
QuickSort,det_med3,nearly_sorted,1000,59,165857081098,12209,1418,0.029430,12
QuickSort,det_med3,nearly_sorted,1000,60,165857081099,12354,1406,0.026581,13
QuickSort,det_med3,nearly_sorted,1000,61,165857081100,12562,1408,0.027034,14
QuickSort,det_med3,nearly_sorted,1000,62,165857081101,12295,1416,0.026662,12
QuickSort,det_med3,nearly_sorted,1000,63,165857081102,12925,1406,0.029128,14
QuickSort,det_med3,nearly_sorted,1000,64,165857081103,12232,1424,0.029722,14
QuickSort,det_med3,nearly_sorted,1000,65,165857081104,12315,1404,0.031060,13
QuickSort,det_med3,nearly_sorted,1000,66,165857081105,12439,1428,0.030527,13
QuickSort,det_med3,nearly_sorted,1000,67,165857081106,12494,1370,0.025545,14
QuickSort,det_med3,nearly_sorted,1000,68,165857081107,12358,1404,0.030778,13
QuickSort,det_med3,nearly_sorted,1000,69,165857081108,12055,1422,0.030457,12
QuickSort,det_med3,nearly_sorted,1000,70,165857081109,12454,1382,0.031453,14
QuickSort,det_med3,nearly_sorted,1000,71,165857081110,12249,1422,0.027477,13
QuickSort,det_med3,nearly_sorted,1000,72,165857081111,12336,1410,0.026410,14
QuickSort,det_med3,nearly_sorted,1000,73,165857081112,12631,1388,0.025645,16
QuickSort,det_med3,nearly_sorted,1000,74,165857081113,12473,1402,0.025987,13
QuickSort,det_med3,nearly_sorted,1000,75,165857081114,12295,1395,0.025424,13
QuickSort,det_med3,nearly_sorted,1000,76,165857081115,12282,1400,0.025927,13
QuickSort,det_med3,nearly_sorted,1000,77,165857081116,12501,1392,0.025998,13
QuickSort,det_med3,nearly_sorted,1000,78,165857081117,12521,1412,0.027276,14
QuickSort,det_med3,nearly_sorted,1000,79,165857081118,12627,1416,0.029772,14
QuickSort,det_med3,nearly_sorted,1000,80,165857081119,12567,1396,0.027125,15
QuickSort,det_med3,nearly_sorted,1000,81,165857081120,12131,1418,0.022606,12
QuickSort,det_med3,nearly_sorted,1000,82,165857081121,12097,1408,0.022556,14
QuickSort,det_med3,nearly_sorted,1000,83,165857081122,13413,1396,0.023462,15
QuickSort,det_med3,nearly_sorted,1000,84,165857081123,12634,1414,0.022887,14
QuickSort,det_med3,nearly_sorted,1000,85,165857081124,12363,1424,0.022787,14
QuickSort,det_med3,nearly_sorted,1000,86,165857081125,12409,1422,0.023058,14
QuickSort,det_med3,nearly_sorted,1000,87,165857081126,12300,1406,0.022968,13
QuickSort,det_med3,nearly_sorted,1000,88,165857081127,13116,1378,0.022917,14
QuickSort,det_med3,nearly_sorted,1000,89,165857081128,12327,1412,0.022877,13
QuickSort,det_med3,nearly_sorted,1000,90,165857081129,12184,1394,0.022827,13
QuickSort,det_med3,nearly_sorted,1000,91,165857081130,12896,1405,0.022786,15
QuickSort,det_med3,nearly_sorted,1000,92,165857081131,12342,1418,0.022787,13
QuickSort,det_med3,nearly_sorted,1000,93,165857081132,13333,1408,0.023753,16
QuickSort,det_med3,nearly_sorted,1000,94,165857081133,11994,1417,0.022646,12
QuickSort,det_med3,nearly_sorted,1000,95,165857081134,12754,1406,0.023834,14
QuickSort,det_med3,nearly_sorted,1000,96,165857081135,12435,1404,0.103749,15
QuickSort,det_med3,nearly_sorted,1000,97,165857081136,12867,1397,0.030718,14
QuickSort,det_med3,nearly_sorted,1000,98,165857081137,13077,1420,0.023270,14
QuickSort,det_med3,nearly_sorted,1000,99,165857081138,12545,1400,0.022736,14
QuickSort,det_med3,nearly_sorted,1000,100,165857081139,12478,1418,0.023290,14
QuickSort,det_med3,nearly_sorted,1000,101,165857081140,12138,1426,0.023391,13
QuickSort,det_med3,nearly_sorted,1000,102,165857081141,13299,1394,0.023350,15
QuickSort,det_med3,nearly_sorted,1000,103,165857081142,12277,1396,0.022716,13
QuickSort,det_med3,nearly_sorted,1000,104,165857081143,13664,1382,0.030919,16
QuickSort,det_med3,nearly_sorted,1000,105,165857081144,12506,1402,0.022726,15
QuickSort,det_med3,nearly_sorted,1000,106,165857081145,12495,1440,0.035851,13
QuickSort,det_med3,nearly_sorted,1000,107,165857081146,12252,1410,0.029470,13
QuickSort,det_med3,nearly_sorted,1000,108,165857081147,12564,1426,0.030054,15
QuickSort,det_med3,nearly_sorted,1000,109,165857081148,12689,1384,0.031222,13
QuickSort,det_med3,nearly_sorted,1000,110,165857081149,12898,1392,0.032781,15
QuickSort,det_med3,nearly_sorted,1000,111,165857081150,13191,1406,0.030617,15
QuickSort,det_med3,nearly_sorted,1000,112,165857081151,12306,1404,0.030526,13
QuickSort,det_med3,nearly_sorted,1000,113,165857081152,12554,1390,0.031614,13
QuickSort,det_med3,nearly_sorted,1000,114,165857081153,12350,1388,0.032208,14
QuickSort,det_med3,nearly_sorted,1000,115,165857081154,12267,1410,0.024166,13
QuickSort,det_med3,nearly_sorted,1000,116,165857081155,12453,1420,0.024377,14
QuickSort,det_med3,nearly_sorted,1000,117,165857081156,12398,1414,0.042001,13
QuickSort,det_med3,nearly_sorted,1000,118,165857081157,13232,1412,0.028604,15
QuickSort,det_med3,nearly_sorted,1000,119,165857081158,12218,1432,0.028484,13
QuickSort,det_med3,nearly_sorted,1000,120,165857081159,12316,1408,0.030436,12
QuickSort,det_med3,nearly_sorted,1000,121,165857081160,12241,1424,0.029993,13
QuickSort,det_med3,nearly_sorted,1000,122,165857081161,12696,1392,0.028262,14
QuickSort,det_med3,nearly_sorted,1000,123,165857081162,12114,1421,0.028353,12
QuickSort,det_med3,nearly_sorted,1000,124,165857081163,12408,1416,0.022747,14
QuickSort,det_med3,nearly_sorted,1000,125,165857081164,12455,1410,0.023773,13
QuickSort,det_med3,nearly_sorted,1000,126,165857081165,12468,1404,0.023119,14
QuickSort,det_med3,nearly_sorted,1000,127,165857081166,12217,1410,0.031503,13
QuickSort,det_med3,nearly_sorted,1000,128,165857081167,12932,1417,0.030940,14
QuickSort,det_med3,nearly_sorted,1000,129,165857081168,12414,1416,0.028645,14
QuickSort,det_med3,nearly_sorted,1000,130,165857081169,13250,1398,0.028192,14
QuickSort,det_med3,nearly_sorted,1000,131,165857081170,13344,1426,0.029741,16
QuickSort,det_med3,nearly_sorted,1000,132,165857081171,12329,1414,0.026964,13
QuickSort,det_med3,nearly_sorted,1000,133,165857081172,12224,1398,0.022807,13
QuickSort,det_med3,nearly_sorted,1000,134,165857081173,12983,1400,0.023562,14
QuickSort,det_med3,nearly_sorted,1000,135,165857081174,12241,1396,0.022566,13
QuickSort,det_med3,nearly_sorted,1000,136,165857081175,12557,1390,0.023049,13
QuickSort,det_med3,nearly_sorted,1000,137,165857081176,12532,1410,0.031583,14
QuickSort,det_med3,nearly_sorted,1000,138,165857081177,12408,1406,0.030769,14
QuickSort,det_med3,nearly_sorted,1000,139,165857081178,12704,1410,0.024498,14
QuickSort,det_med3,nearly_sorted,1000,140,165857081179,12160,1416,0.022948,13
QuickSort,det_med3,nearly_sorted,1000,141,165857081180,12525,1428,0.023129,13
QuickSort,det_med3,nearly_sorted,1000,142,165857081181,12176,1418,0.023270,13
QuickSort,det_med3,nearly_sorted,1000,143,165857081182,12189,1432,0.022757,13
QuickSort,det_med3,nearly_sorted,1000,144,165857081183,12492,1416,0.023018,14
QuickSort,det_med3,nearly_sorted,1000,145,165857081184,12580,1437,0.023572,13
QuickSort,det_med3,nearly_sorted,1000,146,165857081185,12301,1396,0.023008,13
QuickSort,det_med3,nearly_sorted,1000,147,165857081186,12174,1404,0.030185,12
QuickSort,det_med3,nearly_sorted,1000,148,165857081187,12395,1402,0.026873,14
QuickSort,det_med3,nearly_sorted,1000,149,165857081188,12200,1410,0.027064,12
QuickSort,det_med3,nearly_sorted,1000,150,165857081189,13227,1382,0.029420,16
QuickSort,det_med3,nearly_sorted,1000,151,165857081190,12352,1406,0.027508,14
QuickSort,det_med3,nearly_sorted,1000,152,165857081191,13232,1380,0.028272,15
QuickSort,det_med3,nearly_sorted,1000,153,165857081192,12170,1430,0.027094,12
QuickSort,det_med3,nearly_sorted,1000,154,165857081193,12396,1424,0.026954,15
QuickSort,det_med3,nearly_sorted,1000,155,165857081194,12349,1416,0.026833,13
QuickSort,det_med3,nearly_sorted,1000,156,165857081195,12373,1416,0.027879,15
QuickSort,det_med3,nearly_sorted,1000,157,165857081196,12712,1392,0.027588,14
QuickSort,det_med3,nearly_sorted,1000,158,165857081197,12655,1416,0.028615,13
QuickSort,det_med3,nearly_sorted,1000,159,165857081198,12269,1414,0.027950,13
QuickSort,det_med3,nearly_sorted,1000,160,165857081199,12320,1410,0.058266,13
QuickSort,det_med3,nearly_sorted,1000,161,165857081200,12334,1404,0.027759,13
QuickSort,det_med3,nearly_sorted,1000,162,165857081201,12393,1414,0.028524,13
QuickSort,det_med3,nearly_sorted,1000,163,165857081202,12281,1416,0.027960,13
QuickSort,det_med3,nearly_sorted,1000,164,165857081203,12511,1406,0.030557,14
QuickSort,det_med3,nearly_sorted,1000,165,165857081204,12489,1404,0.027286,14
QuickSort,det_med3,nearly_sorted,1000,166,165857081205,12317,1408,0.022415,12
QuickSort,det_med3,nearly_sorted,1000,167,165857081206,12462,1396,0.022616,13
QuickSort,det_med3,nearly_sorted,1000,168,165857081207,12542,1424,0.029933,13
QuickSort,det_med3,nearly_sorted,1000,169,165857081208,12313,1404,0.026692,13
QuickSort,det_med3,nearly_sorted,1000,170,165857081209,12418,1394,0.027377,13
QuickSort,det_med3,nearly_sorted,1000,171,165857081210,12826,1386,0.027215,13
QuickSort,det_med3,nearly_sorted,1000,172,165857081211,12327,1386,0.029037,13
QuickSort,det_med3,nearly_sorted,1000,173,165857081212,12419,1398,0.031171,15
QuickSort,det_med3,nearly_sorted,1000,174,165857081213,12511,1402,0.028695,14
QuickSort,det_med3,nearly_sorted,1000,175,165857081214,12397,1408,0.028765,13
QuickSort,det_med3,nearly_sorted,1000,176,165857081215,12782,1400,0.033194,14
QuickSort,det_med3,nearly_sorted,1000,177,165857081216,12463,1418,0.026329,13
QuickSort,det_med3,nearly_sorted,1000,178,165857081217,12712,1391,0.026370,14
QuickSort,det_med3,nearly_sorted,1000,179,165857081218,12442,1424,0.027649,15
QuickSort,det_med3,nearly_sorted,1000,180,165857081219,12494,1404,0.031362,14
QuickSort,det_med3,nearly_sorted,1000,181,165857081220,12194,1406,0.026068,13
QuickSort,det_med3,nearly_sorted,1000,182,165857081221,12601,1400,0.029379,14
QuickSort,det_med3,nearly_sorted,1000,183,165857081222,12013,1420,0.023874,12
QuickSort,det_med3,nearly_sorted,1000,184,165857081223,12452,1424,0.028162,14
QuickSort,det_med3,nearly_sorted,1000,185,165857081224,12851,1416,0.028242,13
QuickSort,det_med3,nearly_sorted,1000,186,165857081225,12281,1394,0.029500,12
QuickSort,det_med3,nearly_sorted,1000,187,165857081226,12320,1392,0.023381,14
QuickSort,det_med3,nearly_sorted,1000,188,165857081227,12279,1399,0.022454,13
QuickSort,det_med3,nearly_sorted,1000,189,165857081228,14275,1396,0.023994,16
QuickSort,det_med3,nearly_sorted,1000,190,165857081229,12288,1411,0.023149,13
QuickSort,det_med3,nearly_sorted,1000,191,165857081230,12507,1404,0.022615,13
QuickSort,det_med3,nearly_sorted,1000,192,165857081231,12543,1398,0.022404,13
QuickSort,det_med3,nearly_sorted,1000,193,165857081232,12496,1410,0.023380,14
QuickSort,det_med3,nearly_sorted,1000,194,165857081233,12780,1400,0.023381,14
QuickSort,det_med3,nearly_sorted,1000,195,165857081234,12430,1400,0.022214,13
QuickSort,det_med3,nearly_sorted,1000,196,165857081235,12708,1422,0.023552,15
QuickSort,det_med3,nearly_sorted,1000,197,165857081236,12657,1416,0.023149,15
QuickSort,det_med3,nearly_sorted,1000,198,165857081237,12518,1416,0.023391,14
QuickSort,det_med3,nearly_sorted,1000,199,165857081238,12800,1406,0.023270,14
QuickSort,det_med3,nearly_sorted,10000,0,185197761985,157706,13416,0.211689,17
QuickSort,det_med3,nearly_sorted,10000,1,185197761986,157387,13406,0.198191,17
QuickSort,det_med3,nearly_sorted,10000,2,185197761987,163708,13392,0.187109,17
QuickSort,det_med3,nearly_sorted,10000,3,185197761988,161661,13393,0.284055,17
QuickSort,det_med3,nearly_sorted,10000,4,185197761989,160495,13384,0.264305,18
QuickSort,det_med3,nearly_sorted,10000,5,185197761990,154592,13412,0.183622,16
QuickSort,det_med3,nearly_sorted,10000,6,185197761991,166503,13402,0.364458,20
QuickSort,det_med3,nearly_sorted,10000,7,185197761992,156751,13372,0.358607,17
QuickSort,det_med3,nearly_sorted,10000,8,185197761993,157757,13406,0.278845,17
QuickSort,det_med3,nearly_sorted,10000,9,185197761994,158088,13382,0.184564,17
QuickSort,det_med3,nearly_sorted,10000,10,185197761995,157239,13404,0.205135,18
QuickSort,det_med3,nearly_sorted,10000,11,185197761996,157037,13390,0.217932,16
QuickSort,det_med3,nearly_sorted,10000,12,185197761997,156534,13394,0.360470,16
QuickSort,det_med3,nearly_sorted,10000,13,185197761998,157777,13404,0.189423,17
QuickSort,det_med3,nearly_sorted,10000,14,185197761999,155605,13376,0.181438,16
QuickSort,det_med3,nearly_sorted,10000,15,185197762000,155178,13418,0.200146,16
QuickSort,det_med3,nearly_sorted,10000,16,185197762001,158086,13404,0.237010,17
QuickSort,det_med3,nearly_sorted,10000,17,185197762002,156435,13410,0.237842,17
QuickSort,det_med3,nearly_sorted,10000,18,185197762003,159803,13406,0.216389,18
QuickSort,det_med3,nearly_sorted,10000,19,185197762004,156068,13398,0.180927,16
QuickSort,det_med3,nearly_sorted,10000,20,185197762005,154630,13408,0.201899,16
QuickSort,det_med3,nearly_sorted,10000,21,185197762006,155846,13402,0.195195,16
QuickSort,det_med3,nearly_sorted,10000,22,185197762007,154644,13410,0.181106,16
QuickSort,det_med3,nearly_sorted,10000,23,185197762008,162672,13386,0.180415,19
QuickSort,det_med3,nearly_sorted,10000,24,185197762009,159886,13396,0.180295,19
QuickSort,det_med3,nearly_sorted,10000,25,185197762010,157141,13414,0.229555,16
QuickSort,det_med3,nearly_sorted,10000,26,185197762011,159255,13398,0.183452,18
QuickSort,det_med3,nearly_sorted,10000,27,185197762012,155560,13414,0.180035,16
QuickSort,det_med3,nearly_sorted,10000,28,185197762013,158833,13392,0.181738,19
QuickSort,det_med3,nearly_sorted,10000,29,185197762014,158196,13394,0.180004,17
QuickSort,det_med3,nearly_sorted,10000,30,185197762015,154674,13414,0.179774,16
QuickSort,det_med3,nearly_sorted,10000,31,185197762016,156560,13388,0.179063,17
QuickSort,det_med3,nearly_sorted,10000,32,185197762017,157557,13390,0.188491,16
QuickSort,det_med3,nearly_sorted,10000,33,185197762018,155440,13392,0.186858,17
QuickSort,det_med3,nearly_sorted,10000,34,185197762019,162789,13390,0.180816,17
QuickSort,det_med3,nearly_sorted,10000,35,185197762020,160102,13384,0.356071,17
QuickSort,det_med3,nearly_sorted,10000,36,185197762021,158506,13402,0.185515,18
QuickSort,det_med3,nearly_sorted,10000,37,185197762022,164807,13380,0.315720,20
QuickSort,det_med3,nearly_sorted,10000,38,185197762023,155197,13400,0.223934,16
QuickSort,det_med3,nearly_sorted,10000,39,185197762024,157015,13404,0.377675,17
QuickSort,det_med3,nearly_sorted,10000,40,185197762025,155166,13406,0.231860,18
QuickSort,det_med3,nearly_sorted,10000,41,185197762026,158945,13392,0.201137,17
QuickSort,det_med3,nearly_sorted,10000,42,185197762027,158104,13398,0.239856,17
QuickSort,det_med3,nearly_sorted,10000,43,185197762028,165954,13404,0.290208,17
QuickSort,det_med3,nearly_sorted,10000,44,185197762029,155628,13388,0.220156,16
QuickSort,det_med3,nearly_sorted,10000,45,185197762030,155144,13390,0.182860,17
QuickSort,det_med3,nearly_sorted,10000,46,185197762031,159544,13386,0.180605,17
QuickSort,det_med3,nearly_sorted,10000,47,185197762032,154520,13414,0.179874,16
QuickSort,det_med3,nearly_sorted,10000,48,185197762033,157968,13400,0.181017,17
QuickSort,det_med3,nearly_sorted,10000,49,185197762034,155547,13400,0.179965,16
QuickSort,det_med3,nearly_sorted,10000,50,185197762035,155459,13404,0.179934,16
QuickSort,det_med3,nearly_sorted,10000,51,185197762036,154749,13408,0.186477,16
QuickSort,det_med3,nearly_sorted,10000,52,185197762037,157835,13392,0.669145,18
QuickSort,det_med3,nearly_sorted,10000,53,185197762038,154749,13392,0.223162,15
QuickSort,det_med3,nearly_sorted,10000,54,185197762039,156833,13388,0.209194,17
QuickSort,det_med3,nearly_sorted,10000,55,185197762040,155920,13394,0.183211,17
QuickSort,det_med3,nearly_sorted,10000,56,185197762041,158875,13390,0.190175,18
QuickSort,det_med3,nearly_sorted,10000,57,185197762042,156156,13406,0.196659,16
QuickSort,det_med3,nearly_sorted,10000,58,185197762043,157792,13400,0.181107,18
QuickSort,det_med3,nearly_sorted,10000,59,185197762044,156474,13436,0.203161,17
QuickSort,det_med3,nearly_sorted,10000,60,185197762045,155103,13430,0.239996,16
QuickSort,det_med3,nearly_sorted,10000,61,185197762046,161180,13390,0.198703,18
QuickSort,det_med3,nearly_sorted,10000,62,185197762047,157791,13406,0.181648,16
QuickSort,det_med3,nearly_sorted,10000,63,185197762048,155106,13404,0.182108,16
QuickSort,det_med3,nearly_sorted,10000,64,185197762049,164546,13408,0.195606,18
QuickSort,det_med3,nearly_sorted,10000,65,185197762050,158513,13414,0.351021,17
QuickSort,det_med3,nearly_sorted,10000,66,185197762051,158318,13398,0.388688,16
QuickSort,det_med3,nearly_sorted,10000,67,185197762052,157359,13378,0.200686,17
QuickSort,det_med3,nearly_sorted,10000,68,185197762053,156493,13410,0.376342,17
QuickSort,det_med3,nearly_sorted,10000,69,185197762054,156830,13386,0.195055,16
QuickSort,det_med3,nearly_sorted,10000,70,185197762055,157972,13414,0.203292,17
QuickSort,det_med3,nearly_sorted,10000,71,185197762056,158732,13376,0.225286,17
QuickSort,det_med3,nearly_sorted,10000,72,185197762057,157528,13410,0.338696,16
QuickSort,det_med3,nearly_sorted,10000,73,185197762058,159097,13412,0.281631,18
QuickSort,det_med3,nearly_sorted,10000,74,185197762059,155996,13396,0.216579,16
QuickSort,det_med3,nearly_sorted,10000,75,185197762060,161082,13406,0.257030,17
QuickSort,det_med3,nearly_sorted,10000,76,185197762061,158099,13408,0.216549,17
QuickSort,det_med3,nearly_sorted,10000,77,185197762062,158893,13404,0.227500,17
QuickSort,det_med3,nearly_sorted,10000,78,185197762063,157634,13402,0.217961,16
QuickSort,det_med3,nearly_sorted,10000,79,185197762064,157470,13398,0.218883,16
QuickSort,det_med3,nearly_sorted,10000,80,185197762065,155435,13412,0.217280,16
QuickSort,det_med3,nearly_sorted,10000,81,185197762066,158240,13384,0.195596,17
QuickSort,det_med3,nearly_sorted,10000,82,185197762067,156222,13406,0.177930,16
QuickSort,det_med3,nearly_sorted,10000,83,185197762068,156638,13418,0.180326,17
QuickSort,det_med3,nearly_sorted,10000,84,185197762069,163065,13386,0.182811,19
QuickSort,det_med3,nearly_sorted,10000,85,185197762070,156679,13410,0.193572,17
QuickSort,det_med3,nearly_sorted,10000,86,185197762071,159984,13394,0.187499,18
QuickSort,det_med3,nearly_sorted,10000,87,185197762072,156971,13410,0.182840,17
QuickSort,det_med3,nearly_sorted,10000,88,185197762073,159685,13396,0.189804,17
QuickSort,det_med3,nearly_sorted,10000,89,185197762074,159142,13392,0.179765,18
QuickSort,det_med3,nearly_sorted,10000,90,185197762075,158493,13382,0.181267,17
QuickSort,det_med3,nearly_sorted,10000,91,185197762076,159192,13394,0.179574,18
QuickSort,det_med3,nearly_sorted,10000,92,185197762077,157386,13410,0.222772,17
QuickSort,det_med3,nearly_sorted,10000,93,185197762078,157913,13420,0.192179,16
QuickSort,det_med3,nearly_sorted,10000,94,185197762079,156463,13406,0.183873,16
QuickSort,det_med3,nearly_sorted,10000,95,185197762080,159085,13386,0.193913,18
QuickSort,det_med3,nearly_sorted,10000,96,185197762081,156916,13386,0.480223,16
QuickSort,det_med3,nearly_sorted,10000,97,185197762082,158345,13384,0.178742,17
QuickSort,det_med3,nearly_sorted,10000,98,185197762083,155625,13414,0.179393,16
QuickSort,det_med3,nearly_sorted,10000,99,185197762084,159899,13392,0.179534,17
QuickSort,det_med3,nearly_sorted,5000,0,172940478334,73773,6728,0.105335,16
QuickSort,det_med3,nearly_sorted,5000,1,172940478335,75400,6726,0.112704,16
QuickSort,det_med3,nearly_sorted,5000,2,172940478336,73254,6732,0.095125,17
QuickSort,det_med3,nearly_sorted,5000,3,172940478337,75123,6754,0.096531,17
QuickSort,det_med3,nearly_sorted,5000,4,172940478338,75286,6720,0.093541,16
QuickSort,det_med3,nearly_sorted,5000,5,172940478339,73772,6716,0.091302,16
QuickSort,det_med3,nearly_sorted,5000,6,172940478340,74475,6734,0.094699,16
QuickSort,det_med3,nearly_sorted,5000,7,172940478341,73430,6728,0.092401,16
QuickSort,det_med3,nearly_sorted,5000,8,172940478342,72404,6762,0.091926,15
QuickSort,det_med3,nearly_sorted,5000,9,172940478343,74495,6738,0.092500,17
QuickSort,det_med3,nearly_sorted,5000,10,172940478344,76119,6726,0.092085,17
QuickSort,det_med3,nearly_sorted,5000,11,172940478345,73072,6750,0.090401,15
QuickSort,det_med3,nearly_sorted,5000,12,172940478346,73736,6746,0.091054,16
QuickSort,det_med3,nearly_sorted,5000,13,172940478347,72997,6746,0.093630,16
QuickSort,det_med3,nearly_sorted,5000,14,172940478348,76386,6738,0.095541,17
QuickSort,det_med3,nearly_sorted,5000,15,172940478349,72006,6756,0.093946,15
QuickSort,det_med3,nearly_sorted,5000,16,172940478350,73418,6734,0.090589,15
QuickSort,det_med3,nearly_sorted,5000,17,172940478351,73801,6750,0.091252,15
QuickSort,det_med3,nearly_sorted,5000,18,172940478352,74069,6730,0.091965,16
QuickSort,det_med3,nearly_sorted,5000,19,172940478353,74433,6722,0.091312,16
QuickSort,det_med3,nearly_sorted,5000,20,172940478354,73503,6740,0.090836,17
QuickSort,det_med3,nearly_sorted,5000,21,172940478355,74270,6724,0.090619,17
QuickSort,det_med3,nearly_sorted,5000,22,172940478356,74572,6722,0.103959,16
QuickSort,det_med3,nearly_sorted,5000,23,172940478357,72541,6726,0.089331,15
QuickSort,det_med3,nearly_sorted,5000,24,172940478358,75359,6752,0.091282,17
QuickSort,det_med3,nearly_sorted,5000,25,172940478359,73947,6746,0.093877,16
QuickSort,det_med3,nearly_sorted,5000,26,172940478360,72609,6730,0.089529,15
QuickSort,det_med3,nearly_sorted,5000,27,172940478361,74767,6726,0.090926,17
QuickSort,det_med3,nearly_sorted,5000,28,172940478362,74179,6734,0.091540,16
QuickSort,det_med3,nearly_sorted,5000,29,172940478363,73802,6764,0.091233,16
QuickSort,det_med3,nearly_sorted,5000,30,172940478364,75581,6718,0.090094,17
QuickSort,det_med3,nearly_sorted,5000,31,172940478365,72406,6752,0.089707,15
QuickSort,det_med3,nearly_sorted,5000,32,172940478366,79142,6736,0.093104,17
QuickSort,det_med3,nearly_sorted,5000,33,172940478367,73779,6722,0.090668,15
QuickSort,det_med3,nearly_sorted,5000,34,172940478368,76031,6735,0.091420,16
QuickSort,det_med3,nearly_sorted,5000,35,172940478369,74779,6724,0.090876,16
QuickSort,det_med3,nearly_sorted,5000,36,172940478370,74819,6724,0.091837,16
QuickSort,det_med3,nearly_sorted,5000,37,172940478371,74343,6734,0.090658,16
QuickSort,det_med3,nearly_sorted,5000,38,172940478372,72641,6754,0.089598,15
QuickSort,det_med3,nearly_sorted,5000,39,172940478373,72803,6746,0.089916,15
QuickSort,det_med3,nearly_sorted,5000,40,172940478374,75119,6720,0.091946,18
QuickSort,det_med3,nearly_sorted,5000,41,172940478375,76705,6738,0.091411,16
QuickSort,det_med3,nearly_sorted,5000,42,172940478376,73145,6744,0.089598,15
QuickSort,det_med3,nearly_sorted,5000,43,172940478377,75754,6738,0.208334,16
QuickSort,det_med3,nearly_sorted,5000,44,172940478378,72964,6738,0.173205,15
QuickSort,det_med3,nearly_sorted,5000,45,172940478379,73338,6748,0.168104,15
QuickSort,det_med3,nearly_sorted,5000,46,172940478380,74107,6762,0.166609,15
QuickSort,det_med3,nearly_sorted,5000,47,172940478381,74119,6720,0.169571,16
QuickSort,det_med3,nearly_sorted,5000,48,172940478382,73927,6724,0.167907,16
QuickSort,det_med3,nearly_sorted,5000,49,172940478383,73509,6736,0.095659,16
QuickSort,det_med3,nearly_sorted,5000,50,172940478384,75071,6752,0.091847,16
QuickSort,det_med3,nearly_sorted,5000,51,172940478385,74068,6738,0.092856,16
QuickSort,det_med3,nearly_sorted,5000,52,172940478386,72738,6738,0.091311,17
QuickSort,det_med3,nearly_sorted,5000,53,172940478387,73491,6752,0.090569,16
QuickSort,det_med3,nearly_sorted,5000,54,172940478388,72573,6768,0.093599,15
QuickSort,det_med3,nearly_sorted,5000,55,172940478389,72774,6740,0.091044,15
QuickSort,det_med3,nearly_sorted,5000,56,172940478390,74398,6746,0.113130,18
QuickSort,det_med3,nearly_sorted,5000,57,172940478391,75873,6752,0.093787,16
QuickSort,det_med3,nearly_sorted,5000,58,172940478392,73364,6754,0.091966,15
QuickSort,det_med3,nearly_sorted,5000,59,172940478393,75250,6742,0.092470,16
QuickSort,det_med3,nearly_sorted,5000,60,172940478394,74424,6734,0.092401,16
QuickSort,det_med3,nearly_sorted,5000,61,172940478395,74533,6736,0.092768,16
QuickSort,det_med3,nearly_sorted,5000,62,172940478396,74060,6722,0.090718,17
QuickSort,det_med3,nearly_sorted,5000,63,172940478397,74107,6726,0.090549,16
QuickSort,det_med3,nearly_sorted,5000,64,172940478398,73970,6732,0.091104,16
QuickSort,det_med3,nearly_sorted,5000,65,172940478399,73790,6732,0.091530,16
QuickSort,det_med3,nearly_sorted,5000,66,172940478400,74856,6736,0.091935,16
QuickSort,det_med3,nearly_sorted,5000,67,172940478401,74582,6754,0.115170,16
QuickSort,det_med3,nearly_sorted,5000,68,172940478402,74408,6736,0.092253,15
QuickSort,det_med3,nearly_sorted,5000,69,172940478403,77631,6752,0.092223,17
QuickSort,det_med3,nearly_sorted,5000,70,172940478404,73975,6750,0.090817,15
QuickSort,det_med3,nearly_sorted,5000,71,172940478405,75072,6736,0.092104,18
QuickSort,det_med3,nearly_sorted,5000,72,172940478406,74699,6752,0.091906,16
QuickSort,det_med3,nearly_sorted,5000,73,172940478407,74542,6738,0.091500,17
QuickSort,det_med3,nearly_sorted,5000,74,172940478408,74235,6750,0.091242,16
QuickSort,det_med3,nearly_sorted,5000,75,172940478409,76823,6738,0.092094,17
QuickSort,det_med3,nearly_sorted,5000,76,172940478410,72282,6762,0.102067,15
QuickSort,det_med3,nearly_sorted,5000,77,172940478411,73306,6740,0.091341,15
QuickSort,det_med3,nearly_sorted,5000,78,172940478412,72937,6740,0.091183,16
QuickSort,det_med3,nearly_sorted,5000,79,172940478413,73504,6738,0.091767,16
QuickSort,det_med3,nearly_sorted,5000,80,172940478414,75193,6734,0.092689,16
QuickSort,det_med3,nearly_sorted,5000,81,172940478415,75454,6718,0.092293,16
QuickSort,det_med3,nearly_sorted,5000,82,172940478416,73545,6724,0.091411,15
QuickSort,det_med3,nearly_sorted,5000,83,172940478417,73444,6734,0.091193,16
QuickSort,det_med3,nearly_sorted,5000,84,172940478418,72451,6744,0.090569,15
QuickSort,det_med3,nearly_sorted,5000,85,172940478419,73425,6746,0.094095,15
QuickSort,det_med3,nearly_sorted,5000,86,172940478420,74005,6748,0.091569,16
QuickSort,det_med3,nearly_sorted,5000,87,172940478421,72633,6746,0.090906,15
QuickSort,det_med3,nearly_sorted,5000,88,172940478422,74473,6748,0.091035,16
QuickSort,det_med3,nearly_sorted,5000,89,172940478423,75842,6760,0.092470,16
QuickSort,det_med3,nearly_sorted,5000,90,172940478424,72970,6756,0.090430,16
QuickSort,det_med3,nearly_sorted,5000,91,172940478425,74566,6734,0.125084,16
QuickSort,det_med3,nearly_sorted,5000,92,172940478426,71816,6750,0.104504,14
QuickSort,det_med3,nearly_sorted,5000,93,172940478427,73224,6748,0.192468,16
QuickSort,det_med3,nearly_sorted,5000,94,172940478428,73860,6732,0.094818,17
QuickSort,det_med3,nearly_sorted,5000,95,172940478429,74513,6728,0.093817,16
QuickSort,det_med3,nearly_sorted,5000,96,172940478430,73535,6740,0.093966,15
QuickSort,det_med3,nearly_sorted,5000,97,172940478431,75534,6740,0.103147,16
QuickSort,det_med3,nearly_sorted,5000,98,172940478432,74583,6734,0.116021,16
QuickSort,det_med3,nearly_sorted,5000,99,172940478433,73257,6750,0.115041,18
QuickSort,det_med3,nearly_sorted,5000,100,172940478434,72922,6732,0.115437,15
QuickSort,det_med3,nearly_sorted,5000,101,172940478435,77716,6748,0.119637,17
QuickSort,det_med3,nearly_sorted,5000,102,172940478436,73847,6712,0.112734,16
QuickSort,det_med3,nearly_sorted,5000,103,172940478437,74225,6740,0.118834,16
QuickSort,det_med3,nearly_sorted,5000,104,172940478438,73262,6740,0.120676,16
QuickSort,det_med3,nearly_sorted,5000,105,172940478439,72478,6752,0.091520,15
QuickSort,det_med3,nearly_sorted,5000,106,172940478440,74943,6734,0.100799,16
QuickSort,det_med3,nearly_sorted,5000,107,172940478441,74211,6742,0.092035,17
QuickSort,det_med3,nearly_sorted,5000,108,172940478442,74159,6728,0.091223,15
QuickSort,det_med3,nearly_sorted,5000,109,172940478443,72762,6758,0.091450,16
QuickSort,det_med3,nearly_sorted,5000,110,172940478444,74652,6740,0.151913,16
QuickSort,det_med3,nearly_sorted,5000,111,172940478445,74624,6734,0.165945,16
QuickSort,det_med3,nearly_sorted,5000,112,172940478446,76759,6752,0.166620,16
QuickSort,det_med3,nearly_sorted,5000,113,172940478447,75941,6726,0.164926,16
QuickSort,det_med3,nearly_sorted,5000,114,172940478448,74755,6742,0.163381,17
QuickSort,det_med3,nearly_sorted,5000,115,172940478449,74305,6738,0.186298,16
QuickSort,det_med3,nearly_sorted,5000,116,172940478450,72286,6748,0.163648,15
QuickSort,det_med3,nearly_sorted,5000,117,172940478451,73545,6718,0.116537,16
QuickSort,det_med3,nearly_sorted,5000,118,172940478452,72610,6738,0.090797,15
QuickSort,det_med3,nearly_sorted,5000,119,172940478453,76894,6750,0.095699,17
QuickSort,det_med3,nearly_sorted,5000,120,172940478454,79324,6732,0.094699,19
QuickSort,det_med3,nearly_sorted,5000,121,172940478455,74337,6724,0.091460,17
QuickSort,det_med3,nearly_sorted,5000,122,172940478456,75532,6742,0.092253,16
QuickSort,det_med3,nearly_sorted,5000,123,172940478457,74467,6728,0.090895,16
QuickSort,det_med3,nearly_sorted,5000,124,172940478458,76420,6722,0.090767,16
QuickSort,det_med3,nearly_sorted,5000,125,172940478459,74487,6726,0.094709,16
QuickSort,det_med3,nearly_sorted,5000,126,172940478460,75572,6740,0.092342,18
QuickSort,det_med3,nearly_sorted,5000,127,172940478461,75907,6741,0.091609,17
QuickSort,det_med3,nearly_sorted,5000,128,172940478462,75166,6732,0.091599,17
QuickSort,det_med3,nearly_sorted,5000,129,172940478463,73709,6736,0.094055,15
QuickSort,det_med3,nearly_sorted,5000,130,172940478464,73339,6756,0.091103,15
QuickSort,det_med3,nearly_sorted,5000,131,172940478465,73594,6744,0.094441,16
QuickSort,det_med3,nearly_sorted,5000,132,172940478466,72766,6734,0.090163,16
QuickSort,det_med3,nearly_sorted,5000,133,172940478467,72772,6744,0.102632,15
QuickSort,det_med3,nearly_sorted,5000,134,172940478468,72636,6732,0.091510,15
QuickSort,det_med3,nearly_sorted,5000,135,172940478469,73266,6738,0.091450,15
QuickSort,det_med3,nearly_sorted,5000,136,172940478470,72235,6748,0.090589,16
QuickSort,det_med3,nearly_sorted,5000,137,172940478471,73130,6750,0.092768,16
QuickSort,det_med3,nearly_sorted,5000,138,172940478472,73828,6720,0.114060,17
QuickSort,det_med3,nearly_sorted,5000,139,172940478473,75063,6754,0.094520,16
QuickSort,det_med3,nearly_sorted,5000,140,172940478474,73466,6756,0.093263,15
QuickSort,det_med3,nearly_sorted,5000,141,172940478475,75975,6734,0.091787,17
QuickSort,det_med3,nearly_sorted,5000,142,172940478476,73051,6748,0.114328,15
QuickSort,det_med3,nearly_sorted,5000,143,172940478477,73684,6736,0.090846,16
QuickSort,det_med3,nearly_sorted,5000,144,172940478478,74430,6732,0.090598,16
QuickSort,det_med3,nearly_sorted,5000,145,172940478479,75687,6736,0.091965,16
QuickSort,det_med3,nearly_sorted,5000,146,172940478480,75120,6728,0.091312,18
QuickSort,det_med3,nearly_sorted,5000,147,172940478481,75036,6744,0.092609,17
QuickSort,det_med3,nearly_sorted,5000,148,172940478482,73576,6720,0.090896,16
QuickSort,det_med3,nearly_sorted,5000,149,172940478483,74435,6722,0.090579,16
QuickSort,det_med3,nearly_sorted,5000,150,172940478484,73669,6726,0.090024,16
QuickSort,det_med3,nearly_sorted,5000,151,172940478485,72083,6730,0.090421,15
QuickSort,det_med3,nearly_sorted,5000,152,172940478486,73566,6722,0.090341,16
QuickSort,det_med3,nearly_sorted,5000,153,172940478487,75190,6738,0.089866,16
QuickSort,det_med3,nearly_sorted,5000,154,172940478488,72347,6728,0.090659,15
QuickSort,det_med3,nearly_sorted,5000,155,172940478489,72936,6730,0.090470,15
QuickSort,det_med3,nearly_sorted,5000,156,172940478490,73426,6750,0.095332,15
QuickSort,det_med3,nearly_sorted,5000,157,172940478491,75639,6728,0.092589,17
QuickSort,det_med3,nearly_sorted,5000,158,172940478492,72775,6742,0.090025,15
QuickSort,det_med3,nearly_sorted,5000,159,172940478493,72688,6740,0.111773,15
QuickSort,det_med3,nearly_sorted,5000,160,172940478494,72491,6728,0.089916,15
QuickSort,det_med3,nearly_sorted,5000,161,172940478495,73679,6744,0.091144,16
QuickSort,det_med3,nearly_sorted,5000,162,172940478496,73906,6738,0.091668,16
QuickSort,det_med3,nearly_sorted,5000,163,172940478497,72025,6754,0.090143,15
QuickSort,det_med3,nearly_sorted,5000,164,172940478498,72826,6740,0.090837,15
QuickSort,det_med3,nearly_sorted,5000,165,172940478499,74658,6744,0.090559,16
QuickSort,det_med3,nearly_sorted,5000,166,172940478500,73460,6742,0.091282,16
QuickSort,det_med3,nearly_sorted,5000,167,172940478501,73447,6724,0.091530,15
QuickSort,det_med3,nearly_sorted,5000,168,172940478502,73794,6730,0.099799,16
QuickSort,det_med3,nearly_sorted,5000,169,172940478503,74533,6730,0.094174,17
QuickSort,det_med3,nearly_sorted,5000,170,172940478504,76575,6722,0.092322,17
QuickSort,det_med3,nearly_sorted,5000,171,172940478505,73756,6726,0.088826,16
QuickSort,det_med3,nearly_sorted,5000,172,172940478506,72475,6744,0.090599,16
QuickSort,det_med3,nearly_sorted,5000,173,172940478507,73171,6732,0.090738,16
QuickSort,det_med3,nearly_sorted,5000,174,172940478508,73209,6756,0.090965,15
QuickSort,det_med3,nearly_sorted,5000,175,172940478509,75031,6744,0.091738,16
QuickSort,det_med3,nearly_sorted,5000,176,172940478510,73917,6738,0.090451,16
QuickSort,det_med3,nearly_sorted,5000,177,172940478511,73275,6734,0.111129,15
QuickSort,det_med3,nearly_sorted,5000,178,172940478512,73195,6742,0.106980,16
QuickSort,det_med3,nearly_sorted,5000,179,172940478513,74560,6728,0.103820,17
QuickSort,det_med3,nearly_sorted,5000,180,172940478514,73951,6744,0.091876,16
QuickSort,det_med3,nearly_sorted,5000,181,172940478515,76344,6744,0.091094,17
QuickSort,det_med3,nearly_sorted,5000,182,172940478516,76173,6708,0.091797,17
QuickSort,det_med3,nearly_sorted,5000,183,172940478517,74230,6722,0.091629,17
QuickSort,det_med3,nearly_sorted,5000,184,172940478518,75993,6724,0.091015,17
QuickSort,det_med3,nearly_sorted,5000,185,172940478519,72341,6730,0.091094,17
QuickSort,det_med3,nearly_sorted,5000,186,172940478520,74096,6740,0.091678,16
QuickSort,det_med3,nearly_sorted,5000,187,172940478521,73944,6752,0.091430,16
QuickSort,det_med3,nearly_sorted,5000,188,172940478522,73562,6736,0.090936,16
QuickSort,det_med3,nearly_sorted,5000,189,172940478523,73396,6750,0.091074,16
QuickSort,det_med3,nearly_sorted,5000,190,172940478524,73437,6732,0.090401,15
QuickSort,det_med3,nearly_sorted,5000,191,172940478525,74038,6748,0.092579,16
QuickSort,det_med3,nearly_sorted,5000,192,172940478526,74035,6730,0.092579,16
QuickSort,det_med3,nearly_sorted,5000,193,172940478527,73027,6746,0.091223,16
QuickSort,det_med3,nearly_sorted,5000,194,172940478528,75144,6722,0.091996,17
QuickSort,det_med3,nearly_sorted,5000,195,172940478529,73934,6730,0.091856,16
QuickSort,det_med3,nearly_sorted,5000,196,172940478530,73360,6732,0.090965,16
QuickSort,det_med3,nearly_sorted,5000,197,172940478531,73244,6731,0.090608,17
QuickSort,det_med3,nearly_sorted,5000,198,172940478532,74754,6770,0.092412,16
QuickSort,det_med3,nearly_sorted,5000,199,172940478533,76073,6714,0.095818,16
QuickSort,det_med3,nearly_sorted,50000,0,269017026192,957409,66732,1.034101,21
QuickSort,det_med3,nearly_sorted,50000,1,269017026193,902608,66740,0.921912,19
QuickSort,det_med3,nearly_sorted,50000,2,269017026194,903181,66710,1.024773,19
QuickSort,det_med3,nearly_sorted,50000,3,269017026195,902694,66736,1.377773,19
QuickSort,det_med3,nearly_sorted,50000,4,269017026196,909679,66712,0.953500,20
QuickSort,det_med3,nearly_sorted,50000,5,269017026197,931771,66724,1.268068,22
QuickSort,det_med3,nearly_sorted,50000,6,269017026198,895600,66732,2.377048,19
QuickSort,det_med3,nearly_sorted,50000,7,269017026199,902608,66722,1.073504,20
QuickSort,det_med3,nearly_sorted,50000,8,269017026200,891890,66734,1.064648,19
QuickSort,det_med3,nearly_sorted,50000,9,269017026201,895606,66736,0.956005,18
QuickSort,det_med3,nearly_sorted,50000,10,269017026202,907384,66754,1.018291,20
QuickSort,det_med3,nearly_sorted,50000,11,269017026203,901421,66748,0.934044,19
QuickSort,det_med3,nearly_sorted,50000,12,269017026204,931717,66746,0.964120,21
QuickSort,det_med3,nearly_sorted,50000,13,269017026205,945149,66720,0.942029,20
QuickSort,det_med3,nearly_sorted,50000,14,269017026206,911301,66738,0.919016,19
QuickSort,det_med3,nearly_sorted,50000,15,269017026207,899938,66734,0.913074,19
QuickSort,det_med3,nearly_sorted,50000,16,269017026208,904176,66728,0.989387,20
QuickSort,det_med3,nearly_sorted,50000,17,269017026209,923502,66718,0.919056,21
QuickSort,det_med3,nearly_sorted,50000,18,269017026210,896832,66720,0.925678,21
QuickSort,det_med3,nearly_sorted,50000,19,269017026211,896624,66728,0.934746,19
QuickSort,det_med3,nearly_sorted,50000,20,269017026212,912629,66722,1.008653,19
QuickSort,det_med3,nearly_sorted,50000,21,269017026213,939556,66712,0.975161,20
QuickSort,det_med3,nearly_sorted,50000,22,269017026214,912177,66704,0.926350,19
QuickSort,det_med3,nearly_sorted,50000,23,269017026215,897146,66724,0.913576,20
QuickSort,det_med3,nearly_sorted,50000,24,269017026216,893974,66760,0.920339,19
QuickSort,det_med3,nearly_sorted,50000,25,269017026217,892984,66730,0.968429,19
QuickSort,det_med3,nearly_sorted,50000,26,269017026218,904421,66722,0.976363,19
QuickSort,det_med3,nearly_sorted,50000,27,269017026219,906874,66714,0.924527,19
QuickSort,det_med3,nearly_sorted,50000,28,269017026220,899890,66742,0.947038,20
QuickSort,det_med3,nearly_sorted,50000,29,269017026221,897676,66732,0.912424,19
QuickSort,det_med3,random,1000,0,165330826168,13842,3050,0.069700,19
QuickSort,det_med3,random,1000,1,165330826169,13448,3046,0.067042,17
QuickSort,det_med3,random,1000,2,165330826170,13778,3049,0.067153,17
QuickSort,det_med3,random,1000,3,165330826171,14726,2974,0.065301,18
QuickSort,det_med3,random,1000,4,165330826172,14613,3025,0.063973,20
QuickSort,det_med3,random,1000,5,165330826173,14488,2981,0.063288,20
QuickSort,det_med3,random,1000,6,165330826174,14099,3028,0.064455,18
QuickSort,det_med3,random,1000,7,165330826175,13945,3033,0.065290,20
QuickSort,det_med3,random,1000,8,165330826176,13514,3006,0.071813,18
QuickSort,det_med3,random,1000,9,165330826177,14317,2943,0.063499,19
QuickSort,det_med3,random,1000,10,165330826178,14417,2981,0.064003,20
QuickSort,det_med3,random,1000,11,165330826179,14334,2965,0.063439,19
QuickSort,det_med3,random,1000,12,165330826180,13520,3006,0.081787,17
QuickSort,det_med3,random,1000,13,165330826181,14538,3044,0.063711,21
QuickSort,det_med3,random,1000,14,165330826182,13828,3030,0.063217,20
QuickSort,det_med3,random,1000,15,165330826183,13615,3007,0.065825,21
QuickSort,det_med3,random,1000,16,165330826184,13999,2932,0.064757,18
QuickSort,det_med3,random,1000,17,165330826185,13934,3059,0.075074,18
QuickSort,det_med3,random,1000,18,165330826186,14719,2965,0.066730,23
QuickSort,det_med3,random,1000,19,165330826187,14508,2978,0.065191,23
QuickSort,det_med3,random,1000,20,165330826188,14066,2981,0.066298,18
QuickSort,det_med3,random,1000,21,165330826189,13932,2984,0.063399,17
QuickSort,det_med3,random,1000,22,165330826190,15175,2958,0.061949,23
QuickSort,det_med3,random,1000,23,165330826191,13876,3005,0.063761,20
QuickSort,det_med3,random,1000,24,165330826192,13384,3046,0.077217,17
QuickSort,det_med3,random,1000,25,165330826193,13330,3028,0.063912,19
QuickSort,det_med3,random,1000,26,165330826194,14154,3033,0.062342,20
QuickSort,det_med3,random,1000,27,165330826195,13849,3021,0.061919,18
QuickSort,det_med3,random,1000,28,165330826196,13823,3041,0.064727,19
QuickSort,det_med3,random,1000,29,165330826197,14485,2943,0.063257,20
QuickSort,det_med3,random,1000,30,165330826198,13746,2990,0.062322,19
QuickSort,det_med3,random,1000,31,165330826199,14525,2978,0.061999,18
QuickSort,det_med3,random,1000,32,165330826200,13493,3045,0.064193,17
QuickSort,det_med3,random,1000,33,165330826201,13494,3079,0.063278,18
QuickSort,det_med3,random,1000,34,165330826202,14835,2971,0.061546,23
QuickSort,det_med3,random,1000,35,165330826203,13665,3021,0.062996,18
QuickSort,det_med3,random,1000,36,165330826204,14085,2999,0.061868,19
QuickSort,det_med3,random,1000,37,165330826205,13908,3077,0.063539,19
QuickSort,det_med3,random,1000,38,165330826206,13343,3054,0.063368,20
QuickSort,det_med3,random,1000,39,165330826207,14110,3007,0.063388,19
QuickSort,det_med3,random,1000,40,165330826208,14283,3002,0.062412,22
QuickSort,det_med3,random,1000,41,165330826209,14805,3037,0.062563,20
QuickSort,det_med3,random,1000,42,165330826210,13885,2950,0.063086,19
QuickSort,det_med3,random,1000,43,165330826211,14295,3010,0.063580,19
QuickSort,det_med3,random,1000,44,165330826212,13676,2992,0.062040,18
QuickSort,det_med3,random,1000,45,165330826213,13487,3051,0.063740,15
QuickSort,det_med3,random,1000,46,165330826214,13880,2998,0.062040,18
QuickSort,det_med3,random,1000,47,165330826215,14103,3022,0.061959,22
QuickSort,det_med3,random,1000,48,165330826216,15751,2977,0.062825,22
QuickSort,det_med3,random,1000,49,165330826217,14270,3041,0.061959,22
QuickSort,det_med3,random,1000,50,165330826218,14180,3043,0.061507,20
QuickSort,det_med3,random,1000,51,165330826219,13885,3036,0.062020,18
QuickSort,det_med3,random,1000,52,165330826220,14428,3012,0.062030,22
QuickSort,det_med3,random,1000,53,165330826221,14738,2977,0.062613,21
QuickSort,det_med3,random,1000,54,165330826222,13834,3007,0.138986,18
QuickSort,det_med3,random,1000,55,165330826223,14179,2954,0.066932,19
QuickSort,det_med3,random,1000,56,165330826224,13455,3020,0.065905,17
QuickSort,det_med3,random,1000,57,165330826225,13474,3046,0.065553,20
QuickSort,det_med3,random,1000,58,165330826226,13891,3062,0.064607,20
QuickSort,det_med3,random,1000,59,165330826227,14508,2954,0.064958,18
QuickSort,det_med3,random,1000,60,165330826228,13849,3049,0.064708,18
QuickSort,det_med3,random,1000,61,165330826229,13542,3086,0.070122,19
QuickSort,det_med3,random,1000,62,165330826230,13689,3013,0.076946,20
QuickSort,det_med3,random,1000,63,165330826231,14276,3027,0.075265,18
QuickSort,det_med3,random,1000,64,165330826232,15213,2909,0.076503,22
QuickSort,det_med3,random,1000,65,165330826233,14052,3007,0.075607,18
QuickSort,det_med3,random,1000,66,165330826234,14065,3002,0.075426,19
QuickSort,det_med3,random,1000,67,165330826235,13756,2985,0.076926,19
QuickSort,det_med3,random,1000,68,165330826236,14031,3004,0.087715,22
QuickSort,det_med3,random,1000,69,165330826237,14341,2961,0.076664,20
QuickSort,det_med3,random,1000,70,165330826238,13435,3004,0.076271,16
QuickSort,det_med3,random,1000,71,165330826239,13465,2999,0.076373,19
QuickSort,det_med3,random,1000,72,165330826240,13391,3053,0.077157,18
QuickSort,det_med3,random,1000,73,165330826241,14457,2973,0.075446,24
QuickSort,det_med3,random,1000,74,165330826242,15768,2912,0.073152,22
QuickSort,det_med3,random,1000,75,165330826243,13899,3065,0.075416,18
QuickSort,det_med3,random,1000,76,165330826244,15671,2980,0.069588,23
QuickSort,det_med3,random,1000,77,165330826245,14439,2979,0.063418,19
QuickSort,det_med3,random,1000,78,165330826246,13671,3025,0.061758,19
QuickSort,det_med3,random,1000,79,165330826247,13659,3026,0.063016,19
QuickSort,det_med3,random,1000,80,165330826248,13581,3018,0.063389,19
QuickSort,det_med3,random,1000,81,165330826249,13794,3020,0.382787,18
QuickSort,det_med3,random,1000,82,165330826250,14535,2974,0.137043,23
QuickSort,det_med3,random,1000,83,165330826251,14617,2977,0.151204,20
QuickSort,det_med3,random,1000,84,165330826252,14253,2989,0.063802,18
QuickSort,det_med3,random,1000,85,165330826253,13498,3035,0.062322,16
QuickSort,det_med3,random,1000,86,165330826254,13702,3061,0.063519,19
QuickSort,det_med3,random,1000,87,165330826255,13672,2965,0.063399,19
QuickSort,det_med3,random,1000,88,165330826256,13998,3000,0.074862,18
QuickSort,det_med3,random,1000,89,165330826257,13446,2995,0.063569,21
QuickSort,det_med3,random,1000,90,165330826258,13587,3021,0.063610,17
QuickSort,det_med3,random,1000,91,165330826259,13365,3062,0.063419,18
QuickSort,det_med3,random,1000,92,165330826260,14515,2982,0.067797,20
QuickSort,det_med3,random,1000,93,165330826261,13873,3009,0.070132,18
QuickSort,det_med3,random,1000,94,165330826262,14476,2990,0.199244,21
QuickSort,det_med3,random,1000,95,165330826263,13631,3043,0.070977,17
QuickSort,det_med3,random,1000,96,165330826264,13413,2998,0.070756,17
QuickSort,det_med3,random,1000,97,165330826265,13839,2995,0.066589,19
QuickSort,det_med3,random,1000,98,165330826266,15111,2975,0.064676,19
QuickSort,det_med3,random,1000,99,165330826267,13609,3017,0.064385,19
QuickSort,det_med3,random,1000,100,165330826268,14550,3018,0.063942,20
QuickSort,det_med3,random,1000,101,165330826269,13884,3019,0.065099,21
QuickSort,det_med3,random,1000,102,165330826270,14886,2945,0.071390,22
QuickSort,det_med3,random,1000,103,165330826271,13783,3067,0.065170,19
QuickSort,det_med3,random,1000,104,165330826272,15406,2911,0.062764,22
QuickSort,det_med3,random,1000,105,165330826273,13820,3025,0.063922,18
QuickSort,det_med3,random,1000,106,165330826274,14106,3015,0.063268,19
QuickSort,det_med3,random,1000,107,165330826275,13495,3012,0.063519,19
QuickSort,det_med3,random,1000,108,165330826276,14206,3019,0.062443,20
QuickSort,det_med3,random,1000,109,165330826277,13669,3042,0.063187,18
QuickSort,det_med3,random,1000,110,165330826278,14445,3014,0.064133,22
QuickSort,det_med3,random,1000,111,165330826279,13974,3008,0.061587,22
QuickSort,det_med3,random,1000,112,165330826280,13856,3039,0.062483,21
QuickSort,det_med3,random,1000,113,165330826281,13438,3033,0.063550,17
QuickSort,det_med3,random,1000,114,165330826282,13702,3071,0.063016,18
QuickSort,det_med3,random,1000,115,165330826283,13461,3042,0.063559,18
QuickSort,det_med3,random,1000,116,165330826284,13748,3053,0.068370,19
QuickSort,det_med3,random,1000,117,165330826285,13908,3023,0.065623,18
QuickSort,det_med3,random,1000,118,165330826286,14571,3034,0.065583,20
QuickSort,det_med3,random,1000,119,165330826287,14124,2995,0.064476,19
QuickSort,det_med3,random,1000,120,165330826288,13787,3066,0.063509,18
QuickSort,det_med3,random,1000,121,165330826289,13508,3025,0.064818,19
QuickSort,det_med3,random,1000,122,165330826290,14639,3010,0.063580,23
QuickSort,det_med3,random,1000,123,165330826291,13909,3001,0.061536,22
QuickSort,det_med3,random,1000,124,165330826292,13372,3026,0.063872,18
QuickSort,det_med3,random,1000,125,165330826293,13751,3012,0.064113,19
QuickSort,det_med3,random,1000,126,165330826294,13604,3071,0.063892,20
QuickSort,det_med3,random,1000,127,165330826295,13761,3025,0.064083,18
QuickSort,det_med3,random,1000,128,165330826296,13461,3027,0.064526,18
QuickSort,det_med3,random,1000,129,165330826297,13689,3024,0.063419,21
QuickSort,det_med3,random,1000,130,165330826298,13495,3047,0.065563,17
QuickSort,det_med3,random,1000,131,165330826299,14526,2982,0.063439,20
QuickSort,det_med3,random,1000,132,165330826300,13876,2988,0.062654,20
QuickSort,det_med3,random,1000,133,165330826301,13980,3012,0.062654,19
QuickSort,det_med3,random,1000,134,165330826302,15419,3006,0.062443,22
QuickSort,det_med3,random,1000,135,165330826303,14496,3037,0.060963,22
QuickSort,det_med3,random,1000,136,165330826304,14018,3006,0.063227,20
QuickSort,det_med3,random,1000,137,165330826305,14097,3047,0.064023,19
QuickSort,det_med3,random,1000,138,165330826306,13662,3012,0.071682,20
QuickSort,det_med3,random,1000,139,165330826307,13461,3018,0.063037,17
QuickSort,det_med3,random,1000,140,165330826308,13633,3083,0.081767,18
QuickSort,det_med3,random,1000,141,165330826309,14043,2997,0.063097,18
QuickSort,det_med3,random,1000,142,165330826310,14672,2950,0.061638,19
QuickSort,det_med3,random,1000,143,165330826311,13967,3034,0.063489,24
QuickSort,det_med3,random,1000,144,165330826312,13730,3034,0.064133,18
QuickSort,det_med3,random,1000,145,165330826313,13993,2980,0.062341,19
QuickSort,det_med3,random,1000,146,165330826314,13920,3002,0.061849,19
QuickSort,det_med3,random,1000,147,165330826315,14068,3017,0.063046,22
QuickSort,det_med3,random,1000,148,165330826316,13835,3035,0.062321,18
QuickSort,det_med3,random,1000,149,165330826317,14773,2971,0.062312,24
QuickSort,det_med3,random,1000,150,165330826318,14376,3004,0.063509,22
QuickSort,det_med3,random,1000,151,165330826319,13542,3077,0.063006,18
QuickSort,det_med3,random,1000,152,165330826320,13539,3026,0.064184,18
QuickSort,det_med3,random,1000,153,165330826321,14884,2997,0.063741,20
QuickSort,det_med3,random,1000,154,165330826322,13613,3051,0.062583,18
QuickSort,det_med3,random,1000,155,165330826323,14156,2987,0.063056,20
QuickSort,det_med3,random,1000,156,165330826324,13718,3043,0.062412,19
QuickSort,det_med3,random,1000,157,165330826325,13999,3020,0.063107,18
QuickSort,det_med3,random,1000,158,165330826326,14730,2999,0.063308,20
QuickSort,det_med3,random,1000,159,165330826327,13854,2983,0.062402,19
QuickSort,det_med3,random,1000,160,165330826328,13650,3007,0.062704,19
QuickSort,det_med3,random,1000,161,165330826329,13893,3009,0.062804,21
QuickSort,det_med3,random,1000,162,165330826330,13580,2954,0.062795,17
QuickSort,det_med3,random,1000,163,165330826331,13664,3058,0.062181,17
QuickSort,det_med3,random,1000,164,165330826332,13889,3013,0.062271,20
QuickSort,det_med3,random,1000,165,165330826333,13698,3003,0.063127,18
QuickSort,det_med3,random,1000,166,165330826334,13659,2976,0.063047,20
QuickSort,det_med3,random,1000,167,165330826335,14319,3057,0.062593,19
QuickSort,det_med3,random,1000,168,165330826336,14407,3016,0.069931,20
QuickSort,det_med3,random,1000,169,165330826337,13970,3030,0.061285,21
QuickSort,det_med3,random,1000,170,165330826338,14592,3019,0.073886,19
QuickSort,det_med3,random,1000,171,165330826339,13531,2999,0.063942,18
QuickSort,det_med3,random,1000,172,165330826340,13775,3031,0.062422,19
QuickSort,det_med3,random,1000,173,165330826341,13666,3008,0.064043,17
QuickSort,det_med3,random,1000,174,165330826342,14000,3021,0.063237,22
QuickSort,det_med3,random,1000,175,165330826343,14752,3034,0.061033,20
QuickSort,det_med3,random,1000,176,165330826344,14868,2986,0.062704,21
QuickSort,det_med3,random,1000,177,165330826345,13771,3038,0.063046,19
QuickSort,det_med3,random,1000,178,165330826346,13246,3045,0.063308,16
QuickSort,det_med3,random,1000,179,165330826347,13660,3088,0.062533,19
QuickSort,det_med3,random,1000,180,165330826348,13681,3049,0.062916,19
QuickSort,det_med3,random,1000,181,165330826349,13548,3039,0.062181,18
QuickSort,det_med3,random,1000,182,165330826350,14159,3033,0.065331,19
QuickSort,det_med3,random,1000,183,165330826351,13672,3032,0.070796,18
QuickSort,det_med3,random,1000,184,165330826352,15214,2918,0.072628,22
QuickSort,det_med3,random,1000,185,165330826353,13563,3053,0.070786,18
QuickSort,det_med3,random,1000,186,165330826354,14174,2975,0.062211,20
QuickSort,det_med3,random,1000,187,165330826355,13875,2995,0.068069,19
QuickSort,det_med3,random,1000,188,165330826356,14418,3021,0.068582,18
QuickSort,det_med3,random,1000,189,165330826357,14344,3000,0.069196,19
QuickSort,det_med3,random,1000,190,165330826358,14359,2989,0.070917,22
QuickSort,det_med3,random,1000,191,165330826359,13701,3022,0.074098,16
QuickSort,det_med3,random,1000,192,165330826360,13824,3004,0.073483,19
QuickSort,det_med3,random,1000,193,165330826361,13899,3024,0.070142,21
QuickSort,det_med3,random,1000,194,165330826362,14056,3008,0.071703,17
QuickSort,det_med3,random,1000,195,165330826363,13749,3034,0.071631,24
QuickSort,det_med3,random,1000,196,165330826364,13760,3017,0.071672,22
QuickSort,det_med3,random,1000,197,165330826365,13538,3069,0.073001,17
QuickSort,det_med3,random,1000,198,165330826366,14117,2968,0.146132,19
QuickSort,det_med3,random,1000,199,165330826367,14145,2977,0.067908,20
QuickSort,det_med3,random,10000,0,173499750897,187604,37744,0.838956,28
QuickSort,det_med3,random,10000,1,173499750898,185720,37716,0.774899,34
QuickSort,det_med3,random,10000,2,173499750899,179711,37922,0.786789,28
QuickSort,det_med3,random,10000,3,173499750900,181419,37841,0.937745,28
QuickSort,det_med3,random,10000,4,173499750901,179455,38131,0.873332,28
QuickSort,det_med3,random,10000,5,173499750902,187471,37676,1.143166,28
QuickSort,det_med3,random,10000,6,173499750903,186945,37671,0.874173,32
QuickSort,det_med3,random,10000,7,173499750904,183711,37827,0.880311,28
QuickSort,det_med3,random,10000,8,173499750905,186353,37813,0.782047,30
QuickSort,det_med3,random,10000,9,173499750906,189432,37511,0.778690,30
QuickSort,det_med3,random,10000,10,173499750907,187620,37642,0.756246,29
QuickSort,det_med3,random,10000,11,173499750908,194786,37260,0.869154,29
QuickSort,det_med3,random,10000,12,173499750909,182933,37974,0.829413,26
QuickSort,det_med3,random,10000,13,173499750910,190989,37748,0.774532,27
QuickSort,det_med3,random,10000,14,173499750911,187803,37730,0.787938,31
QuickSort,det_med3,random,10000,15,173499750912,188682,37575,0.745603,27
QuickSort,det_med3,random,10000,16,173499750913,183057,37853,0.752038,30
QuickSort,det_med3,random,10000,17,173499750914,181719,38070,0.771612,29
QuickSort,det_med3,random,10000,18,173499750915,185980,37784,0.755425,28
QuickSort,det_med3,random,10000,19,173499750916,180324,37992,0.838372,27
QuickSort,det_med3,random,10000,20,173499750917,185989,37789,0.773631,27
QuickSort,det_med3,random,10000,21,173499750918,181825,37900,0.863837,27
QuickSort,det_med3,random,10000,22,173499750919,185597,38144,0.865580,28
QuickSort,det_med3,random,10000,23,173499750920,180461,38119,0.808620,28
QuickSort,det_med3,random,10000,24,173499750921,183345,37892,0.785503,30
QuickSort,det_med3,random,10000,25,173499750922,185599,37867,1.104454,27
QuickSort,det_med3,random,10000,26,173499750923,181904,37971,0.760484,31
QuickSort,det_med3,random,10000,27,173499750924,185000,38024,0.800433,29
QuickSort,det_med3,random,10000,28,173499750925,184330,37697,0.832709,28
QuickSort,det_med3,random,10000,29,173499750926,188459,37476,0.824819,30
QuickSort,det_med3,random,10000,30,173499750927,186490,38128,0.763879,26
QuickSort,det_med3,random,10000,31,173499750928,190446,37808,0.759494,31
QuickSort,det_med3,random,10000,32,173499750929,187035,37609,0.759365,30
QuickSort,det_med3,random,10000,33,173499750930,181461,38003,0.759335,28
QuickSort,det_med3,random,10000,34,173499750931,178949,38076,0.773434,28
QuickSort,det_med3,random,10000,35,173499750932,181659,37852,0.845817,29
QuickSort,det_med3,random,10000,36,173499750933,185139,37570,0.800056,28
QuickSort,det_med3,random,10000,37,173499750934,184487,37664,0.786769,29
QuickSort,det_med3,random,10000,38,173499750935,175791,38295,0.770176,26
QuickSort,det_med3,random,10000,39,173499750936,184749,37847,0.761295,27
QuickSort,det_med3,random,10000,40,173499750937,182769,38023,0.788740,27
QuickSort,det_med3,random,10000,41,173499750938,185162,37922,0.769830,28
QuickSort,det_med3,random,10000,42,173499750939,184607,37920,0.816056,28
QuickSort,det_med3,random,10000,43,173499750940,185091,37954,0.774512,26
QuickSort,det_med3,random,10000,44,173499750941,186333,37633,0.951428,26
QuickSort,det_med3,random,10000,45,173499750942,184131,38005,0.885074,32
QuickSort,det_med3,random,10000,46,173499750943,187788,37840,1.012080,29
QuickSort,det_med3,random,10000,47,173499750944,177278,38031,0.888035,25
QuickSort,det_med3,random,10000,48,173499750945,182402,38161,1.100395,26
QuickSort,det_med3,random,10000,49,173499750946,191126,37540,0.826501,30
QuickSort,det_med3,random,10000,50,173499750947,181513,37795,0.779869,27
QuickSort,det_med3,random,10000,51,173499750948,183455,38045,0.826046,29
QuickSort,det_med3,random,10000,52,173499750949,178439,37834,0.815878,26
QuickSort,det_med3,random,10000,53,173499750950,181935,38027,0.851105,27
QuickSort,det_med3,random,10000,54,173499750951,189360,37967,0.774345,27
QuickSort,det_med3,random,10000,55,173499750952,190151,37718,0.767463,29
QuickSort,det_med3,random,10000,56,173499750953,191141,37973,0.838016,28
QuickSort,det_med3,random,10000,57,173499750954,182325,37903,1.023932,27
QuickSort,det_med3,random,10000,58,173499750955,186644,38025,0.751137,29
QuickSort,det_med3,random,10000,59,173499750956,180046,37950,0.944796,27
QuickSort,det_med3,random,10000,60,173499750957,184098,37805,0.978804,26
QuickSort,det_med3,random,10000,61,173499750958,179909,38114,0.775602,27
QuickSort,det_med3,random,10000,62,173499750959,174883,38436,0.763612,26
QuickSort,det_med3,random,10000,63,173499750960,185022,38119,0.843838,27
QuickSort,det_med3,random,10000,64,173499750961,181937,38068,0.765632,26
QuickSort,det_med3,random,10000,65,173499750962,182252,37946,0.772988,27
QuickSort,det_med3,random,10000,66,173499750963,185707,37909,0.768107,26
QuickSort,det_med3,random,10000,67,173499750964,195806,37465,0.811630,32
QuickSort,det_med3,random,10000,68,173499750965,182730,37888,0.946142,31
QuickSort,det_med3,random,10000,69,173499750966,182432,38175,0.826848,32
QuickSort,det_med3,random,10000,70,173499750967,182360,37855,0.777235,29
QuickSort,det_med3,random,10000,71,173499750968,184515,37811,0.758563,28
QuickSort,det_med3,random,10000,72,173499750969,177137,37879,0.851431,25
QuickSort,det_med3,random,10000,73,173499750970,183961,37912,0.809729,28
QuickSort,det_med3,random,10000,74,173499750971,178349,38029,0.904677,27
QuickSort,det_med3,random,10000,75,173499750972,189242,37517,0.891529,29
QuickSort,det_med3,random,10000,76,173499750973,192810,37435,0.839204,31
QuickSort,det_med3,random,10000,77,173499750974,187710,37682,0.773206,27
QuickSort,det_med3,random,10000,78,173499750975,186253,37882,0.753385,29
QuickSort,det_med3,random,10000,79,173499750976,178815,38254,0.785255,27
QuickSort,det_med3,random,10000,80,173499750977,188035,37840,0.757959,30
QuickSort,det_med3,random,10000,81,173499750978,180679,38034,0.796265,26
QuickSort,det_med3,random,10000,82,173499750979,177518,38214,0.781997,28
QuickSort,det_med3,random,10000,83,173499750980,186753,37913,0.814788,28
QuickSort,det_med3,random,10000,84,173499750981,183545,37824,0.807304,29
QuickSort,det_med3,random,10000,85,173499750982,189747,37663,0.750909,30
QuickSort,det_med3,random,10000,86,173499750983,179016,37972,0.750811,26
QuickSort,det_med3,random,10000,87,173499750984,179570,37999,0.769503,26
QuickSort,det_med3,random,10000,88,173499750985,182718,37919,0.755750,27
QuickSort,det_med3,random,10000,89,173499750986,183001,37660,0.758642,30
QuickSort,det_med3,random,10000,90,173499750987,183967,37905,0.753830,29
QuickSort,det_med3,random,10000,91,173499750988,183440,38018,0.754176,28
QuickSort,det_med3,random,10000,92,173499750989,177815,38208,0.978853,26
QuickSort,det_med3,random,10000,93,173499750990,180592,37951,0.879519,27
QuickSort,det_med3,random,10000,94,173499750991,200676,37100,0.832848,33
QuickSort,det_med3,random,10000,95,173499750992,181632,37885,0.761137,31
QuickSort,det_med3,random,10000,96,173499750993,196726,37471,0.762553,31
QuickSort,det_med3,random,10000,97,173499750994,177485,38250,0.768919,27
QuickSort,det_med3,random,10000,98,173499750995,184857,37922,0.760345,29
QuickSort,det_med3,random,10000,99,173499750996,180944,37881,0.765780,26
QuickSort,det_med3,random,5000,0,166345946037,83733,17847,0.427206,26
QuickSort,det_med3,random,5000,1,166345946038,83705,17821,0.382902,25
QuickSort,det_med3,random,5000,2,166345946039,86275,17753,0.386684,27
QuickSort,det_med3,random,5000,3,166345946040,85701,17782,0.407271,25
QuickSort,det_med3,random,5000,4,166345946041,83688,17804,0.405411,25
QuickSort,det_med3,random,5000,5,166345946042,86419,17751,0.409866,27
QuickSort,det_med3,random,5000,6,166345946043,81712,17990,0.405994,24
QuickSort,det_med3,random,5000,7,166345946044,82836,17842,0.414211,23
QuickSort,det_med3,random,5000,8,166345946045,89069,17588,0.466450,27
QuickSort,det_med3,random,5000,9,166345946046,84758,17837,0.455365,26
QuickSort,det_med3,random,5000,10,166345946047,88617,17708,0.403078,26
QuickSort,det_med3,random,5000,11,166345946048,86848,17741,0.412773,26
QuickSort,det_med3,random,5000,12,166345946049,87432,17665,0.435452,24
QuickSort,det_med3,random,5000,13,166345946050,86056,17802,0.417530,27
QuickSort,det_med3,random,5000,14,166345946051,82414,17910,0.407955,23
QuickSort,det_med3,random,5000,15,166345946052,87227,17580,0.490637,28
QuickSort,det_med3,random,5000,16,166345946053,86174,17697,0.366096,28
QuickSort,det_med3,random,5000,17,166345946054,82162,17921,0.391824,23
QuickSort,det_med3,random,5000,18,166345946055,84361,17861,0.399327,25
QuickSort,det_med3,random,5000,19,166345946056,85242,17637,0.569748,27
QuickSort,det_med3,random,5000,20,166345946057,84321,17915,0.427718,25
QuickSort,det_med3,random,5000,21,166345946058,83281,17844,0.420647,27
QuickSort,det_med3,random,5000,22,166345946059,85388,17856,0.440028,25
QuickSort,det_med3,random,5000,23,166345946060,85005,17835,0.637253,27
QuickSort,det_med3,random,5000,24,166345946061,88114,17540,0.389933,29
QuickSort,det_med3,random,5000,25,166345946062,88032,17797,0.424802,26
QuickSort,det_med3,random,5000,26,166345946063,84194,17828,0.532626,26
QuickSort,det_med3,random,5000,27,166345946064,85363,17762,0.444454,24
QuickSort,det_med3,random,5000,28,166345946065,82390,18038,0.444895,26
QuickSort,det_med3,random,5000,29,166345946066,87878,17681,0.365684,25
QuickSort,det_med3,random,5000,30,166345946067,85279,17773,0.507905,28
QuickSort,det_med3,random,5000,31,166345946068,88250,17739,0.397617,25
QuickSort,det_med3,random,5000,32,166345946069,84778,17722,0.455858,24
QuickSort,det_med3,random,5000,33,166345946070,85447,17895,0.383859,25
QuickSort,det_med3,random,5000,34,166345946071,85566,17740,0.366942,25
QuickSort,det_med3,random,5000,35,166345946072,86305,17743,0.364407,26
QuickSort,det_med3,random,5000,36,166345946073,82502,17975,0.367193,22
QuickSort,det_med3,random,5000,37,166345946074,84145,17920,0.380961,25
QuickSort,det_med3,random,5000,38,166345946075,82755,17843,0.363723,24
QuickSort,det_med3,random,5000,39,166345946076,87112,17810,0.400865,26
QuickSort,det_med3,random,5000,40,166345946077,84556,17920,0.447983,25
QuickSort,det_med3,random,5000,41,166345946078,84235,17837,0.469044,23
QuickSort,det_med3,random,5000,42,166345946079,82668,17790,0.416997,22
QuickSort,det_med3,random,5000,43,166345946080,84656,17789,0.408640,26
QuickSort,det_med3,random,5000,44,166345946081,84293,17695,0.396279,27
QuickSort,det_med3,random,5000,45,166345946082,84718,17793,0.369707,26
QuickSort,det_med3,random,5000,46,166345946083,82355,18011,0.434175,23
QuickSort,det_med3,random,5000,47,166345946084,85382,17761,0.391663,24
QuickSort,det_med3,random,5000,48,166345946085,90263,17663,0.387409,27
QuickSort,det_med3,random,5000,49,166345946086,86353,17640,0.381384,26
QuickSort,det_med3,random,5000,50,166345946087,86312,17796,0.418203,26
QuickSort,det_med3,random,5000,51,166345946088,89438,17631,0.417872,25
QuickSort,det_med3,random,5000,52,166345946089,81183,17929,0.391904,22
QuickSort,det_med3,random,5000,53,166345946090,84022,17988,0.532325,25
QuickSort,det_med3,random,5000,54,166345946091,92169,17411,0.396279,27
QuickSort,det_med3,random,5000,55,166345946092,82476,17979,0.439003,23
QuickSort,det_med3,random,5000,56,166345946093,83142,17725,0.417731,24
QuickSort,det_med3,random,5000,57,166345946094,84839,17733,0.415036,30
QuickSort,det_med3,random,5000,58,166345946095,87570,17546,0.409877,28
QuickSort,det_med3,random,5000,59,166345946096,86251,17718,0.417691,28
QuickSort,det_med3,random,5000,60,166345946097,83670,17768,0.437766,23
QuickSort,det_med3,random,5000,61,166345946098,89718,17678,0.407090,29
QuickSort,det_med3,random,5000,62,166345946099,83466,17858,0.407071,24
QuickSort,det_med3,random,5000,63,166345946100,90996,17614,0.434547,27
QuickSort,det_med3,random,5000,64,166345946101,82365,18022,0.432334,23
QuickSort,det_med3,random,5000,65,166345946102,86466,17789,0.410681,27
QuickSort,det_med3,random,5000,66,166345946103,86077,17637,0.383093,28
QuickSort,det_med3,random,5000,67,166345946104,84340,17926,0.389269,27
QuickSort,det_med3,random,5000,68,166345946105,87712,17614,0.402655,28
QuickSort,det_med3,random,5000,69,166345946106,88218,17488,0.367414,27
QuickSort,det_med3,random,5000,70,166345946107,83722,17862,0.371648,24
QuickSort,det_med3,random,5000,71,166345946108,84650,17787,0.428100,27
QuickSort,det_med3,random,5000,72,166345946109,84948,17815,0.369345,24
QuickSort,det_med3,random,5000,73,166345946110,85162,17870,0.364960,29
QuickSort,det_med3,random,5000,74,166345946111,88102,17625,0.378216,29
QuickSort,det_med3,random,5000,75,166345946112,84661,17785,0.412169,27
QuickSort,det_med3,random,5000,76,166345946113,82071,17870,0.530434,22
QuickSort,det_med3,random,5000,77,166345946114,86476,17769,0.429217,25
QuickSort,det_med3,random,5000,78,166345946115,86773,17677,0.377100,24
QuickSort,det_med3,random,5000,79,166345946116,83578,17842,1.955677,23
QuickSort,det_med3,random,5000,80,166345946117,85707,17712,0.512643,24
QuickSort,det_med3,random,5000,81,166345946118,87276,17803,0.429599,27
QuickSort,det_med3,random,5000,82,166345946119,84697,17744,0.632677,24
QuickSort,det_med3,random,5000,83,166345946120,90107,17641,0.381132,26
QuickSort,det_med3,random,5000,84,166345946121,89773,17740,0.380187,25
QuickSort,det_med3,random,5000,85,166345946122,84841,17799,0.392256,24
QuickSort,det_med3,random,5000,86,166345946123,83670,17828,0.381625,26
QuickSort,det_med3,random,5000,87,166345946124,81952,17927,0.434738,26
QuickSort,det_med3,random,5000,88,166345946125,83893,17832,0.396048,24
QuickSort,det_med3,random,5000,89,166345946126,81371,17855,0.404043,21
QuickSort,det_med3,random,5000,90,166345946127,83822,17828,0.391864,27
QuickSort,det_med3,random,5000,91,166345946128,83897,17788,0.400321,27
QuickSort,det_med3,random,5000,92,166345946129,83781,17915,0.453243,29
QuickSort,det_med3,random,5000,93,166345946130,89440,17719,0.363512,31
QuickSort,det_med3,random,5000,94,166345946131,85686,17816,0.368501,26
QuickSort,det_med3,random,5000,95,166345946132,90195,17671,0.507111,28
QuickSort,det_med3,random,5000,96,166345946133,84283,17757,0.399789,23
QuickSort,det_med3,random,5000,97,166345946134,85002,17820,0.370944,25
QuickSort,det_med3,random,5000,98,166345946135,84820,17728,0.363181,26
QuickSort,det_med3,random,5000,99,166345946136,82200,18041,0.396641,25
QuickSort,det_med3,random,5000,100,166345946137,83610,17864,0.378085,26
QuickSort,det_med3,random,5000,101,166345946138,81096,18015,0.404315,25
QuickSort,det_med3,random,5000,102,166345946139,85888,17731,0.389651,28
QuickSort,det_med3,random,5000,103,166345946140,84208,17920,0.386513,25
QuickSort,det_med3,random,5000,104,166345946141,82638,18002,0.376165,23
QuickSort,det_med3,random,5000,105,166345946142,87510,17604,0.360716,25
QuickSort,det_med3,random,5000,106,166345946143,84258,17836,0.385287,26
QuickSort,det_med3,random,5000,107,166345946144,89820,17538,0.364166,27
QuickSort,det_med3,random,5000,108,166345946145,84464,17818,0.362567,26
QuickSort,det_med3,random,5000,109,166345946146,81767,17876,0.381344,23
QuickSort,det_med3,random,5000,110,166345946147,84384,17925,0.368873,24
QuickSort,det_med3,random,5000,111,166345946148,83289,17869,0.378840,25
QuickSort,det_med3,random,5000,112,166345946149,85247,17877,0.373550,31
QuickSort,det_med3,random,5000,113,166345946150,83987,17834,0.422388,24
QuickSort,det_med3,random,5000,114,166345946151,85683,17773,0.371236,30
QuickSort,det_med3,random,5000,115,166345946152,84832,17693,0.374414,23
QuickSort,det_med3,random,5000,116,166345946153,84632,17764,0.363553,26
QuickSort,det_med3,random,5000,117,166345946154,86025,17898,0.365121,26
QuickSort,det_med3,random,5000,118,166345946155,84185,17890,0.431037,25
QuickSort,det_med3,random,5000,119,166345946156,84196,17745,0.392708,26
QuickSort,det_med3,random,5000,120,166345946157,85355,17802,0.366741,24
QuickSort,det_med3,random,5000,121,166345946158,84334,17907,0.365644,24
QuickSort,det_med3,random,5000,122,166345946159,85988,17839,0.367485,27
QuickSort,det_med3,random,5000,123,166345946160,86418,17726,0.365554,25
QuickSort,det_med3,random,5000,124,166345946161,87864,17645,0.383395,27
QuickSort,det_med3,random,5000,125,166345946162,82453,17740,0.366066,23
QuickSort,det_med3,random,5000,126,166345946163,85068,17769,0.371910,27
QuickSort,det_med3,random,5000,127,166345946164,84949,17802,0.364326,25
QuickSort,det_med3,random,5000,128,166345946165,87402,17748,0.372996,27
QuickSort,det_med3,random,5000,129,166345946166,82970,17962,0.378859,25
QuickSort,det_med3,random,5000,130,166345946167,83966,17877,0.365725,26
QuickSort,det_med3,random,5000,131,166345946168,83991,17838,0.364478,25
QuickSort,det_med3,random,5000,132,166345946169,85764,17616,0.378226,26
QuickSort,det_med3,random,5000,133,166345946170,88605,17769,0.365162,26
QuickSort,det_med3,random,5000,134,166345946171,84994,17890,0.373841,25
QuickSort,det_med3,random,5000,135,166345946172,83454,17777,0.371015,25
QuickSort,det_med3,random,5000,136,166345946173,83427,17805,0.362376,25
QuickSort,det_med3,random,5000,137,166345946174,83045,17959,0.366197,25
QuickSort,det_med3,random,5000,138,166345946175,84007,17868,0.372724,24
QuickSort,det_med3,random,5000,139,166345946176,85706,17660,0.366157,25
QuickSort,det_med3,random,5000,140,166345946177,81916,17830,0.393130,23
QuickSort,det_med3,random,5000,141,166345946178,84768,17866,0.378427,27
QuickSort,det_med3,random,5000,142,166345946179,82934,17943,0.370895,25
QuickSort,det_med3,random,5000,143,166345946180,85167,17685,0.383798,24
QuickSort,det_med3,random,5000,144,166345946181,85336,17753,0.432736,25
QuickSort,det_med3,random,5000,145,166345946182,82932,17906,0.383727,23
QuickSort,det_med3,random,5000,146,166345946183,87389,17734,0.360465,27
QuickSort,det_med3,random,5000,147,166345946184,85890,17736,0.360213,26
QuickSort,det_med3,random,5000,148,166345946185,89827,17454,0.356381,28
QuickSort,det_med3,random,5000,149,166345946186,87199,17765,0.361089,27
QuickSort,det_med3,random,5000,150,166345946187,84288,17799,0.387619,24
QuickSort,det_med3,random,5000,151,166345946188,85174,17693,0.390556,23
QuickSort,det_med3,random,5000,152,166345946189,82338,17920,0.377522,22
QuickSort,det_med3,random,5000,153,166345946190,83979,17858,0.367556,24
QuickSort,det_med3,random,5000,154,166345946191,84752,17888,0.372956,25
QuickSort,det_med3,random,5000,155,166345946192,85992,17704,0.456140,31
QuickSort,det_med3,random,5000,156,166345946193,86153,17716,0.360767,26
QuickSort,det_med3,random,5000,157,166345946194,83218,17809,0.375943,24
QuickSort,det_med3,random,5000,158,166345946195,85556,17746,0.404083,26
QuickSort,det_med3,random,5000,159,166345946196,86816,17763,0.514421,25
QuickSort,det_med3,random,5000,160,166345946197,82166,17904,0.411515,22
QuickSort,det_med3,random,5000,161,166345946198,87913,17695,0.388415,25
QuickSort,det_med3,random,5000,162,166345946199,82251,17903,0.389933,25
QuickSort,det_med3,random,5000,163,166345946200,84358,17733,0.405089,24
QuickSort,det_med3,random,5000,164,166345946201,86536,17529,0.363632,26
QuickSort,det_med3,random,5000,165,166345946202,85994,17755,0.456191,27
QuickSort,det_med3,random,5000,166,166345946203,87236,17662,0.401488,29
QuickSort,det_med3,random,5000,167,166345946204,86819,17768,0.660787,27
QuickSort,det_med3,random,5000,168,166345946205,85522,17691,0.383587,25
QuickSort,det_med3,random,5000,169,166345946206,81383,17918,0.386161,26
QuickSort,det_med3,random,5000,170,166345946207,83152,17863,0.379735,24
QuickSort,det_med3,random,5000,171,166345946208,83758,17812,0.364186,27
QuickSort,det_med3,random,5000,172,166345946209,81707,17847,0.383275,26
QuickSort,det_med3,random,5000,173,166345946210,90196,17661,0.357317,31
QuickSort,det_med3,random,5000,174,166345946211,81424,18001,0.369526,23
QuickSort,det_med3,random,5000,175,166345946212,84659,17846,0.364507,26
QuickSort,det_med3,random,5000,176,166345946213,85388,17670,0.362074,28
QuickSort,det_med3,random,5000,177,166345946214,84778,17777,0.366831,25
QuickSort,det_med3,random,5000,178,166345946215,88428,17675,0.372987,24
QuickSort,det_med3,random,5000,179,166345946216,86561,17870,0.365473,25
QuickSort,det_med3,random,5000,180,166345946217,83348,17804,0.368189,25
QuickSort,det_med3,random,5000,181,166345946218,83735,17786,0.384864,25
QuickSort,det_med3,random,5000,182,166345946219,88545,17578,0.401620,26
QuickSort,det_med3,random,5000,183,166345946220,88463,17667,0.687891,25
QuickSort,det_med3,random,5000,184,166345946221,82790,17888,0.404144,28
QuickSort,det_med3,random,5000,185,166345946222,81780,17820,0.525556,23
QuickSort,det_med3,random,5000,186,166345946223,85370,17903,0.433010,28
QuickSort,det_med3,random,5000,187,166345946224,85369,17740,0.387459,24
QuickSort,det_med3,random,5000,188,166345946225,89060,17593,0.386644,27
QuickSort,det_med3,random,5000,189,166345946226,82299,17936,0.386242,23
QuickSort,det_med3,random,5000,190,166345946227,83563,17847,0.444735,24
QuickSort,det_med3,random,5000,191,166345946228,84391,17795,0.474324,25
QuickSort,det_med3,random,5000,192,166345946229,88031,17844,0.421654,29
QuickSort,det_med3,random,5000,193,166345946230,82169,17931,0.410510,25
QuickSort,det_med3,random,5000,194,166345946231,86929,17693,0.361500,24
QuickSort,det_med3,random,5000,195,166345946232,88529,17723,0.384401,31
QuickSort,det_med3,random,5000,196,166345946233,85715,17638,0.361309,27
QuickSort,det_med3,random,5000,197,166345946234,87417,17706,0.360394,27
QuickSort,det_med3,random,5000,198,166345946235,87277,17806,0.610852,23
QuickSort,det_med3,random,5000,199,166345946236,83217,17819,0.662496,26
QuickSort,det_med3,random,50000,0,186014282363,1063509,216200,4.657912,34
QuickSort,det_med3,random,50000,1,186014282364,1043162,217462,4.435444,32
QuickSort,det_med3,random,50000,2,186014282365,1107339,214850,4.513598,34
QuickSort,det_med3,random,50000,3,186014282366,1064704,216959,4.433530,35
QuickSort,det_med3,random,50000,4,186014282367,1059780,217320,4.374464,32
QuickSort,det_med3,random,50000,5,186014282368,1089591,216492,4.469792,37
QuickSort,det_med3,random,50000,6,186014282369,1070508,215907,4.298243,34
QuickSort,det_med3,random,50000,7,186014282370,1098355,216153,4.371708,40
QuickSort,det_med3,random,50000,8,186014282371,1062067,216671,4.700026,33
QuickSort,det_med3,random,50000,9,186014282372,1248328,213277,4.424232,41
QuickSort,det_med3,random,50000,10,186014282373,1038154,218225,4.890071,32
QuickSort,det_med3,random,50000,11,186014282374,1058440,216991,4.563627,34
QuickSort,det_med3,random,50000,12,186014282375,1044164,217451,4.500763,33
QuickSort,det_med3,random,50000,13,186014282376,1048364,217520,4.374785,32
QuickSort,det_med3,random,50000,14,186014282377,1064037,216984,4.384484,32
QuickSort,det_med3,random,50000,15,186014282378,1078889,215901,4.990861,35
QuickSort,det_med3,random,50000,16,186014282379,1090856,215864,4.866344,33
QuickSort,det_med3,random,50000,17,186014282380,1113051,215162,4.652913,36
QuickSort,det_med3,random,50000,18,186014282381,1073991,215955,4.395104,35
QuickSort,det_med3,random,50000,19,186014282382,1090832,215841,4.303534,36
QuickSort,det_med3,random,50000,20,186014282383,1098042,216092,4.381818,35
QuickSort,det_med3,random,50000,21,186014282384,1058123,217326,4.467187,33
QuickSort,det_med3,random,50000,22,186014282385,1053969,217322,4.410775,32
QuickSort,det_med3,random,50000,23,186014282386,1109957,215701,4.317241,35
QuickSort,det_med3,random,50000,24,186014282387,1034903,217645,4.377039,32
QuickSort,det_med3,random,50000,25,186014282388,1076682,215904,4.370716,33
QuickSort,det_med3,random,50000,26,186014282389,1059158,217403,4.427899,33
QuickSort,det_med3,random,50000,27,186014282390,1085374,217163,4.461746,35
QuickSort,det_med3,random,50000,28,186014282391,1053374,217566,5.277908,34
QuickSort,det_med3,random,50000,29,186014282392,1040008,217890,4.529840,32
QuickSort,det_med3,reverse,1000,0,165720761737,11803,1830,0.020462,10
QuickSort,det_med3,reverse,1000,1,165720761738,11803,1830,0.017070,10
QuickSort,det_med3,reverse,1000,2,165720761739,11803,1830,0.016657,10
QuickSort,det_med3,reverse,1000,3,165720761740,11803,1830,0.015329,10
QuickSort,det_med3,reverse,1000,4,165720761741,11803,1830,0.015249,10
QuickSort,det_med3,reverse,1000,5,165720761742,11803,1830,0.015097,10
QuickSort,det_med3,reverse,1000,6,165720761743,11803,1830,0.015117,10
QuickSort,det_med3,reverse,1000,7,165720761744,11803,1830,0.015097,10
QuickSort,det_med3,reverse,1000,8,165720761745,11803,1830,0.014977,10
QuickSort,det_med3,reverse,1000,9,165720761746,11803,1830,0.014866,10
QuickSort,det_med3,reverse,1000,10,165720761747,11803,1830,0.014715,10
QuickSort,det_med3,reverse,1000,11,165720761748,11803,1830,0.019466,10
QuickSort,det_med3,reverse,1000,12,165720761749,11803,1830,0.023501,10
QuickSort,det_med3,reverse,1000,13,165720761750,11803,1830,0.015188,10
QuickSort,det_med3,reverse,1000,14,165720761751,11803,1830,0.022445,10
QuickSort,det_med3,reverse,1000,15,165720761752,11803,1830,0.023360,10
QuickSort,det_med3,reverse,1000,16,165720761753,11803,1830,0.015078,10
QuickSort,det_med3,reverse,1000,17,165720761754,11803,1830,0.015147,10
QuickSort,det_med3,reverse,1000,18,165720761755,11803,1830,0.015208,10
QuickSort,det_med3,reverse,1000,19,165720761756,11803,1830,0.014745,10
QuickSort,det_med3,reverse,1000,20,165720761757,11803,1830,0.014745,10
QuickSort,det_med3,reverse,1000,21,165720761758,11803,1830,0.015077,10
QuickSort,det_med3,reverse,1000,22,165720761759,11803,1830,0.014917,10
QuickSort,det_med3,reverse,1000,23,165720761760,11803,1830,0.014977,10
QuickSort,det_med3,reverse,1000,24,165720761761,11803,1830,0.014947,10
QuickSort,det_med3,reverse,1000,25,165720761762,11803,1830,0.015037,10
QuickSort,det_med3,reverse,1000,26,165720761763,11803,1830,0.014846,10
QuickSort,det_med3,reverse,1000,27,165720761764,11803,1830,0.014976,10
QuickSort,det_med3,reverse,1000,28,165720761765,11803,1830,0.015127,10
QuickSort,det_med3,reverse,1000,29,165720761766,11803,1830,0.015067,10
QuickSort,det_med3,reverse,1000,30,165720761767,11803,1830,0.015027,10
QuickSort,det_med3,reverse,1000,31,165720761768,11803,1830,0.015057,10
QuickSort,det_med3,reverse,1000,32,165720761769,11803,1830,0.014936,10
QuickSort,det_med3,reverse,1000,33,165720761770,11803,1830,0.022032,10
QuickSort,det_med3,reverse,1000,34,165720761771,11803,1830,0.020009,10
QuickSort,det_med3,reverse,1000,35,165720761772,11803,1830,0.015117,10
QuickSort,det_med3,reverse,1000,36,165720761773,11803,1830,0.014956,10
QuickSort,det_med3,reverse,1000,37,165720761774,11803,1830,0.014815,10
QuickSort,det_med3,reverse,1000,38,165720761775,11803,1830,0.015017,10
QuickSort,det_med3,reverse,1000,39,165720761776,11803,1830,0.014907,10
QuickSort,det_med3,reverse,1000,40,165720761777,11803,1830,0.015118,10
QuickSort,det_med3,reverse,1000,41,165720761778,11803,1830,0.015057,10
QuickSort,det_med3,reverse,1000,42,165720761779,11803,1830,0.015027,10
QuickSort,det_med3,reverse,1000,43,165720761780,11803,1830,0.015107,10
QuickSort,det_med3,reverse,1000,44,165720761781,11803,1830,0.015590,10
QuickSort,det_med3,reverse,1000,45,165720761782,11803,1830,0.023663,10
QuickSort,det_med3,reverse,1000,46,165720761783,11803,1830,0.015158,10
QuickSort,det_med3,reverse,1000,47,165720761784,11803,1830,0.015108,10
QuickSort,det_med3,reverse,1000,48,165720761785,11803,1830,0.015148,10
QuickSort,det_med3,reverse,1000,49,165720761786,11803,1830,0.014916,10
QuickSort,det_med3,reverse,1000,50,165720761787,11803,1830,0.015188,10
QuickSort,det_med3,reverse,1000,51,165720761788,11803,1830,0.015167,10
QuickSort,det_med3,reverse,1000,52,165720761789,11803,1830,0.015137,10
QuickSort,det_med3,reverse,1000,53,165720761790,11803,1830,0.015007,10
QuickSort,det_med3,reverse,1000,54,165720761791,11803,1830,0.014956,10
QuickSort,det_med3,reverse,1000,55,165720761792,11803,1830,0.014906,10
QuickSort,det_med3,reverse,1000,56,165720761793,11803,1830,0.014916,10
QuickSort,det_med3,reverse,1000,57,165720761794,11803,1830,0.014775,10
QuickSort,det_med3,reverse,1000,58,165720761795,11803,1830,0.014896,10
QuickSort,det_med3,reverse,1000,59,165720761796,11803,1830,0.014775,10
QuickSort,det_med3,reverse,1000,60,165720761797,11803,1830,0.014916,10
QuickSort,det_med3,reverse,1000,61,165720761798,11803,1830,0.014876,10
QuickSort,det_med3,reverse,1000,62,165720761799,11803,1830,0.015167,10
QuickSort,det_med3,reverse,1000,63,165720761800,11803,1830,0.014856,10
QuickSort,det_med3,reverse,1000,64,165720761801,11803,1830,0.014916,10
QuickSort,det_med3,reverse,1000,65,165720761802,11803,1830,0.014956,10
QuickSort,det_med3,reverse,1000,66,165720761803,11803,1830,0.014896,10
QuickSort,det_med3,reverse,1000,67,165720761804,11803,1830,0.014674,10
QuickSort,det_med3,reverse,1000,68,165720761805,11803,1830,0.021126,10
QuickSort,det_med3,reverse,1000,69,165720761806,11803,1830,0.020613,10
QuickSort,det_med3,reverse,1000,70,165720761807,11803,1830,0.022857,10
QuickSort,det_med3,reverse,1000,71,165720761808,11803,1830,0.023451,10
QuickSort,det_med3,reverse,1000,72,165720761809,11803,1830,0.021036,10
QuickSort,det_med3,reverse,1000,73,165720761810,11803,1830,0.020985,10
QuickSort,det_med3,reverse,1000,74,165720761811,11803,1830,0.019798,10
QuickSort,det_med3,reverse,1000,75,165720761812,11803,1830,0.020099,10
QuickSort,det_med3,reverse,1000,76,165720761813,11803,1830,0.020240,10
QuickSort,det_med3,reverse,1000,77,165720761814,11803,1830,0.020522,10
QuickSort,det_med3,reverse,1000,78,165720761815,11803,1830,0.020372,10
QuickSort,det_med3,reverse,1000,79,165720761816,11803,1830,0.019173,10
QuickSort,det_med3,reverse,1000,80,165720761817,11803,1830,0.022727,10
QuickSort,det_med3,reverse,1000,81,165720761818,11803,1830,0.023763,10
QuickSort,det_med3,reverse,1000,82,165720761819,11803,1830,0.021589,10
QuickSort,det_med3,reverse,1000,83,165720761820,11803,1830,0.020834,10
QuickSort,det_med3,reverse,1000,84,165720761821,11803,1830,0.021539,10
QuickSort,det_med3,reverse,1000,85,165720761822,11803,1830,0.021398,10
QuickSort,det_med3,reverse,1000,86,165720761823,11803,1830,0.021408,10
QuickSort,det_med3,reverse,1000,87,165720761824,11803,1830,0.021680,10
QuickSort,det_med3,reverse,1000,88,165720761825,11803,1830,0.022757,10
QuickSort,det_med3,reverse,1000,89,165720761826,11803,1830,0.022173,10
QuickSort,det_med3,reverse,1000,90,165720761827,11803,1830,0.024146,10
QuickSort,det_med3,reverse,1000,91,165720761828,11803,1830,0.025162,10
QuickSort,det_med3,reverse,1000,92,165720761829,11803,1830,0.022656,10
QuickSort,det_med3,reverse,1000,93,165720761830,11803,1830,0.019918,10
QuickSort,det_med3,reverse,1000,94,165720761831,11803,1830,0.022334,10
QuickSort,det_med3,reverse,1000,95,165720761832,11803,1830,0.020764,10
QuickSort,det_med3,reverse,1000,96,165720761833,11803,1830,0.021398,10
QuickSort,det_med3,reverse,1000,97,165720761834,11803,1830,0.049328,10
QuickSort,det_med3,reverse,1000,98,165720761835,11803,1830,0.020180,10
QuickSort,det_med3,reverse,1000,99,165720761836,11803,1830,0.014906,10
QuickSort,det_med3,reverse,1000,100,165720761837,11803,1830,0.014886,10
QuickSort,det_med3,reverse,1000,101,165720761838,11803,1830,0.015108,10
QuickSort,det_med3,reverse,1000,102,165720761839,11803,1830,0.014825,10
QuickSort,det_med3,reverse,1000,103,165720761840,11803,1830,0.014967,10
QuickSort,det_med3,reverse,1000,104,165720761841,11803,1830,0.016275,10
QuickSort,det_med3,reverse,1000,105,165720761842,11803,1830,0.022887,10
QuickSort,det_med3,reverse,1000,106,165720761843,11803,1830,0.016476,10
QuickSort,det_med3,reverse,1000,107,165720761844,11803,1830,0.015168,10
QuickSort,det_med3,reverse,1000,108,165720761845,11803,1830,0.015077,10
QuickSort,det_med3,reverse,1000,109,165720761846,11803,1830,0.015087,10
QuickSort,det_med3,reverse,1000,110,165720761847,11803,1830,0.014926,10
QuickSort,det_med3,reverse,1000,111,165720761848,11803,1830,0.015027,10
QuickSort,det_med3,reverse,1000,112,165720761849,11803,1830,0.015087,10
QuickSort,det_med3,reverse,1000,113,165720761850,11803,1830,0.015007,10
QuickSort,det_med3,reverse,1000,114,165720761851,11803,1830,0.015641,10
QuickSort,det_med3,reverse,1000,115,165720761852,11803,1830,0.018016,10
QuickSort,det_med3,reverse,1000,116,165720761853,11803,1830,0.024417,10
QuickSort,det_med3,reverse,1000,117,165720761854,11803,1830,0.020764,10
QuickSort,det_med3,reverse,1000,118,165720761855,11803,1830,0.019083,10
QuickSort,det_med3,reverse,1000,119,165720761856,11803,1830,0.025706,10
QuickSort,det_med3,reverse,1000,120,165720761857,11803,1830,0.014896,10
QuickSort,det_med3,reverse,1000,121,165720761858,11803,1830,0.014977,10
QuickSort,det_med3,reverse,1000,122,165720761859,11803,1830,0.015006,10
QuickSort,det_med3,reverse,1000,123,165720761860,11803,1830,0.015218,10
QuickSort,det_med3,reverse,1000,124,165720761861,11803,1830,0.015157,10
QuickSort,det_med3,reverse,1000,125,165720761862,11803,1830,0.015128,10
QuickSort,det_med3,reverse,1000,126,165720761863,11803,1830,0.015097,10
QuickSort,det_med3,reverse,1000,127,165720761864,11803,1830,0.015198,10
QuickSort,det_med3,reverse,1000,128,165720761865,11803,1830,0.015158,10
QuickSort,det_med3,reverse,1000,129,165720761866,11803,1830,0.015027,10
QuickSort,det_med3,reverse,1000,130,165720761867,11803,1830,0.014997,10
QuickSort,det_med3,reverse,1000,131,165720761868,11803,1830,0.015268,10
QuickSort,det_med3,reverse,1000,132,165720761869,11803,1830,0.015057,10
QuickSort,det_med3,reverse,1000,133,165720761870,11803,1830,0.014996,10
QuickSort,det_med3,reverse,1000,134,165720761871,11803,1830,0.078365,10
QuickSort,det_med3,reverse,1000,135,165720761872,11803,1830,0.014896,10
QuickSort,det_med3,reverse,1000,136,165720761873,11803,1830,0.014856,10
QuickSort,det_med3,reverse,1000,137,165720761874,11803,1830,0.014766,10
QuickSort,det_med3,reverse,1000,138,165720761875,11803,1830,0.014866,10
QuickSort,det_med3,reverse,1000,139,165720761876,11803,1830,0.015088,10
QuickSort,det_med3,reverse,1000,140,165720761877,11803,1830,0.014775,10
QuickSort,det_med3,reverse,1000,141,165720761878,11803,1830,0.014987,10
QuickSort,det_med3,reverse,1000,142,165720761879,11803,1830,0.015249,10
QuickSort,det_med3,reverse,1000,143,165720761880,11803,1830,0.014865,10
QuickSort,det_med3,reverse,1000,144,165720761881,11803,1830,0.014937,10
QuickSort,det_med3,reverse,1000,145,165720761882,11803,1830,0.014956,10
QuickSort,det_med3,reverse,1000,146,165720761883,11803,1830,0.014806,10
QuickSort,det_med3,reverse,1000,147,165720761884,11803,1830,0.014715,10
QuickSort,det_med3,reverse,1000,148,165720761885,11803,1830,0.014966,10
QuickSort,det_med3,reverse,1000,149,165720761886,11803,1830,0.014856,10
QuickSort,det_med3,reverse,1000,150,165720761887,11803,1830,0.015007,10
QuickSort,det_med3,reverse,1000,151,165720761888,11803,1830,0.014916,10
QuickSort,det_med3,reverse,1000,152,165720761889,11803,1830,0.014836,10
QuickSort,det_med3,reverse,1000,153,165720761890,11803,1830,0.014785,10
QuickSort,det_med3,reverse,1000,154,165720761891,11803,1830,0.015047,10
QuickSort,det_med3,reverse,1000,155,165720761892,11803,1830,0.014947,10
QuickSort,det_med3,reverse,1000,156,165720761893,11803,1830,0.014946,10
QuickSort,det_med3,reverse,1000,157,165720761894,11803,1830,0.014997,10
QuickSort,det_med3,reverse,1000,158,165720761895,11803,1830,0.015208,10
QuickSort,det_med3,reverse,1000,159,165720761896,11803,1830,0.014997,10
QuickSort,det_med3,reverse,1000,160,165720761897,11803,1830,0.014966,10
QuickSort,det_med3,reverse,1000,161,165720761898,11803,1830,0.015087,10
QuickSort,det_med3,reverse,1000,162,165720761899,11803,1830,0.014786,10
QuickSort,det_med3,reverse,1000,163,165720761900,11803,1830,0.014916,10
QuickSort,det_med3,reverse,1000,164,165720761901,11803,1830,0.014957,10
QuickSort,det_med3,reverse,1000,165,165720761902,11803,1830,0.014906,10
QuickSort,det_med3,reverse,1000,166,165720761903,11803,1830,0.014735,10
QuickSort,det_med3,reverse,1000,167,165720761904,11803,1830,0.014816,10
QuickSort,det_med3,reverse,1000,168,165720761905,11803,1830,0.014785,10
QuickSort,det_med3,reverse,1000,169,165720761906,11803,1830,0.014977,10
QuickSort,det_med3,reverse,1000,170,165720761907,11803,1830,0.015278,10
QuickSort,det_med3,reverse,1000,171,165720761908,11803,1830,0.014896,10
QuickSort,det_med3,reverse,1000,172,165720761909,11803,1830,0.014775,10
QuickSort,det_med3,reverse,1000,173,165720761910,11803,1830,0.014886,10
QuickSort,det_med3,reverse,1000,174,165720761911,11803,1830,0.015027,10
QuickSort,det_med3,reverse,1000,175,165720761912,11803,1830,0.014866,10
QuickSort,det_med3,reverse,1000,176,165720761913,11803,1830,0.014976,10
QuickSort,det_med3,reverse,1000,177,165720761914,11803,1830,0.014997,10
QuickSort,det_med3,reverse,1000,178,165720761915,11803,1830,0.014866,10
QuickSort,det_med3,reverse,1000,179,165720761916,11803,1830,0.014997,10
QuickSort,det_med3,reverse,1000,180,165720761917,11803,1830,0.014956,10
QuickSort,det_med3,reverse,1000,181,165720761918,11803,1830,0.015098,10
QuickSort,det_med3,reverse,1000,182,165720761919,11803,1830,0.015188,10
QuickSort,det_med3,reverse,1000,183,165720761920,11803,1830,0.014896,10
QuickSort,det_med3,reverse,1000,184,165720761921,11803,1830,0.015248,10
QuickSort,det_med3,reverse,1000,185,165720761922,11803,1830,0.015037,10
QuickSort,det_med3,reverse,1000,186,165720761923,11803,1830,0.015047,10
QuickSort,det_med3,reverse,1000,187,165720761924,11803,1830,0.015067,10
QuickSort,det_med3,reverse,1000,188,165720761925,11803,1830,0.014906,10
QuickSort,det_med3,reverse,1000,189,165720761926,11803,1830,0.014966,10
QuickSort,det_med3,reverse,1000,190,165720761927,11803,1830,0.020019,10
QuickSort,det_med3,reverse,1000,191,165720761928,11803,1830,0.019767,10
QuickSort,det_med3,reverse,1000,192,165720761929,11803,1830,0.021096,10
QuickSort,det_med3,reverse,1000,193,165720761930,11803,1830,0.020431,10
QuickSort,det_med3,reverse,1000,194,165720761931,11803,1830,0.019012,10
QuickSort,det_med3,reverse,1000,195,165720761932,11803,1830,0.021891,10
QuickSort,det_med3,reverse,1000,196,165720761933,11803,1830,0.019697,10
QuickSort,det_med3,reverse,1000,197,165720761934,11803,1830,0.018962,10
QuickSort,det_med3,reverse,1000,198,165720761935,11803,1830,0.019023,10
QuickSort,det_med3,reverse,1000,199,165720761936,11803,1830,0.019204,10
QuickSort,det_med3,reverse,10000,0,184557303861,151645,18330,0.230600,14
QuickSort,det_med3,reverse,10000,1,184557303862,151645,18330,0.171918,14
QuickSort,det_med3,reverse,10000,2,184557303863,151645,18330,0.181288,14
QuickSort,det_med3,reverse,10000,3,184557303864,151645,18330,0.169955,14
QuickSort,det_med3,reverse,10000,4,184557303865,151645,18330,0.169023,14
QuickSort,det_med3,reverse,10000,5,184557303866,151645,18330,0.169364,14
QuickSort,det_med3,reverse,10000,6,184557303867,151645,18330,0.172510,14
QuickSort,det_med3,reverse,10000,7,184557303868,151645,18330,0.259641,14
QuickSort,det_med3,reverse,10000,8,184557303869,151645,18330,0.185938,14
QuickSort,det_med3,reverse,10000,9,184557303870,151645,18330,0.169283,14
QuickSort,det_med3,reverse,10000,10,184557303871,151645,18330,0.170194,14
QuickSort,det_med3,reverse,10000,11,184557303872,151645,18330,0.169774,14
QuickSort,det_med3,reverse,10000,12,184557303873,151645,18330,0.168251,14
QuickSort,det_med3,reverse,10000,13,184557303874,151645,18330,0.230210,14
QuickSort,det_med3,reverse,10000,14,184557303875,151645,18330,0.194606,14
QuickSort,det_med3,reverse,10000,15,184557303876,151645,18330,0.188203,14
QuickSort,det_med3,reverse,10000,16,184557303877,151645,18330,0.256925,14
QuickSort,det_med3,reverse,10000,17,184557303878,151645,18330,0.287840,14
QuickSort,det_med3,reverse,10000,18,184557303879,151645,18330,0.283451,14
QuickSort,det_med3,reverse,10000,19,184557303880,151645,18330,0.209828,14
QuickSort,det_med3,reverse,10000,20,184557303881,151645,18330,0.247927,14
QuickSort,det_med3,reverse,10000,21,184557303882,151645,18330,0.376705,14
QuickSort,det_med3,reverse,10000,22,184557303883,151645,18330,0.286267,14
QuickSort,det_med3,reverse,10000,23,184557303884,151645,18330,0.297630,14
QuickSort,det_med3,reverse,10000,24,184557303885,151645,18330,0.256234,14
QuickSort,det_med3,reverse,10000,25,184557303886,151645,18330,0.209227,14
QuickSort,det_med3,reverse,10000,26,184557303887,151645,18330,0.169874,14
QuickSort,det_med3,reverse,10000,27,184557303888,151645,18330,0.168180,14
QuickSort,det_med3,reverse,10000,28,184557303889,151645,18330,0.170215,14
QuickSort,det_med3,reverse,10000,29,184557303890,151645,18330,0.169834,14
QuickSort,det_med3,reverse,10000,30,184557303891,151645,18330,0.169243,14
QuickSort,det_med3,reverse,10000,31,184557303892,151645,18330,0.168642,14
QuickSort,det_med3,reverse,10000,32,184557303893,151645,18330,0.169754,14
QuickSort,det_med3,reverse,10000,33,184557303894,151645,18330,0.168792,14
QuickSort,det_med3,reverse,10000,34,184557303895,151645,18330,0.170436,14
QuickSort,det_med3,reverse,10000,35,184557303896,151645,18330,0.188593,14
QuickSort,det_med3,reverse,10000,36,184557303897,151645,18330,0.169694,14
QuickSort,det_med3,reverse,10000,37,184557303898,151645,18330,0.169193,14
QuickSort,det_med3,reverse,10000,38,184557303899,151645,18330,0.168511,14
QuickSort,det_med3,reverse,10000,39,184557303900,151645,18330,0.168822,14
QuickSort,det_med3,reverse,10000,40,184557303901,151645,18330,0.199115,14
QuickSort,det_med3,reverse,10000,41,184557303902,151645,18330,0.171567,14
QuickSort,det_med3,reverse,10000,42,184557303903,151645,18330,0.170787,14
QuickSort,det_med3,reverse,10000,43,184557303904,151645,18330,0.169563,14
QuickSort,det_med3,reverse,10000,44,184557303905,151645,18330,0.169453,14
QuickSort,det_med3,reverse,10000,45,184557303906,151645,18330,0.170576,14
QuickSort,det_med3,reverse,10000,46,184557303907,151645,18330,0.187571,14
QuickSort,det_med3,reverse,10000,47,184557303908,151645,18330,0.169223,14
QuickSort,det_med3,reverse,10000,48,184557303909,151645,18330,0.352995,14
QuickSort,det_med3,reverse,10000,49,184557303910,151645,18330,0.227324,14
QuickSort,det_med3,reverse,10000,50,184557303911,151645,18330,0.222604,14
QuickSort,det_med3,reverse,10000,51,184557303912,151645,18330,0.182040,14
QuickSort,det_med3,reverse,10000,52,184557303913,151645,18330,0.169203,14
QuickSort,det_med3,reverse,10000,53,184557303914,151645,18330,0.169223,14
QuickSort,det_med3,reverse,10000,54,184557303915,151645,18330,0.170184,14
QuickSort,det_med3,reverse,10000,55,184557303916,151645,18330,0.200818,14
QuickSort,det_med3,reverse,10000,56,184557303917,151645,18330,0.268640,14
QuickSort,det_med3,reverse,10000,57,184557303918,151645,18330,0.172159,14
QuickSort,det_med3,reverse,10000,58,184557303919,151645,18330,0.171748,14
QuickSort,det_med3,reverse,10000,59,184557303920,151645,18330,0.170616,14
QuickSort,det_med3,reverse,10000,60,184557303921,151645,18330,0.170986,14
QuickSort,det_med3,reverse,10000,61,184557303922,151645,18330,0.215479,14
QuickSort,det_med3,reverse,10000,62,184557303923,151645,18330,0.169895,14
QuickSort,det_med3,reverse,10000,63,184557303924,151645,18330,0.169192,14
QuickSort,det_med3,reverse,10000,64,184557303925,151645,18330,0.169133,14
QuickSort,det_med3,reverse,10000,65,184557303926,151645,18330,0.168612,14
QuickSort,det_med3,reverse,10000,66,184557303927,151645,18330,0.185046,14
QuickSort,det_med3,reverse,10000,67,184557303928,151645,18330,0.169974,14
QuickSort,det_med3,reverse,10000,68,184557303929,151645,18330,0.168711,14
QuickSort,det_med3,reverse,10000,69,184557303930,151645,18330,0.170155,14
QuickSort,det_med3,reverse,10000,70,184557303931,151645,18330,0.168842,14
QuickSort,det_med3,reverse,10000,71,184557303932,151645,18330,0.177560,14
QuickSort,det_med3,reverse,10000,72,184557303933,151645,18330,0.169333,14
QuickSort,det_med3,reverse,10000,73,184557303934,151645,18330,0.169463,14
QuickSort,det_med3,reverse,10000,74,184557303935,151645,18330,0.170305,14
QuickSort,det_med3,reverse,10000,75,184557303936,151645,18330,0.169343,14
QuickSort,det_med3,reverse,10000,76,184557303937,151645,18330,0.169584,14
QuickSort,det_med3,reverse,10000,77,184557303938,151645,18330,0.169303,14
QuickSort,det_med3,reverse,10000,78,184557303939,151645,18330,0.180677,14
QuickSort,det_med3,reverse,10000,79,184557303940,151645,18330,0.169003,14
QuickSort,det_med3,reverse,10000,80,184557303941,151645,18330,0.168962,14
QuickSort,det_med3,reverse,10000,81,184557303942,151645,18330,0.169293,14
QuickSort,det_med3,reverse,10000,82,184557303943,151645,18330,0.170004,14
QuickSort,det_med3,reverse,10000,83,184557303944,151645,18330,0.169834,14
QuickSort,det_med3,reverse,10000,84,184557303945,151645,18330,0.169033,14
QuickSort,det_med3,reverse,10000,85,184557303946,151645,18330,0.315538,14
QuickSort,det_med3,reverse,10000,86,184557303947,151645,18330,0.197352,14
QuickSort,det_med3,reverse,10000,87,184557303948,151645,18330,0.169984,14
QuickSort,det_med3,reverse,10000,88,184557303949,151645,18330,0.186428,14
QuickSort,det_med3,reverse,10000,89,184557303950,151645,18330,0.168953,14
QuickSort,det_med3,reverse,10000,90,184557303951,151645,18330,0.197632,14
QuickSort,det_med3,reverse,10000,91,184557303952,151645,18330,0.169714,14
QuickSort,det_med3,reverse,10000,92,184557303953,151645,18330,0.181689,14
QuickSort,det_med3,reverse,10000,93,184557303954,151645,18330,0.169463,14
QuickSort,det_med3,reverse,10000,94,184557303955,151645,18330,0.278140,14
QuickSort,det_med3,reverse,10000,95,184557303956,151645,18330,0.169794,14
QuickSort,det_med3,reverse,10000,96,184557303957,151645,18330,0.180406,14
QuickSort,det_med3,reverse,10000,97,184557303958,151645,18330,0.237034,14
QuickSort,det_med3,reverse,10000,98,184557303959,151645,18330,0.180847,14
QuickSort,det_med3,reverse,10000,99,184557303960,151645,18330,0.209938,14
QuickSort,det_med3,reverse,5000,0,172450224458,70825,9166,0.126727,13
QuickSort,det_med3,reverse,5000,1,172450224459,70825,9166,0.126440,13
QuickSort,det_med3,reverse,5000,2,172450224460,70825,9166,0.127490,13
QuickSort,det_med3,reverse,5000,3,172450224461,70825,9166,0.122707,13
QuickSort,det_med3,reverse,5000,4,172450224462,70825,9166,0.126351,13
QuickSort,det_med3,reverse,5000,5,172450224463,70825,9166,0.125737,13
QuickSort,det_med3,reverse,5000,6,172450224464,70825,9166,0.127430,13
QuickSort,det_med3,reverse,5000,7,172450224465,70825,9166,0.124984,13
QuickSort,det_med3,reverse,5000,8,172450224466,70825,9166,0.128550,13
QuickSort,det_med3,reverse,5000,9,172450224467,70825,9166,0.126965,13
QuickSort,det_med3,reverse,5000,10,172450224468,70825,9166,0.116338,13
QuickSort,det_med3,reverse,5000,11,172450224469,70825,9166,0.122657,13
QuickSort,det_med3,reverse,5000,12,172450224470,70825,9166,0.150813,13
QuickSort,det_med3,reverse,5000,13,172450224471,70825,9166,0.122815,13
QuickSort,det_med3,reverse,5000,14,172450224472,70825,9166,0.128510,13
QuickSort,det_med3,reverse,5000,15,172450224473,70825,9166,0.129025,13
QuickSort,det_med3,reverse,5000,16,172450224474,70825,9166,0.198747,13
QuickSort,det_med3,reverse,5000,17,172450224475,70825,9166,0.116794,13
QuickSort,det_med3,reverse,5000,18,172450224476,70825,9166,0.117963,13
QuickSort,det_med3,reverse,5000,19,172450224477,70825,9166,0.122548,13
QuickSort,det_med3,reverse,5000,20,172450224478,70825,9166,0.125499,13
QuickSort,det_med3,reverse,5000,21,172450224479,70825,9166,0.127321,13
QuickSort,det_med3,reverse,5000,22,172450224480,70825,9166,0.123400,13
QuickSort,det_med3,reverse,5000,23,172450224481,70825,9166,0.126371,13
QuickSort,det_med3,reverse,5000,24,172450224482,70825,9166,0.127718,13
QuickSort,det_med3,reverse,5000,25,172450224483,70825,9166,0.107455,13
QuickSort,det_med3,reverse,5000,26,172450224484,70825,9166,0.085935,13
QuickSort,det_med3,reverse,5000,27,172450224485,70825,9166,0.082082,13
QuickSort,det_med3,reverse,5000,28,172450224486,70825,9166,0.101256,13
QuickSort,det_med3,reverse,5000,29,172450224487,70825,9166,0.081923,13
QuickSort,det_med3,reverse,5000,30,172450224488,70825,9166,0.081457,13
QuickSort,det_med3,reverse,5000,31,172450224489,70825,9166,0.080923,13
QuickSort,det_med3,reverse,5000,32,172450224490,70825,9166,0.088589,13
QuickSort,det_med3,reverse,5000,33,172450224491,70825,9166,0.112575,13
QuickSort,det_med3,reverse,5000,34,172450224492,70825,9166,0.120686,13
QuickSort,det_med3,reverse,5000,35,172450224493,70825,9166,0.124499,13
QuickSort,det_med3,reverse,5000,36,172450224494,70825,9166,0.111743,13
QuickSort,det_med3,reverse,5000,37,172450224495,70825,9166,0.117369,13
QuickSort,det_med3,reverse,5000,38,172450224496,70825,9166,0.119646,13
QuickSort,det_med3,reverse,5000,39,172450224497,70825,9166,0.145347,13
QuickSort,det_med3,reverse,5000,40,172450224498,70825,9166,0.120131,13
QuickSort,det_med3,reverse,5000,41,172450224499,70825,9166,0.117249,13
QuickSort,det_med3,reverse,5000,42,172450224500,70825,9166,0.117675,13
QuickSort,det_med3,reverse,5000,43,172450224501,70825,9166,0.120845,13
QuickSort,det_med3,reverse,5000,44,172450224502,70825,9166,0.119101,13
QuickSort,det_med3,reverse,5000,45,172450224503,70825,9166,0.150991,13
QuickSort,det_med3,reverse,5000,46,172450224504,70825,9166,0.134680,13
QuickSort,det_med3,reverse,5000,47,172450224505,70825,9166,0.133383,13
QuickSort,det_med3,reverse,5000,48,172450224506,70825,9166,0.155854,13
QuickSort,det_med3,reverse,5000,49,172450224507,70825,9166,0.109901,13
QuickSort,det_med3,reverse,5000,50,172450224508,70825,9166,0.081795,13
QuickSort,det_med3,reverse,5000,51,172450224509,70825,9166,0.081349,13
QuickSort,det_med3,reverse,5000,52,172450224510,70825,9166,0.188378,13
QuickSort,det_med3,reverse,5000,53,172450224511,70825,9166,0.136572,13
QuickSort,det_med3,reverse,5000,54,172450224512,70825,9166,0.129203,13
QuickSort,det_med3,reverse,5000,55,172450224513,70825,9166,0.144514,13
QuickSort,det_med3,reverse,5000,56,172450224514,70825,9166,0.122825,13
QuickSort,det_med3,reverse,5000,57,172450224515,70825,9166,0.116913,13
QuickSort,det_med3,reverse,5000,58,172450224516,70825,9166,0.119399,13
QuickSort,det_med3,reverse,5000,59,172450224517,70825,9166,0.124855,13
QuickSort,det_med3,reverse,5000,60,172450224518,70825,9166,0.128193,13
QuickSort,det_med3,reverse,5000,61,172450224519,70825,9166,0.128758,13
QuickSort,det_med3,reverse,5000,62,172450224520,70825,9166,0.124787,13
QuickSort,det_med3,reverse,5000,63,172450224521,70825,9166,0.116418,13
QuickSort,det_med3,reverse,5000,64,172450224522,70825,9166,0.122211,13
QuickSort,det_med3,reverse,5000,65,172450224523,70825,9166,0.105138,13
QuickSort,det_med3,reverse,5000,66,172450224524,70825,9166,0.081775,13
QuickSort,det_med3,reverse,5000,67,172450224525,70825,9166,0.081131,13
QuickSort,det_med3,reverse,5000,68,172450224526,70825,9166,0.081052,13
QuickSort,det_med3,reverse,5000,69,172450224527,70825,9166,0.081042,13
QuickSort,det_med3,reverse,5000,70,172450224528,70825,9166,0.100077,13
QuickSort,det_med3,reverse,5000,71,172450224529,70825,9166,0.081893,13
QuickSort,det_med3,reverse,5000,72,172450224530,70825,9166,0.272935,13
QuickSort,det_med3,reverse,5000,73,172450224531,70825,9166,0.166263,13
QuickSort,det_med3,reverse,5000,74,172450224532,70825,9166,0.226744,13
QuickSort,det_med3,reverse,5000,75,172450224533,70825,9166,0.557963,13
QuickSort,det_med3,reverse,5000,76,172450224534,70825,9166,0.169442,13
QuickSort,det_med3,reverse,5000,77,172450224535,70825,9166,0.127985,13
QuickSort,det_med3,reverse,5000,78,172450224536,70825,9166,0.112862,13
QuickSort,det_med3,reverse,5000,79,172450224537,70825,9166,0.144791,13
QuickSort,det_med3,reverse,5000,80,172450224538,70825,9166,0.115240,13
QuickSort,det_med3,reverse,5000,81,172450224539,70825,9166,0.118062,13
QuickSort,det_med3,reverse,5000,82,172450224540,70825,9166,0.123795,13
QuickSort,det_med3,reverse,5000,83,172450224541,70825,9166,0.136899,13
QuickSort,det_med3,reverse,5000,84,172450224542,70825,9166,0.158290,13
QuickSort,det_med3,reverse,5000,85,172450224543,70825,9166,0.121687,13
QuickSort,det_med3,reverse,5000,86,172450224544,70825,9166,0.211622,13
QuickSort,det_med3,reverse,5000,87,172450224545,70825,9166,0.135016,13
QuickSort,det_med3,reverse,5000,88,172450224546,70825,9166,0.121944,13
QuickSort,det_med3,reverse,5000,89,172450224547,70825,9166,0.122261,13
QuickSort,det_med3,reverse,5000,90,172450224548,70825,9166,0.325336,13
QuickSort,det_med3,reverse,5000,91,172450224549,70825,9166,0.110693,13
QuickSort,det_med3,reverse,5000,92,172450224550,70825,9166,0.127787,13
QuickSort,det_med3,reverse,5000,93,172450224551,70825,9166,0.103801,13
QuickSort,det_med3,reverse,5000,94,172450224552,70825,9166,0.097344,13
QuickSort,det_med3,reverse,5000,95,172450224553,70825,9166,0.095987,13
QuickSort,det_med3,reverse,5000,96,172450224554,70825,9166,0.096452,13
QuickSort,det_med3,reverse,5000,97,172450224555,70825,9166,0.096937,13
QuickSort,det_med3,reverse,5000,98,172450224556,70825,9166,0.096145,13
QuickSort,det_med3,reverse,5000,99,172450224557,70825,9166,0.097729,13
QuickSort,det_med3,reverse,5000,100,172450224558,70825,9166,0.097303,13
QuickSort,det_med3,reverse,5000,101,172450224559,70825,9166,0.152210,13
QuickSort,det_med3,reverse,5000,102,172450224560,70825,9166,0.108713,13
QuickSort,det_med3,reverse,5000,103,172450224561,70825,9166,0.081943,13
QuickSort,det_med3,reverse,5000,104,172450224562,70825,9166,0.081686,13
QuickSort,det_med3,reverse,5000,105,172450224563,70825,9166,0.135978,13
QuickSort,det_med3,reverse,5000,106,172450224564,70825,9166,0.135879,13
QuickSort,det_med3,reverse,5000,107,172450224565,70825,9166,0.107583,13
QuickSort,det_med3,reverse,5000,108,172450224566,70825,9166,0.080775,13
QuickSort,det_med3,reverse,5000,109,172450224567,70825,9166,0.121062,13
QuickSort,det_med3,reverse,5000,110,172450224568,70825,9166,0.097343,13
QuickSort,det_med3,reverse,5000,111,172450224569,70825,9166,0.081606,13
QuickSort,det_med3,reverse,5000,112,172450224570,70825,9166,0.081379,13
QuickSort,det_med3,reverse,5000,113,172450224571,70825,9166,0.081725,13
QuickSort,det_med3,reverse,5000,114,172450224572,70825,9166,0.081636,13
QuickSort,det_med3,reverse,5000,115,172450224573,70825,9166,0.092797,13
QuickSort,det_med3,reverse,5000,116,172450224574,70825,9166,0.083022,13
QuickSort,det_med3,reverse,5000,117,172450224575,70825,9166,0.081854,13
QuickSort,det_med3,reverse,5000,118,172450224576,70825,9166,0.081487,13
QuickSort,det_med3,reverse,5000,119,172450224577,70825,9166,0.233350,13
QuickSort,det_med3,reverse,5000,120,172450224578,70825,9166,0.107445,13
QuickSort,det_med3,reverse,5000,121,172450224579,70825,9166,0.099314,13
QuickSort,det_med3,reverse,5000,122,172450224580,70825,9166,0.105890,13
QuickSort,det_med3,reverse,5000,123,172450224581,70825,9166,0.106257,13
QuickSort,det_med3,reverse,5000,124,172450224582,70825,9166,0.113873,13
QuickSort,det_med3,reverse,5000,125,172450224583,70825,9166,0.118290,13
QuickSort,det_med3,reverse,5000,126,172450224584,70825,9166,0.120855,13
QuickSort,det_med3,reverse,5000,127,172450224585,70825,9166,0.125004,13
QuickSort,det_med3,reverse,5000,128,172450224586,70825,9166,0.135087,13
QuickSort,det_med3,reverse,5000,129,172450224587,70825,9166,0.111803,13
QuickSort,det_med3,reverse,5000,130,172450224588,70825,9166,0.104692,13
QuickSort,det_med3,reverse,5000,131,172450224589,70825,9166,0.143920,13
QuickSort,det_med3,reverse,5000,132,172450224590,70825,9166,0.112961,13
QuickSort,det_med3,reverse,5000,133,172450224591,70825,9166,0.106970,13
QuickSort,det_med3,reverse,5000,134,172450224592,70825,9166,0.103047,13
QuickSort,det_med3,reverse,5000,135,172450224593,70825,9166,0.193518,13
QuickSort,det_med3,reverse,5000,136,172450224594,70825,9166,0.114734,13
QuickSort,det_med3,reverse,5000,137,172450224595,70825,9166,0.102503,13
QuickSort,det_med3,reverse,5000,138,172450224596,70825,9166,0.105058,13
QuickSort,det_med3,reverse,5000,139,172450224597,70825,9166,0.127460,13
QuickSort,det_med3,reverse,5000,140,172450224598,70825,9166,0.109951,13
QuickSort,det_med3,reverse,5000,141,172450224599,70825,9166,0.101889,13
QuickSort,det_med3,reverse,5000,142,172450224600,70825,9166,0.108673,13
QuickSort,det_med3,reverse,5000,143,172450224601,70825,9166,0.129075,13
QuickSort,det_med3,reverse,5000,144,172450224602,70825,9166,0.115219,13
QuickSort,det_med3,reverse,5000,145,172450224603,70825,9166,0.126391,13
QuickSort,det_med3,reverse,5000,146,172450224604,70825,9166,0.188843,13
QuickSort,det_med3,reverse,5000,147,172450224605,70825,9166,0.142722,13
QuickSort,det_med3,reverse,5000,148,172450224606,70825,9166,0.084736,13
QuickSort,det_med3,reverse,5000,149,172450224607,70825,9166,0.083765,13
QuickSort,det_med3,reverse,5000,150,172450224608,70825,9166,0.082567,13
QuickSort,det_med3,reverse,5000,151,172450224609,70825,9166,0.082408,13
QuickSort,det_med3,reverse,5000,152,172450224610,70825,9166,0.080973,13
QuickSort,det_med3,reverse,5000,153,172450224611,70825,9166,0.082131,13
QuickSort,det_med3,reverse,5000,154,172450224612,70825,9166,0.081022,13
QuickSort,det_med3,reverse,5000,155,172450224613,70825,9166,0.081675,13
QuickSort,det_med3,reverse,5000,156,172450224614,70825,9166,0.098770,13
QuickSort,det_med3,reverse,5000,157,172450224615,70825,9166,0.138770,13
QuickSort,det_med3,reverse,5000,158,172450224616,70825,9166,0.119112,13
QuickSort,det_med3,reverse,5000,159,172450224617,70825,9166,0.100175,13
QuickSort,det_med3,reverse,5000,160,172450224618,70825,9166,0.098918,13
QuickSort,det_med3,reverse,5000,161,172450224619,70825,9166,0.108752,13
QuickSort,det_med3,reverse,5000,162,172450224620,70825,9166,0.128411,13
QuickSort,det_med3,reverse,5000,163,172450224621,70825,9166,0.125688,13
QuickSort,det_med3,reverse,5000,164,172450224622,70825,9166,0.107009,13
QuickSort,det_med3,reverse,5000,165,172450224623,70825,9166,0.133522,13
QuickSort,det_med3,reverse,5000,166,172450224624,70825,9166,0.097868,13
QuickSort,det_med3,reverse,5000,167,172450224625,70825,9166,0.081140,13
QuickSort,det_med3,reverse,5000,168,172450224626,70825,9166,0.081566,13
QuickSort,det_med3,reverse,5000,169,172450224627,70825,9166,0.080952,13
QuickSort,det_med3,reverse,5000,170,172450224628,70825,9166,0.081081,13
QuickSort,det_med3,reverse,5000,171,172450224629,70825,9166,0.082002,13
QuickSort,det_med3,reverse,5000,172,172450224630,70825,9166,0.080943,13
QuickSort,det_med3,reverse,5000,173,172450224631,70825,9166,0.081527,13
QuickSort,det_med3,reverse,5000,174,172450224632,70825,9166,0.081567,13
QuickSort,det_med3,reverse,5000,175,172450224633,70825,9166,0.081408,13
QuickSort,det_med3,reverse,5000,176,172450224634,70825,9166,0.110822,13
QuickSort,det_med3,reverse,5000,177,172450224635,70825,9166,0.104097,13
QuickSort,det_med3,reverse,5000,178,172450224636,70825,9166,0.107455,13
QuickSort,det_med3,reverse,5000,179,172450224637,70825,9166,0.224487,13
QuickSort,det_med3,reverse,5000,180,172450224638,70825,9166,0.114615,13
QuickSort,det_med3,reverse,5000,181,172450224639,70825,9166,0.110059,13
QuickSort,det_med3,reverse,5000,182,172450224640,70825,9166,0.110802,13
QuickSort,det_med3,reverse,5000,183,172450224641,70825,9166,0.108465,13
QuickSort,det_med3,reverse,5000,184,172450224642,70825,9166,0.272321,13
QuickSort,det_med3,reverse,5000,185,172450224643,70825,9166,0.111545,13
QuickSort,det_med3,reverse,5000,186,172450224644,70825,9166,0.110990,13
QuickSort,det_med3,reverse,5000,187,172450224645,70825,9166,7.706281,13
QuickSort,det_med3,reverse,5000,188,172450224646,70825,9166,0.269756,13
QuickSort,det_med3,reverse,5000,189,172450224647,70825,9166,0.100344,13
QuickSort,det_med3,reverse,5000,190,172450224648,70825,9166,0.101037,13
QuickSort,det_med3,reverse,5000,191,172450224649,70825,9166,0.115754,13
QuickSort,det_med3,reverse,5000,192,172450224650,70825,9166,0.132877,13
QuickSort,det_med3,reverse,5000,193,172450224651,70825,9166,0.111109,13
QuickSort,det_med3,reverse,5000,194,172450224652,70825,9166,0.116734,13
QuickSort,det_med3,reverse,5000,195,172450224653,70825,9166,0.105831,13
QuickSort,det_med3,reverse,5000,196,172450224654,70825,9166,0.107663,13
QuickSort,det_med3,reverse,5000,197,172450224655,70825,9166,0.104068,13
QuickSort,det_med3,reverse,5000,198,172450224656,70825,9166,0.107020,13
QuickSort,det_med3,reverse,5000,199,172450224657,70825,9166,0.106880,13
QuickSort,det_med3,reverse,50000,0,265136131277,873541,91666,1.168043,16
QuickSort,det_med3,reverse,50000,1,265136131278,873541,91666,1.449226,16
QuickSort,det_med3,reverse,50000,2,265136131279,873541,91666,1.427114,16
QuickSort,det_med3,reverse,50000,3,265136131280,873541,91666,3.315215,16
QuickSort,det_med3,reverse,50000,4,265136131281,873541,91666,1.303574,16
QuickSort,det_med3,reverse,50000,5,265136131282,873541,91666,0.949486,16
QuickSort,det_med3,reverse,50000,6,265136131283,873541,91666,0.901917,16
QuickSort,det_med3,reverse,50000,7,265136131284,873541,91666,0.914360,16
QuickSort,det_med3,reverse,50000,8,265136131285,873541,91666,0.907858,16
QuickSort,det_med3,reverse,50000,9,265136131286,873541,91666,0.913489,16
QuickSort,det_med3,reverse,50000,10,265136131287,873541,91666,1.087532,16
QuickSort,det_med3,reverse,50000,11,265136131288,873541,91666,1.037810,16
QuickSort,det_med3,reverse,50000,12,265136131289,873541,91666,1.193960,16
QuickSort,det_med3,reverse,50000,13,265136131290,873541,91666,1.331015,16
QuickSort,det_med3,reverse,50000,14,265136131291,873541,91666,0.974813,16
QuickSort,det_med3,reverse,50000,15,265136131292,873541,91666,0.919780,16
QuickSort,det_med3,reverse,50000,16,265136131293,873541,91666,1.314584,16
QuickSort,det_med3,reverse,50000,17,265136131294,873541,91666,1.465916,16
QuickSort,det_med3,reverse,50000,18,265136131295,873541,91666,1.443524,16
QuickSort,det_med3,reverse,50000,19,265136131296,873541,91666,1.483729,16
QuickSort,det_med3,reverse,50000,20,265136131297,873541,91666,1.398190,16
QuickSort,det_med3,reverse,50000,21,265136131298,873541,91666,1.378534,16
QuickSort,det_med3,reverse,50000,22,265136131299,873541,91666,1.305388,16
QuickSort,det_med3,reverse,50000,23,265136131300,873541,91666,0.921043,16
QuickSort,det_med3,reverse,50000,24,265136131301,873541,91666,0.959074,16
QuickSort,det_med3,reverse,50000,25,265136131302,873541,91666,1.285840,16
QuickSort,det_med3,reverse,50000,26,265136131303,873541,91666,1.509968,16
QuickSort,det_med3,reverse,50000,27,265136131304,873541,91666,1.484060,16
QuickSort,det_med3,reverse,50000,28,265136131305,873541,91666,1.492996,16
QuickSort,det_med3,reverse,50000,29,265136131306,873541,91666,1.562736,16
QuickSort,det_med3,sorted,1000,0,165529144452,11804,1332,0.019314,10
QuickSort,det_med3,sorted,1000,1,165529144453,11804,1332,0.015349,10
QuickSort,det_med3,sorted,1000,2,165529144454,11804,1332,0.014926,10
QuickSort,det_med3,sorted,1000,3,165529144455,11804,1332,0.014795,10
QuickSort,det_med3,sorted,1000,4,165529144456,11804,1332,0.014776,10
QuickSort,det_med3,sorted,1000,5,165529144457,11804,1332,0.014896,10
QuickSort,det_med3,sorted,1000,6,165529144458,11804,1332,0.014906,10
QuickSort,det_med3,sorted,1000,7,165529144459,11804,1332,0.033838,10
QuickSort,det_med3,sorted,1000,8,165529144460,11804,1332,0.014825,10
QuickSort,det_med3,sorted,1000,9,165529144461,11804,1332,0.014876,10
QuickSort,det_med3,sorted,1000,10,165529144462,11804,1332,0.015128,10
QuickSort,det_med3,sorted,1000,11,165529144463,11804,1332,0.015108,10
QuickSort,det_med3,sorted,1000,12,165529144464,11804,1332,0.014906,10
QuickSort,det_med3,sorted,1000,13,165529144465,11804,1332,0.015107,10
QuickSort,det_med3,sorted,1000,14,165529144466,11804,1332,0.014957,10
QuickSort,det_med3,sorted,1000,15,165529144467,11804,1332,0.016154,10
QuickSort,det_med3,sorted,1000,16,165529144468,11804,1332,0.015047,10
QuickSort,det_med3,sorted,1000,17,165529144469,11804,1332,0.014956,10
QuickSort,det_med3,sorted,1000,18,165529144470,11804,1332,0.014826,10
QuickSort,det_med3,sorted,1000,19,165529144471,11804,1332,0.015832,10
QuickSort,det_med3,sorted,1000,20,165529144472,11804,1332,0.015027,10
QuickSort,det_med3,sorted,1000,21,165529144473,11804,1332,0.015027,10
QuickSort,det_med3,sorted,1000,22,165529144474,11804,1332,0.015027,10
QuickSort,det_med3,sorted,1000,23,165529144475,11804,1332,0.015127,10
QuickSort,det_med3,sorted,1000,24,165529144476,11804,1332,0.014906,10
QuickSort,det_med3,sorted,1000,25,165529144477,11804,1332,0.015118,10
QuickSort,det_med3,sorted,1000,26,165529144478,11804,1332,0.015037,10
QuickSort,det_med3,sorted,1000,27,165529144479,11804,1332,0.015127,10
QuickSort,det_med3,sorted,1000,28,165529144480,11804,1332,0.014806,10
QuickSort,det_med3,sorted,1000,29,165529144481,11804,1332,0.015168,10
QuickSort,det_med3,sorted,1000,30,165529144482,11804,1332,0.014735,10
QuickSort,det_med3,sorted,1000,31,165529144483,11804,1332,0.015027,10
QuickSort,det_med3,sorted,1000,32,165529144484,11804,1332,0.014876,10
QuickSort,det_med3,sorted,1000,33,165529144485,11804,1332,0.014946,10
QuickSort,det_med3,sorted,1000,34,165529144486,11804,1332,0.015036,10
QuickSort,det_med3,sorted,1000,35,165529144487,11804,1332,0.015168,10
QuickSort,det_med3,sorted,1000,36,165529144488,11804,1332,0.014826,10
QuickSort,det_med3,sorted,1000,37,165529144489,11804,1332,0.015007,10
QuickSort,det_med3,sorted,1000,38,165529144490,11804,1332,0.015037,10
QuickSort,det_med3,sorted,1000,39,165529144491,11804,1332,0.014815,10
QuickSort,det_med3,sorted,1000,40,165529144492,11804,1332,0.014997,10
QuickSort,det_med3,sorted,1000,41,165529144493,11804,1332,0.014967,10
QuickSort,det_med3,sorted,1000,42,165529144494,11804,1332,0.014956,10
QuickSort,det_med3,sorted,1000,43,165529144495,11804,1332,0.014977,10
QuickSort,det_med3,sorted,1000,44,165529144496,11804,1332,0.015107,10
QuickSort,det_med3,sorted,1000,45,165529144497,11804,1332,0.015249,10
QuickSort,det_med3,sorted,1000,46,165529144498,11804,1332,0.014966,10
QuickSort,det_med3,sorted,1000,47,165529144499,11804,1332,0.015158,10
QuickSort,det_med3,sorted,1000,48,165529144500,11804,1332,0.100014,10
QuickSort,det_med3,sorted,1000,49,165529144501,11804,1332,0.025343,10
QuickSort,det_med3,sorted,1000,50,165529144502,11804,1332,0.014977,10
QuickSort,det_med3,sorted,1000,51,165529144503,11804,1332,0.014936,10
QuickSort,det_med3,sorted,1000,52,165529144504,11804,1332,0.014966,10
QuickSort,det_med3,sorted,1000,53,165529144505,11804,1332,0.014745,10
QuickSort,det_med3,sorted,1000,54,165529144506,11804,1332,0.014967,10
QuickSort,det_med3,sorted,1000,55,165529144507,11804,1332,0.015208,10
QuickSort,det_med3,sorted,1000,56,165529144508,11804,1332,0.015006,10
QuickSort,det_med3,sorted,1000,57,165529144509,11804,1332,0.015288,10
QuickSort,det_med3,sorted,1000,58,165529144510,11804,1332,0.014886,10
QuickSort,det_med3,sorted,1000,59,165529144511,11804,1332,0.014654,10
QuickSort,det_med3,sorted,1000,60,165529144512,11804,1332,0.026007,10
QuickSort,det_med3,sorted,1000,61,165529144513,11804,1332,0.014986,10
QuickSort,det_med3,sorted,1000,62,165529144514,11804,1332,0.015167,10
QuickSort,det_med3,sorted,1000,63,165529144515,11804,1332,0.014815,10
QuickSort,det_med3,sorted,1000,64,165529144516,11804,1332,0.014826,10
QuickSort,det_med3,sorted,1000,65,165529144517,11804,1332,0.014735,10
QuickSort,det_med3,sorted,1000,66,165529144518,11804,1332,0.014845,10
QuickSort,det_med3,sorted,1000,67,165529144519,11804,1332,0.014786,10
QuickSort,det_med3,sorted,1000,68,165529144520,11804,1332,0.014845,10
QuickSort,det_med3,sorted,1000,69,165529144521,11804,1332,0.014896,10
QuickSort,det_med3,sorted,1000,70,165529144522,11804,1332,0.014856,10
QuickSort,det_med3,sorted,1000,71,165529144523,11804,1332,0.014815,10
QuickSort,det_med3,sorted,1000,72,165529144524,11804,1332,0.014947,10
QuickSort,det_med3,sorted,1000,73,165529144525,11804,1332,0.015077,10
QuickSort,det_med3,sorted,1000,74,165529144526,11804,1332,0.014936,10
QuickSort,det_med3,sorted,1000,75,165529144527,11804,1332,0.014725,10
QuickSort,det_med3,sorted,1000,76,165529144528,11804,1332,0.015026,10
QuickSort,det_med3,sorted,1000,77,165529144529,11804,1332,0.014825,10
QuickSort,det_med3,sorted,1000,78,165529144530,11804,1332,0.014906,10
QuickSort,det_med3,sorted,1000,79,165529144531,11804,1332,0.014715,10
QuickSort,det_med3,sorted,1000,80,165529144532,11804,1332,0.014917,10
QuickSort,det_med3,sorted,1000,81,165529144533,11804,1332,0.014795,10
QuickSort,det_med3,sorted,1000,82,165529144534,11804,1332,0.014936,10
QuickSort,det_med3,sorted,1000,83,165529144535,11804,1332,0.014594,10
QuickSort,det_med3,sorted,1000,84,165529144536,11804,1332,0.014846,10
QuickSort,det_med3,sorted,1000,85,165529144537,11804,1332,0.014735,10
QuickSort,det_med3,sorted,1000,86,165529144538,11804,1332,0.014795,10
QuickSort,det_med3,sorted,1000,87,165529144539,11804,1332,0.014936,10
QuickSort,det_med3,sorted,1000,88,165529144540,11804,1332,0.014966,10
QuickSort,det_med3,sorted,1000,89,165529144541,11804,1332,0.014755,10
QuickSort,det_med3,sorted,1000,90,165529144542,11804,1332,0.014946,10
QuickSort,det_med3,sorted,1000,91,165529144543,11804,1332,0.014634,10
QuickSort,det_med3,sorted,1000,92,165529144544,11804,1332,0.014805,10
QuickSort,det_med3,sorted,1000,93,165529144545,11804,1332,0.014786,10
QuickSort,det_med3,sorted,1000,94,165529144546,11804,1332,0.015087,10
QuickSort,det_med3,sorted,1000,95,165529144547,11804,1332,0.014926,10
QuickSort,det_med3,sorted,1000,96,165529144548,11804,1332,0.014725,10
QuickSort,det_med3,sorted,1000,97,165529144549,11804,1332,0.014775,10
QuickSort,det_med3,sorted,1000,98,165529144550,11804,1332,0.014765,10
QuickSort,det_med3,sorted,1000,99,165529144551,11804,1332,0.014544,10
QuickSort,det_med3,sorted,1000,100,165529144552,11804,1332,0.014836,10
QuickSort,det_med3,sorted,1000,101,165529144553,11804,1332,0.014675,10
QuickSort,det_med3,sorted,1000,102,165529144554,11804,1332,0.014916,10
QuickSort,det_med3,sorted,1000,103,165529144555,11804,1332,0.014694,10
QuickSort,det_med3,sorted,1000,104,165529144556,11804,1332,0.014936,10
QuickSort,det_med3,sorted,1000,105,165529144557,11804,1332,0.014574,10
QuickSort,det_med3,sorted,1000,106,165529144558,11804,1332,0.014906,10
QuickSort,det_med3,sorted,1000,107,165529144559,11804,1332,0.014776,10
QuickSort,det_med3,sorted,1000,108,165529144560,11804,1332,0.014865,10
QuickSort,det_med3,sorted,1000,109,165529144561,11804,1332,0.014806,10
QuickSort,det_med3,sorted,1000,110,165529144562,11804,1332,0.014916,10
QuickSort,det_med3,sorted,1000,111,165529144563,11804,1332,0.014815,10
QuickSort,det_med3,sorted,1000,112,165529144564,11804,1332,0.014997,10
QuickSort,det_med3,sorted,1000,113,165529144565,11804,1332,0.014986,10
QuickSort,det_med3,sorted,1000,114,165529144566,11804,1332,0.014856,10
QuickSort,det_med3,sorted,1000,115,165529144567,11804,1332,0.014765,10
QuickSort,det_med3,sorted,1000,116,165529144568,11804,1332,0.032459,10
QuickSort,det_med3,sorted,1000,117,165529144569,11804,1332,0.027467,10
QuickSort,det_med3,sorted,1000,118,165529144570,11804,1332,0.026963,10
QuickSort,det_med3,sorted,1000,119,165529144571,11804,1332,0.026954,10
QuickSort,det_med3,sorted,1000,120,165529144572,11804,1332,0.027799,10
QuickSort,det_med3,sorted,1000,121,165529144573,11804,1332,0.026712,10
QuickSort,det_med3,sorted,1000,122,165529144574,11804,1332,0.027276,10
QuickSort,det_med3,sorted,1000,123,165529144575,11804,1332,0.026732,10
QuickSort,det_med3,sorted,1000,124,165529144576,11804,1332,0.026652,10
QuickSort,det_med3,sorted,1000,125,165529144577,11804,1332,0.026621,10
QuickSort,det_med3,sorted,1000,126,165529144578,11804,1332,0.026893,10
QuickSort,det_med3,sorted,1000,127,165529144579,11804,1332,0.026934,10
QuickSort,det_med3,sorted,1000,128,165529144580,11804,1332,0.026380,10
QuickSort,det_med3,sorted,1000,129,165529144581,11804,1332,0.026410,10
QuickSort,det_med3,sorted,1000,130,165529144582,11804,1332,0.026430,10
QuickSort,det_med3,sorted,1000,131,165529144583,11804,1332,0.027135,10
QuickSort,det_med3,sorted,1000,132,165529144584,11804,1332,0.026682,10
QuickSort,det_med3,sorted,1000,133,165529144585,11804,1332,0.026632,10
QuickSort,det_med3,sorted,1000,134,165529144586,11804,1332,0.026370,10
QuickSort,det_med3,sorted,1000,135,165529144587,11804,1332,0.026662,10
QuickSort,det_med3,sorted,1000,136,165529144588,11804,1332,0.027115,10
QuickSort,det_med3,sorted,1000,137,165529144589,11804,1332,0.026480,10
QuickSort,det_med3,sorted,1000,138,165529144590,11804,1332,0.026511,10
QuickSort,det_med3,sorted,1000,139,165529144591,11804,1332,0.027306,10
QuickSort,det_med3,sorted,1000,140,165529144592,11804,1332,0.026843,10
QuickSort,det_med3,sorted,1000,141,165529144593,11804,1332,0.026954,10
QuickSort,det_med3,sorted,1000,142,165529144594,11804,1332,0.026964,10
QuickSort,det_med3,sorted,1000,143,165529144595,11804,1332,0.026461,10
QuickSort,det_med3,sorted,1000,144,165529144596,11804,1332,0.026621,10
QuickSort,det_med3,sorted,1000,145,165529144597,11804,1332,0.026551,10
QuickSort,det_med3,sorted,1000,146,165529144598,11804,1332,0.026783,10
QuickSort,det_med3,sorted,1000,147,165529144599,11804,1332,0.026702,10
QuickSort,det_med3,sorted,1000,148,165529144600,11804,1332,0.020190,10
QuickSort,det_med3,sorted,1000,149,165529144601,11804,1332,0.014835,10
QuickSort,det_med3,sorted,1000,150,165529144602,11804,1332,0.014997,10
QuickSort,det_med3,sorted,1000,151,165529144603,11804,1332,0.014553,10
QuickSort,det_med3,sorted,1000,152,165529144604,11804,1332,0.014836,10
QuickSort,det_med3,sorted,1000,153,165529144605,11804,1332,0.014926,10
QuickSort,det_med3,sorted,1000,154,165529144606,11804,1332,0.014725,10
QuickSort,det_med3,sorted,1000,155,165529144607,11804,1332,0.014956,10
QuickSort,det_med3,sorted,1000,156,165529144608,11804,1332,0.014765,10
QuickSort,det_med3,sorted,1000,157,165529144609,11804,1332,0.025252,10
QuickSort,det_med3,sorted,1000,158,165529144610,11804,1332,0.014896,10
QuickSort,det_med3,sorted,1000,159,165529144611,11804,1332,0.016909,10
QuickSort,det_med3,sorted,1000,160,165529144612,11804,1332,0.014886,10
QuickSort,det_med3,sorted,1000,161,165529144613,11804,1332,0.014866,10
QuickSort,det_med3,sorted,1000,162,165529144614,11804,1332,0.014996,10
QuickSort,det_med3,sorted,1000,163,165529144615,11804,1332,0.015017,10
QuickSort,det_med3,sorted,1000,164,165529144616,11804,1332,0.014856,10
QuickSort,det_med3,sorted,1000,165,165529144617,11804,1332,0.015027,10
QuickSort,det_med3,sorted,1000,166,165529144618,11804,1332,0.015138,10
QuickSort,det_med3,sorted,1000,167,165529144619,11804,1332,0.014996,10
QuickSort,det_med3,sorted,1000,168,165529144620,11804,1332,0.015047,10
QuickSort,det_med3,sorted,1000,169,165529144621,11804,1332,0.015088,10
QuickSort,det_med3,sorted,1000,170,165529144622,11804,1332,0.014966,10
QuickSort,det_med3,sorted,1000,171,165529144623,11804,1332,0.015400,10
QuickSort,det_med3,sorted,1000,172,165529144624,11804,1332,0.015137,10
QuickSort,det_med3,sorted,1000,173,165529144625,11804,1332,0.014484,10
QuickSort,det_med3,sorted,1000,174,165529144626,11804,1332,0.015390,10
QuickSort,det_med3,sorted,1000,175,165529144627,11804,1332,0.015218,10
QuickSort,det_med3,sorted,1000,176,165529144628,11804,1332,0.014625,10
QuickSort,det_med3,sorted,1000,177,165529144629,11804,1332,0.014997,10
QuickSort,det_med3,sorted,1000,178,165529144630,11804,1332,0.015480,10
QuickSort,det_med3,sorted,1000,179,165529144631,11804,1332,0.014715,10
QuickSort,det_med3,sorted,1000,180,165529144632,11804,1332,0.015168,10
QuickSort,det_med3,sorted,1000,181,165529144633,11804,1332,0.015127,10
QuickSort,det_med3,sorted,1000,182,165529144634,11804,1332,0.015148,10
QuickSort,det_med3,sorted,1000,183,165529144635,11804,1332,0.014926,10
QuickSort,det_med3,sorted,1000,184,165529144636,11804,1332,0.015007,10
QuickSort,det_med3,sorted,1000,185,165529144637,11804,1332,0.015359,10
QuickSort,det_med3,sorted,1000,186,165529144638,11804,1332,0.015198,10
QuickSort,det_med3,sorted,1000,187,165529144639,11804,1332,0.015288,10
QuickSort,det_med3,sorted,1000,188,165529144640,11804,1332,0.015137,10
QuickSort,det_med3,sorted,1000,189,165529144641,11804,1332,0.014664,10
QuickSort,det_med3,sorted,1000,190,165529144642,11804,1332,0.031956,10
QuickSort,det_med3,sorted,1000,191,165529144643,11804,1332,0.014886,10
QuickSort,det_med3,sorted,1000,192,165529144644,11804,1332,0.015178,10
QuickSort,det_med3,sorted,1000,193,165529144645,11804,1332,0.015097,10
QuickSort,det_med3,sorted,1000,194,165529144646,11804,1332,0.015178,10
QuickSort,det_med3,sorted,1000,195,165529144647,11804,1332,0.015278,10
QuickSort,det_med3,sorted,1000,196,165529144648,11804,1332,0.021982,10
QuickSort,det_med3,sorted,1000,197,165529144649,11804,1332,0.019646,10
QuickSort,det_med3,sorted,1000,198,165529144650,11804,1332,0.019042,10
QuickSort,det_med3,sorted,1000,199,165529144651,11804,1332,0.021730,10
QuickSort,det_med3,sorted,10000,0,179186297421,151647,13332,0.199368,14
QuickSort,det_med3,sorted,10000,1,179186297422,151647,13332,0.285820,14
QuickSort,det_med3,sorted,10000,2,179186297423,151647,13332,0.254036,14
QuickSort,det_med3,sorted,10000,3,179186297424,151647,13332,0.264400,14
QuickSort,det_med3,sorted,10000,4,179186297425,151647,13332,0.240824,14
QuickSort,det_med3,sorted,10000,5,179186297426,151647,13332,0.191031,14
QuickSort,det_med3,sorted,10000,6,179186297427,151647,13332,0.217554,14
QuickSort,det_med3,sorted,10000,7,179186297428,151647,13332,0.164548,14
QuickSort,det_med3,sorted,10000,8,179186297429,151647,13332,0.164479,14
QuickSort,det_med3,sorted,10000,9,179186297430,151647,13332,0.165349,14
QuickSort,det_med3,sorted,10000,10,179186297431,151647,13332,0.186532,14
QuickSort,det_med3,sorted,10000,11,179186297432,151647,13332,0.164221,14
QuickSort,det_med3,sorted,10000,12,179186297433,151647,13332,0.164083,14
QuickSort,det_med3,sorted,10000,13,179186297434,151647,13332,0.165319,14
QuickSort,det_med3,sorted,10000,14,179186297435,151647,13332,0.164568,14
QuickSort,det_med3,sorted,10000,15,179186297436,151647,13332,0.183693,14
QuickSort,det_med3,sorted,10000,16,179186297437,151647,13332,0.198191,14
QuickSort,det_med3,sorted,10000,17,179186297438,151647,13332,0.237917,14
QuickSort,det_med3,sorted,10000,18,179186297439,151647,13332,0.164469,14
QuickSort,det_med3,sorted,10000,19,179186297440,151647,13332,0.164488,14
QuickSort,det_med3,sorted,10000,20,179186297441,151647,13332,0.266655,14
QuickSort,det_med3,sorted,10000,21,179186297442,151647,13332,0.342634,14
QuickSort,det_med3,sorted,10000,22,179186297443,151647,13332,0.338955,14
QuickSort,det_med3,sorted,10000,23,179186297444,151647,13332,0.304442,14
QuickSort,det_med3,sorted,10000,24,179186297445,151647,13332,0.200031,14
QuickSort,det_med3,sorted,10000,25,179186297446,151647,13332,0.169344,14
QuickSort,det_med3,sorted,10000,26,179186297447,151647,13332,0.166911,14
QuickSort,det_med3,sorted,10000,27,179186297448,151647,13332,0.199289,14
QuickSort,det_med3,sorted,10000,28,179186297449,151647,13332,0.166427,14
QuickSort,det_med3,sorted,10000,29,179186297450,151647,13332,0.195827,14
QuickSort,det_med3,sorted,10000,30,179186297451,151647,13332,0.165369,14
QuickSort,det_med3,sorted,10000,31,179186297452,151647,13332,0.164212,14
QuickSort,det_med3,sorted,10000,32,179186297453,151647,13332,0.164004,14
QuickSort,det_med3,sorted,10000,33,179186297454,151647,13332,0.164815,14
QuickSort,det_med3,sorted,10000,34,179186297455,151647,13332,0.164241,14
QuickSort,det_med3,sorted,10000,35,179186297456,151647,13332,0.179956,14
QuickSort,det_med3,sorted,10000,36,179186297457,151647,13332,0.165468,14
QuickSort,det_med3,sorted,10000,37,179186297458,151647,13332,0.165092,14
QuickSort,det_med3,sorted,10000,38,179186297459,151647,13332,0.164914,14
QuickSort,det_med3,sorted,10000,39,179186297460,151647,13332,0.164449,14
QuickSort,det_med3,sorted,10000,40,179186297461,151647,13332,0.164192,14
QuickSort,det_med3,sorted,10000,41,179186297462,151647,13332,0.184396,14
QuickSort,det_med3,sorted,10000,42,179186297463,151647,13332,0.166783,14
QuickSort,det_med3,sorted,10000,43,179186297464,151647,13332,0.164795,14
QuickSort,det_med3,sorted,10000,44,179186297465,151647,13332,0.164043,14
QuickSort,det_med3,sorted,10000,45,179186297466,151647,13332,0.165508,14
QuickSort,det_med3,sorted,10000,46,179186297467,151647,13332,0.183258,14
QuickSort,det_med3,sorted,10000,47,179186297468,151647,13332,0.165922,14
QuickSort,det_med3,sorted,10000,48,179186297469,151647,13332,0.164963,14
QuickSort,det_med3,sorted,10000,49,179186297470,151647,13332,0.165190,14
QuickSort,det_med3,sorted,10000,50,179186297471,151647,13332,0.164192,14
QuickSort,det_med3,sorted,10000,51,179186297472,151647,13332,0.165705,14
QuickSort,det_med3,sorted,10000,52,179186297473,151647,13332,0.180856,14
QuickSort,det_med3,sorted,10000,53,179186297474,151647,13332,0.164231,14
QuickSort,det_med3,sorted,10000,54,179186297475,151647,13332,0.165686,14
QuickSort,det_med3,sorted,10000,55,179186297476,151647,13332,0.166417,14
QuickSort,det_med3,sorted,10000,56,179186297477,151647,13332,0.166931,14
QuickSort,det_med3,sorted,10000,57,179186297478,151647,13332,0.165715,14
QuickSort,det_med3,sorted,10000,58,179186297479,151647,13332,0.194829,14
QuickSort,det_med3,sorted,10000,59,179186297480,151647,13332,0.168039,14
QuickSort,det_med3,sorted,10000,60,179186297481,151647,13332,0.684645,14
QuickSort,det_med3,sorted,10000,61,179186297482,151647,13332,0.643169,14
QuickSort,det_med3,sorted,10000,62,179186297483,151647,13332,0.167761,14
QuickSort,det_med3,sorted,10000,63,179186297484,151647,13332,0.167218,14
QuickSort,det_med3,sorted,10000,64,179186297485,151647,13332,0.362422,14
QuickSort,det_med3,sorted,10000,65,179186297486,151647,13332,0.181290,14
QuickSort,det_med3,sorted,10000,66,179186297487,151647,13332,0.165566,14
QuickSort,det_med3,sorted,10000,67,179186297488,151647,13332,0.163905,14
QuickSort,det_med3,sorted,10000,68,179186297489,151647,13332,0.165764,14
QuickSort,det_med3,sorted,10000,69,179186297490,151647,13332,0.164725,14
QuickSort,det_med3,sorted,10000,70,179186297491,151647,13332,0.198300,14
QuickSort,det_med3,sorted,10000,71,179186297492,151647,13332,0.171698,14
QuickSort,det_med3,sorted,10000,72,179186297493,151647,13332,0.164993,14
QuickSort,det_med3,sorted,10000,73,179186297494,151647,13332,0.164696,14
QuickSort,det_med3,sorted,10000,74,179186297495,151647,13332,0.164202,14
QuickSort,det_med3,sorted,10000,75,179186297496,151647,13332,0.164390,14
QuickSort,det_med3,sorted,10000,76,179186297497,151647,13332,0.173527,14
QuickSort,det_med3,sorted,10000,77,179186297498,151647,13332,0.165062,14
QuickSort,det_med3,sorted,10000,78,179186297499,151647,13332,0.164270,14
QuickSort,det_med3,sorted,10000,79,179186297500,151647,13332,0.165774,14
QuickSort,det_med3,sorted,10000,80,179186297501,151647,13332,0.164943,14
QuickSort,det_med3,sorted,10000,81,179186297502,151647,13332,0.181389,14
QuickSort,det_med3,sorted,10000,82,179186297503,151647,13332,0.165755,14
QuickSort,det_med3,sorted,10000,83,179186297504,151647,13332,0.166457,14
QuickSort,det_med3,sorted,10000,84,179186297505,151647,13332,0.165527,14
QuickSort,det_med3,sorted,10000,85,179186297506,151647,13332,0.183624,14
QuickSort,det_med3,sorted,10000,86,179186297507,151647,13332,0.172498,14
QuickSort,det_med3,sorted,10000,87,179186297508,151647,13332,0.166723,14
QuickSort,det_med3,sorted,10000,88,179186297509,151647,13332,0.167297,14
QuickSort,det_med3,sorted,10000,89,179186297510,151647,13332,0.166209,14
QuickSort,det_med3,sorted,10000,90,179186297511,151647,13332,0.166734,14
QuickSort,det_med3,sorted,10000,91,179186297512,151647,13332,0.166575,14
QuickSort,det_med3,sorted,10000,92,179186297513,151647,13332,0.173508,14
QuickSort,det_med3,sorted,10000,93,179186297514,151647,13332,0.166100,14
QuickSort,det_med3,sorted,10000,94,179186297515,151647,13332,0.167080,14
QuickSort,det_med3,sorted,10000,95,179186297516,151647,13332,0.166367,14
QuickSort,det_med3,sorted,10000,96,179186297517,151647,13332,0.166259,14
QuickSort,det_med3,sorted,10000,97,179186297518,151647,13332,0.176128,14
QuickSort,det_med3,sorted,10000,98,179186297519,151647,13332,0.173418,14
QuickSort,det_med3,sorted,10000,99,179186297520,151647,13332,0.165072,14
QuickSort,det_med3,sorted,5000,0,169448371843,70821,6664,0.088683,13
QuickSort,det_med3,sorted,5000,1,169448371844,70821,6664,0.083602,13
QuickSort,det_med3,sorted,5000,2,169448371845,70821,6664,0.082819,13
QuickSort,det_med3,sorted,5000,3,169448371846,70821,6664,0.082688,13
QuickSort,det_med3,sorted,5000,4,169448371847,70821,6664,0.082337,13
QuickSort,det_med3,sorted,5000,5,169448371848,70821,6664,0.094305,13
QuickSort,det_med3,sorted,5000,6,169448371849,70821,6664,0.110127,13
QuickSort,det_med3,sorted,5000,7,169448371850,70821,6664,0.111594,13
QuickSort,det_med3,sorted,5000,8,169448371851,70821,6664,0.107939,13
QuickSort,det_med3,sorted,5000,9,169448371852,70821,6664,0.110730,13
QuickSort,det_med3,sorted,5000,10,169448371853,70821,6664,0.100620,13
QuickSort,det_med3,sorted,5000,11,169448371854,70821,6664,0.104275,13
QuickSort,det_med3,sorted,5000,12,169448371855,70821,6664,0.105660,13
QuickSort,det_med3,sorted,5000,13,169448371856,70821,6664,0.116433,13
QuickSort,det_med3,sorted,5000,14,169448371857,70821,6664,0.111564,13
QuickSort,det_med3,sorted,5000,15,169448371858,70821,6664,0.269010,13
QuickSort,det_med3,sorted,5000,16,169448371859,70821,6664,0.111322,13
QuickSort,det_med3,sorted,5000,17,169448371860,70821,6664,0.111604,13
QuickSort,det_med3,sorted,5000,18,169448371861,70821,6664,0.107547,13
QuickSort,det_med3,sorted,5000,19,169448371862,70821,6664,0.109265,13
QuickSort,det_med3,sorted,5000,20,169448371863,70821,6664,0.109716,13
QuickSort,det_med3,sorted,5000,21,169448371864,70821,6664,0.407530,13
QuickSort,det_med3,sorted,5000,22,169448371865,70821,6664,0.104224,13
QuickSort,det_med3,sorted,5000,23,169448371866,70821,6664,0.107537,13
QuickSort,det_med3,sorted,5000,24,169448371867,70821,6664,0.110971,13
QuickSort,det_med3,sorted,5000,25,169448371868,70821,6664,0.108943,13
QuickSort,det_med3,sorted,5000,26,169448371869,70821,6664,0.104375,13
QuickSort,det_med3,sorted,5000,27,169448371870,70821,6664,0.113401,13
QuickSort,det_med3,sorted,5000,28,169448371871,70821,6664,0.107126,13
QuickSort,det_med3,sorted,5000,29,169448371872,70821,6664,0.115820,13
QuickSort,det_med3,sorted,5000,30,169448371873,70821,6664,0.106424,13
QuickSort,det_med3,sorted,5000,31,169448371874,70821,6664,0.104426,13
QuickSort,det_med3,sorted,5000,32,169448371875,70821,6664,0.108421,13
QuickSort,det_med3,sorted,5000,33,169448371876,70821,6664,0.108953,13
QuickSort,det_med3,sorted,5000,34,169448371877,70821,6664,0.109034,13
QuickSort,det_med3,sorted,5000,35,169448371878,70821,6664,0.110389,13
QuickSort,det_med3,sorted,5000,36,169448371879,70821,6664,0.143099,13
QuickSort,det_med3,sorted,5000,37,169448371880,70821,6664,0.109827,13
QuickSort,det_med3,sorted,5000,38,169448371881,70821,6664,0.108331,13
QuickSort,det_med3,sorted,5000,39,169448371882,70821,6664,0.111112,13
QuickSort,det_med3,sorted,5000,40,169448371883,70821,6664,0.101694,13
QuickSort,det_med3,sorted,5000,41,169448371884,70821,6664,0.098863,13
QuickSort,det_med3,sorted,5000,42,169448371885,70821,6664,0.105198,13
QuickSort,det_med3,sorted,5000,43,169448371886,70821,6664,0.107749,13
QuickSort,det_med3,sorted,5000,44,169448371887,70821,6664,0.115087,13
QuickSort,det_med3,sorted,5000,45,169448371888,70821,6664,0.111544,13
QuickSort,det_med3,sorted,5000,46,169448371889,70821,6664,0.112066,13
QuickSort,det_med3,sorted,5000,47,169448371890,70821,6664,0.113712,13
QuickSort,det_med3,sorted,5000,48,169448371891,70821,6664,0.114455,13
QuickSort,det_med3,sorted,5000,49,169448371892,70821,6664,0.111814,13
QuickSort,det_med3,sorted,5000,50,169448371893,70821,6664,0.152607,13
QuickSort,det_med3,sorted,5000,51,169448371894,70821,6664,0.107286,13
QuickSort,det_med3,sorted,5000,52,169448371895,70821,6664,0.116433,13
QuickSort,det_med3,sorted,5000,53,169448371896,70821,6664,0.117436,13
QuickSort,det_med3,sorted,5000,54,169448371897,70821,6664,0.117035,13
QuickSort,det_med3,sorted,5000,55,169448371898,70821,6664,0.119605,13
QuickSort,det_med3,sorted,5000,56,169448371899,70821,6664,0.119576,13
QuickSort,det_med3,sorted,5000,57,169448371900,70821,6664,0.119726,13
QuickSort,det_med3,sorted,5000,58,169448371901,70821,6664,0.203459,13
QuickSort,det_med3,sorted,5000,59,169448371902,70821,6664,0.118230,13
QuickSort,det_med3,sorted,5000,60,169448371903,70821,6664,0.117447,13
QuickSort,det_med3,sorted,5000,61,169448371904,70821,6664,0.329982,13
QuickSort,det_med3,sorted,5000,62,169448371905,70821,6664,0.111453,13
QuickSort,det_med3,sorted,5000,63,169448371906,70821,6664,0.108491,13
QuickSort,det_med3,sorted,5000,64,169448371907,70821,6664,0.107768,13
QuickSort,det_med3,sorted,5000,65,169448371908,70821,6664,0.112216,13
QuickSort,det_med3,sorted,5000,66,169448371909,70821,6664,0.113652,13
QuickSort,det_med3,sorted,5000,67,169448371910,70821,6664,0.115911,13
QuickSort,det_med3,sorted,5000,68,169448371911,70821,6664,0.092237,13
QuickSort,det_med3,sorted,5000,69,169448371912,70821,6664,0.093000,13
QuickSort,det_med3,sorted,5000,70,169448371913,70821,6664,0.108782,13
QuickSort,det_med3,sorted,5000,71,169448371914,70821,6664,0.126352,13
QuickSort,det_med3,sorted,5000,72,169448371915,70821,6664,0.130860,13
QuickSort,det_med3,sorted,5000,73,169448371916,70821,6664,0.134565,13
QuickSort,det_med3,sorted,5000,74,169448371917,70821,6664,0.156211,13
QuickSort,det_med3,sorted,5000,75,169448371918,70821,6664,0.082548,13
QuickSort,det_med3,sorted,5000,76,169448371919,70821,6664,0.090760,13
QuickSort,det_med3,sorted,5000,77,169448371920,70821,6664,0.097096,13
QuickSort,det_med3,sorted,5000,78,169448371921,70821,6664,0.084676,13
QuickSort,det_med3,sorted,5000,79,169448371922,70821,6664,0.081574,13
QuickSort,det_med3,sorted,5000,80,169448371923,70821,6664,0.082016,13
QuickSort,det_med3,sorted,5000,81,169448371924,70821,6664,0.081534,13
QuickSort,det_med3,sorted,5000,82,169448371925,70821,6664,0.120378,13
QuickSort,det_med3,sorted,5000,83,169448371926,70821,6664,0.107929,13
QuickSort,det_med3,sorted,5000,84,169448371927,70821,6664,0.084747,13
QuickSort,det_med3,sorted,5000,85,169448371928,70821,6664,0.082227,13
QuickSort,det_med3,sorted,5000,86,169448371929,70821,6664,0.082177,13
QuickSort,det_med3,sorted,5000,87,169448371930,70821,6664,0.081163,13
QuickSort,det_med3,sorted,5000,88,169448371931,70821,6664,0.081162,13
QuickSort,det_med3,sorted,5000,89,169448371932,70821,6664,0.082067,13
QuickSort,det_med3,sorted,5000,90,169448371933,70821,6664,0.082106,13
QuickSort,det_med3,sorted,5000,91,169448371934,70821,6664,0.082006,13
QuickSort,det_med3,sorted,5000,92,169448371935,70821,6664,0.080902,13
QuickSort,det_med3,sorted,5000,93,169448371936,70821,6664,0.094365,13
QuickSort,det_med3,sorted,5000,94,169448371937,70821,6664,0.081243,13
QuickSort,det_med3,sorted,5000,95,169448371938,70821,6664,0.080751,13
QuickSort,det_med3,sorted,5000,96,169448371939,70821,6664,0.081755,13
QuickSort,det_med3,sorted,5000,97,169448371940,70821,6664,0.081675,13
QuickSort,det_med3,sorted,5000,98,169448371941,70821,6664,0.148912,13
QuickSort,det_med3,sorted,5000,99,169448371942,70821,6664,0.087538,13
QuickSort,det_med3,sorted,5000,100,169448371943,70821,6664,0.080741,13
QuickSort,det_med3,sorted,5000,101,169448371944,70821,6664,0.081233,13
QuickSort,det_med3,sorted,5000,102,169448371945,70821,6664,0.081655,13
QuickSort,det_med3,sorted,5000,103,169448371946,70821,6664,0.081514,13
QuickSort,det_med3,sorted,5000,104,169448371947,70821,6664,0.101744,13
QuickSort,det_med3,sorted,5000,105,169448371948,70821,6664,0.081654,13
QuickSort,det_med3,sorted,5000,106,169448371949,70821,6664,0.080932,13
QuickSort,det_med3,sorted,5000,107,169448371950,70821,6664,0.081565,13
QuickSort,det_med3,sorted,5000,108,169448371951,70821,6664,0.081092,13
QuickSort,det_med3,sorted,5000,109,169448371952,70821,6664,0.082277,13
QuickSort,det_med3,sorted,5000,110,169448371953,70821,6664,0.080901,13
QuickSort,det_med3,sorted,5000,111,169448371954,70821,6664,0.081243,13
QuickSort,det_med3,sorted,5000,112,169448371955,70821,6664,0.081545,13
QuickSort,det_med3,sorted,5000,113,169448371956,70821,6664,0.081393,13
QuickSort,det_med3,sorted,5000,114,169448371957,70821,6664,0.080189,13
QuickSort,det_med3,sorted,5000,115,169448371958,70821,6664,0.081313,13
QuickSort,det_med3,sorted,5000,116,169448371959,70821,6664,0.087629,13
QuickSort,det_med3,sorted,5000,117,169448371960,70821,6664,0.083070,13
QuickSort,det_med3,sorted,5000,118,169448371961,70821,6664,0.081263,13
QuickSort,det_med3,sorted,5000,119,169448371962,70821,6664,0.081554,13
QuickSort,det_med3,sorted,5000,120,169448371963,70821,6664,0.080359,13
QuickSort,det_med3,sorted,5000,121,169448371964,70821,6664,0.081133,13
QuickSort,det_med3,sorted,5000,122,169448371965,70821,6664,0.107216,13
QuickSort,det_med3,sorted,5000,123,169448371966,70821,6664,0.114515,13
QuickSort,det_med3,sorted,5000,124,169448371967,70821,6664,0.080751,13
QuickSort,det_med3,sorted,5000,125,169448371968,70821,6664,0.081192,13
QuickSort,det_med3,sorted,5000,126,169448371969,70821,6664,0.080972,13
QuickSort,det_med3,sorted,5000,127,169448371970,70821,6664,0.081514,13
QuickSort,det_med3,sorted,5000,128,169448371971,70821,6664,0.080771,13
QuickSort,det_med3,sorted,5000,129,169448371972,70821,6664,0.081133,13
QuickSort,det_med3,sorted,5000,130,169448371973,70821,6664,0.092106,13
QuickSort,det_med3,sorted,5000,131,169448371974,70821,6664,0.092317,13
QuickSort,det_med3,sorted,5000,132,169448371975,70821,6664,0.093903,13
QuickSort,det_med3,sorted,5000,133,169448371976,70821,6664,0.100921,13
QuickSort,det_med3,sorted,5000,134,169448371977,70821,6664,0.143451,13
QuickSort,det_med3,sorted,5000,135,169448371978,70821,6664,0.094034,13
QuickSort,det_med3,sorted,5000,136,169448371979,70821,6664,0.081343,13
QuickSort,det_med3,sorted,5000,137,169448371980,70821,6664,0.081033,13
QuickSort,det_med3,sorted,5000,138,169448371981,70821,6664,0.081032,13
QuickSort,det_med3,sorted,5000,139,169448371982,70821,6664,0.080872,13
QuickSort,det_med3,sorted,5000,140,169448371983,70821,6664,0.081574,13
QuickSort,det_med3,sorted,5000,141,169448371984,70821,6664,0.105670,13
QuickSort,det_med3,sorted,5000,142,169448371985,70821,6664,0.087990,13
QuickSort,det_med3,sorted,5000,143,169448371986,70821,6664,0.081223,13
QuickSort,det_med3,sorted,5000,144,169448371987,70821,6664,0.081574,13
QuickSort,det_med3,sorted,5000,145,169448371988,70821,6664,0.105077,13
QuickSort,det_med3,sorted,5000,146,169448371989,70821,6664,0.089626,13
QuickSort,det_med3,sorted,5000,147,169448371990,70821,6664,0.100259,13
QuickSort,det_med3,sorted,5000,148,169448371991,70821,6664,0.083763,13
QuickSort,det_med3,sorted,5000,149,169448371992,70821,6664,0.081494,13
QuickSort,det_med3,sorted,5000,150,169448371993,70821,6664,0.110972,13
QuickSort,det_med3,sorted,5000,151,169448371994,70821,6664,0.113743,13
QuickSort,det_med3,sorted,5000,152,169448371995,70821,6664,0.114164,13
QuickSort,det_med3,sorted,5000,153,169448371996,70821,6664,0.090028,13
QuickSort,det_med3,sorted,5000,154,169448371997,70821,6664,0.081213,13
QuickSort,det_med3,sorted,5000,155,169448371998,70821,6664,0.127737,13
QuickSort,det_med3,sorted,5000,156,169448371999,70821,6664,0.111553,13
QuickSort,det_med3,sorted,5000,157,169448372000,70821,6664,0.096574,13
QuickSort,det_med3,sorted,5000,158,169448372001,70821,6664,0.085238,13
QuickSort,det_med3,sorted,5000,159,169448372002,70821,6664,0.084255,13
QuickSort,det_med3,sorted,5000,160,169448372003,70821,6664,0.089706,13
QuickSort,det_med3,sorted,5000,161,169448372004,70821,6664,0.091133,13
QuickSort,det_med3,sorted,5000,162,169448372005,70821,6664,0.090831,13
QuickSort,det_med3,sorted,5000,163,169448372006,70821,6664,0.081414,13
QuickSort,det_med3,sorted,5000,164,169448372007,70821,6664,0.096062,13
QuickSort,det_med3,sorted,5000,165,169448372008,70821,6664,0.081032,13
QuickSort,det_med3,sorted,5000,166,169448372009,70821,6664,0.080560,13
QuickSort,det_med3,sorted,5000,167,169448372010,70821,6664,0.081364,13
QuickSort,det_med3,sorted,5000,168,169448372011,70821,6664,0.080680,13
QuickSort,det_med3,sorted,5000,169,169448372012,70821,6664,0.080741,13
QuickSort,det_med3,sorted,5000,170,169448372013,70821,6664,0.080168,13
QuickSort,det_med3,sorted,5000,171,169448372014,70821,6664,0.080730,13
QuickSort,det_med3,sorted,5000,172,169448372015,70821,6664,0.091965,13
QuickSort,det_med3,sorted,5000,173,169448372016,70821,6664,0.081434,13
QuickSort,det_med3,sorted,5000,174,169448372017,70821,6664,0.100228,13
QuickSort,det_med3,sorted,5000,175,169448372018,70821,6664,0.081403,13
QuickSort,det_med3,sorted,5000,176,169448372019,70821,6664,0.081494,13
QuickSort,det_med3,sorted,5000,177,169448372020,70821,6664,0.085882,13
QuickSort,det_med3,sorted,5000,178,169448372021,70821,6664,0.088361,13
QuickSort,det_med3,sorted,5000,179,169448372022,70821,6664,0.082749,13
QuickSort,det_med3,sorted,5000,180,169448372023,70821,6664,0.082247,13
QuickSort,det_med3,sorted,5000,181,169448372024,70821,6664,0.081092,13
QuickSort,det_med3,sorted,5000,182,169448372025,70821,6664,0.080861,13
QuickSort,det_med3,sorted,5000,183,169448372026,70821,6664,0.080921,13
QuickSort,det_med3,sorted,5000,184,169448372027,70821,6664,0.081414,13
QuickSort,det_med3,sorted,5000,185,169448372028,70821,6664,0.081133,13
QuickSort,det_med3,sorted,5000,186,169448372029,70821,6664,0.081645,13
QuickSort,det_med3,sorted,5000,187,169448372030,70821,6664,0.081413,13
QuickSort,det_med3,sorted,5000,188,169448372031,70821,6664,0.081444,13
QuickSort,det_med3,sorted,5000,189,169448372032,70821,6664,0.090028,13
QuickSort,det_med3,sorted,5000,190,169448372033,70821,6664,0.083301,13
QuickSort,det_med3,sorted,5000,191,169448372034,70821,6664,0.080931,13
QuickSort,det_med3,sorted,5000,192,169448372035,70821,6664,0.080912,13
QuickSort,det_med3,sorted,5000,193,169448372036,70821,6664,0.081133,13
QuickSort,det_med3,sorted,5000,194,169448372037,70821,6664,0.081574,13
QuickSort,det_med3,sorted,5000,195,169448372038,70821,6664,0.081073,13
QuickSort,det_med3,sorted,5000,196,169448372039,70821,6664,0.081845,13
QuickSort,det_med3,sorted,5000,197,169448372040,70821,6664,0.081373,13
QuickSort,det_med3,sorted,5000,198,169448372041,70821,6664,0.191632,13
QuickSort,det_med3,sorted,5000,199,169448372042,70821,6664,0.115992,13
QuickSort,det_med3,sorted,50000,0,225731458278,873539,66664,0.927480,16
QuickSort,det_med3,sorted,50000,1,225731458279,873539,66664,0.904332,16
QuickSort,det_med3,sorted,50000,2,225731458280,873539,66664,0.910031,16
QuickSort,det_med3,sorted,50000,3,225731458281,873539,66664,0.902308,16
QuickSort,det_med3,sorted,50000,4,225731458282,873539,66664,0.921910,16
QuickSort,det_med3,sorted,50000,5,225731458283,873539,66664,0.897280,16
QuickSort,det_med3,sorted,50000,6,225731458284,873539,66664,0.935202,16
QuickSort,det_med3,sorted,50000,7,225731458285,873539,66664,0.977141,16
QuickSort,det_med3,sorted,50000,8,225731458286,873539,66664,1.053157,16
QuickSort,det_med3,sorted,50000,9,225731458287,873539,66664,0.939690,16
QuickSort,det_med3,sorted,50000,10,225731458288,873539,66664,0.911383,16
QuickSort,det_med3,sorted,50000,11,225731458289,873539,66664,0.894405,16
QuickSort,det_med3,sorted,50000,12,225731458290,873539,66664,1.587878,16
QuickSort,det_med3,sorted,50000,13,225731458291,873539,66664,1.545379,16
QuickSort,det_med3,sorted,50000,14,225731458292,873539,66664,1.514107,16
QuickSort,det_med3,sorted,50000,15,225731458293,873539,66664,1.567656,16
QuickSort,det_med3,sorted,50000,16,225731458294,873539,66664,1.206680,16
QuickSort,det_med3,sorted,50000,17,225731458295,873539,66664,0.939520,16
QuickSort,det_med3,sorted,50000,18,225731458296,873539,66664,1.301656,16
QuickSort,det_med3,sorted,50000,19,225731458297,873539,66664,1.346491,16
QuickSort,det_med3,sorted,50000,20,225731458298,873539,66664,1.388790,16
QuickSort,det_med3,sorted,50000,21,225731458299,873539,66664,1.060699,16
QuickSort,det_med3,sorted,50000,22,225731458300,873539,66664,0.948004,16
QuickSort,det_med3,sorted,50000,23,225731458301,873539,66664,1.446545,16
QuickSort,det_med3,sorted,50000,24,225731458302,873539,66664,1.504411,16
QuickSort,det_med3,sorted,50000,25,225731458303,873539,66664,1.064445,16
QuickSort,det_med3,sorted,50000,26,225731458304,873539,66664,0.909520,16
QuickSort,det_med3,sorted,50000,27,225731458305,873539,66664,0.914218,16
QuickSort,det_med3,sorted,50000,28,225731458306,873539,66664,0.902589,16
QuickSort,det_med3,sorted,50000,29,225731458307,873539,66664,0.950408,16
QuickSort,random,few_distinct,1000,0,165882878888,12297,4874,0.045413,13
QuickSort,random,few_distinct,1000,1,165882878889,11998,4909,0.042836,13
QuickSort,random,few_distinct,1000,2,165882878890,12008,4943,0.040793,14
QuickSort,random,few_distinct,1000,3,165882878891,12245,4895,0.041588,14
QuickSort,random,few_distinct,1000,4,165882878892,12545,4856,0.040380,14
QuickSort,random,few_distinct,1000,5,165882878893,12195,4923,0.045665,13
QuickSort,random,few_distinct,1000,6,165882878894,11933,4901,0.048030,13
QuickSort,random,few_distinct,1000,7,165882878895,12084,4901,0.040582,13
QuickSort,random,few_distinct,1000,8,165882878896,12082,4902,0.048513,14
QuickSort,random,few_distinct,1000,9,165882878897,11984,4907,0.048553,13
QuickSort,random,few_distinct,1000,10,165882878898,11975,4921,0.050847,13
QuickSort,random,few_distinct,1000,11,165882878899,12314,4891,0.050063,13
QuickSort,random,few_distinct,1000,12,165882878900,12109,4898,0.046188,14
QuickSort,random,few_distinct,1000,13,165882878901,12659,4862,0.046560,16
QuickSort,random,few_distinct,1000,14,165882878902,12159,4886,0.047113,13
QuickSort,random,few_distinct,1000,15,165882878903,12112,4862,0.040974,14
QuickSort,random,few_distinct,1000,16,165882878904,12244,4870,0.046238,14
QuickSort,random,few_distinct,1000,17,165882878905,12430,4857,0.046993,15
QuickSort,random,few_distinct,1000,18,165882878906,12100,4910,0.042091,13
QuickSort,random,few_distinct,1000,19,165882878907,11942,4886,0.041508,14
QuickSort,random,few_distinct,1000,20,165882878908,12403,4848,0.043078,14
QuickSort,random,few_distinct,1000,21,165882878909,11999,4912,0.051149,13
QuickSort,random,few_distinct,1000,22,165882878910,12120,4917,0.049459,14
QuickSort,random,few_distinct,1000,23,165882878911,12500,4848,0.084122,15
QuickSort,random,few_distinct,1000,24,165882878912,12413,4831,0.047808,14
QuickSort,random,few_distinct,1000,25,165882878913,11990,4907,0.047073,14
QuickSort,random,few_distinct,1000,26,165882878914,12177,4871,0.044799,13
QuickSort,random,few_distinct,1000,27,165882878915,12471,4832,0.047033,14
QuickSort,random,few_distinct,1000,28,165882878916,11893,4892,0.048734,13
QuickSort,random,few_distinct,1000,29,165882878917,12031,4930,0.041166,13
QuickSort,random,few_distinct,1000,30,165882878918,12162,4876,0.044547,13
QuickSort,random,few_distinct,1000,31,165882878919,12261,4837,0.042866,14
QuickSort,random,few_distinct,1000,32,165882878920,12029,4895,0.048010,13
QuickSort,random,few_distinct,1000,33,165882878921,12435,4870,0.039233,14
QuickSort,random,few_distinct,1000,34,165882878922,12450,4828,0.039183,15
QuickSort,random,few_distinct,1000,35,165882878923,11984,4918,0.040108,14
QuickSort,random,few_distinct,1000,36,165882878924,12175,4946,0.040240,14
QuickSort,random,few_distinct,1000,37,165882878925,12078,4935,0.039797,13
QuickSort,random,few_distinct,1000,38,165882878926,12512,4836,0.040290,14
QuickSort,random,few_distinct,1000,39,165882878927,12170,4897,0.040391,14
QuickSort,random,few_distinct,1000,40,165882878928,12198,4901,0.040541,14
QuickSort,random,few_distinct,1000,41,165882878929,12299,4886,0.040260,14
QuickSort,random,few_distinct,1000,42,165882878930,12178,4901,0.050868,14
QuickSort,random,few_distinct,1000,43,165882878931,11944,4948,0.049288,13
QuickSort,random,few_distinct,1000,44,165882878932,12085,4885,0.049015,14
QuickSort,random,few_distinct,1000,45,165882878933,12185,4882,0.050304,14
QuickSort,random,few_distinct,1000,46,165882878934,12079,4910,0.050535,13
QuickSort,random,few_distinct,1000,47,165882878935,12010,4919,0.052357,13
QuickSort,random,few_distinct,1000,48,165882878936,12450,4848,0.048664,15
QuickSort,random,few_distinct,1000,49,165882878937,12047,4953,0.047355,13
QuickSort,random,few_distinct,1000,50,165882878938,12561,4860,0.048341,15
QuickSort,random,few_distinct,1000,51,165882878939,12244,4917,0.054008,15
QuickSort,random,few_distinct,1000,52,165882878940,12479,4851,0.048412,15
QuickSort,random,few_distinct,1000,53,165882878941,12226,4865,0.050576,14
QuickSort,random,few_distinct,1000,54,165882878942,12019,4902,0.053153,13
QuickSort,random,few_distinct,1000,55,165882878943,12048,4918,0.048543,13
QuickSort,random,few_distinct,1000,56,165882878944,11995,4956,0.053505,13
QuickSort,random,few_distinct,1000,57,165882878945,12202,4857,0.054149,13
QuickSort,random,few_distinct,1000,58,165882878946,12290,4884,0.112028,14
QuickSort,random,few_distinct,1000,59,165882878947,12201,4870,0.052961,14
QuickSort,random,few_distinct,1000,60,165882878948,12514,4909,0.053394,14
QuickSort,random,few_distinct,1000,61,165882878949,12708,4864,0.052438,16
QuickSort,random,few_distinct,1000,62,165882878950,12104,4904,0.054159,14
QuickSort,random,few_distinct,1000,63,165882878951,11937,4904,0.055830,13
QuickSort,random,few_distinct,1000,64,165882878952,12129,4872,0.054310,14
QuickSort,random,few_distinct,1000,65,165882878953,12186,4892,0.052529,13
QuickSort,random,few_distinct,1000,66,165882878954,12094,4875,0.054501,13
QuickSort,random,few_distinct,1000,67,165882878955,11891,4894,0.054259,12
QuickSort,random,few_distinct,1000,68,165882878956,12078,4878,0.094382,13
QuickSort,random,few_distinct,1000,69,165882878957,12212,4853,0.052578,15
QuickSort,random,few_distinct,1000,70,165882878958,12282,4860,0.047255,14
QuickSort,random,few_distinct,1000,71,165882878959,12447,4870,0.047516,14
QuickSort,random,few_distinct,1000,72,165882878960,12150,4919,0.049198,13
QuickSort,random,few_distinct,1000,73,165882878961,12055,4927,0.049157,13
QuickSort,random,few_distinct,1000,74,165882878962,12615,4868,0.048322,14
QuickSort,random,few_distinct,1000,75,165882878963,11965,4915,0.049932,14
QuickSort,random,few_distinct,1000,76,165882878964,12082,4872,0.052177,15
QuickSort,random,few_distinct,1000,77,165882878965,12342,4884,0.050777,15
QuickSort,random,few_distinct,1000,78,165882878966,12127,4892,0.084787,13
QuickSort,random,few_distinct,1000,79,165882878967,12049,4896,0.053716,15
QuickSort,random,few_distinct,1000,80,165882878968,12214,4881,0.050425,14
QuickSort,random,few_distinct,1000,81,165882878969,12403,4839,0.048593,15
QuickSort,random,few_distinct,1000,82,165882878970,11909,4922,0.049861,14
QuickSort,random,few_distinct,1000,83,165882878971,12257,4879,0.049579,13
QuickSort,random,few_distinct,1000,84,165882878972,12305,4935,0.049600,14
QuickSort,random,few_distinct,1000,85,165882878973,12623,4862,0.050857,15
QuickSort,random,few_distinct,1000,86,165882878974,12186,4884,0.049681,15
QuickSort,random,few_distinct,1000,87,165882878975,12160,4933,0.047547,13
QuickSort,random,few_distinct,1000,88,165882878976,12035,4877,0.046621,14
QuickSort,random,few_distinct,1000,89,165882878977,12020,4918,0.049419,14
QuickSort,random,few_distinct,1000,90,165882878978,12128,4868,0.047134,13
QuickSort,random,few_distinct,1000,91,165882878979,12097,4882,0.049348,13
QuickSort,random,few_distinct,1000,92,165882878980,12506,4871,0.048160,15
QuickSort,random,few_distinct,1000,93,165882878981,12026,4877,0.048745,13
QuickSort,random,few_distinct,1000,94,165882878982,12034,4910,0.049590,13
QuickSort,random,few_distinct,1000,95,165882878983,12151,4922,0.048381,13
QuickSort,random,few_distinct,1000,96,165882878984,12242,4897,0.048532,13
QuickSort,random,few_distinct,1000,97,165882878985,12064,4912,0.047727,14
QuickSort,random,few_distinct,1000,98,165882878986,12239,4890,0.046087,14
QuickSort,random,few_distinct,1000,99,165882878987,11987,4930,0.047134,13
QuickSort,random,few_distinct,1000,100,165882878988,12208,4865,0.046842,13
QuickSort,random,few_distinct,1000,101,165882878989,12248,4903,0.046892,15
QuickSort,random,few_distinct,1000,102,165882878990,12434,4860,0.046731,15
QuickSort,random,few_distinct,1000,103,165882878991,11987,4916,0.047496,13
QuickSort,random,few_distinct,1000,104,165882878992,12094,4935,0.048432,13
QuickSort,random,few_distinct,1000,105,165882878993,12174,4919,0.047878,15
QuickSort,random,few_distinct,1000,106,165882878994,12132,4891,0.047235,14
QuickSort,random,few_distinct,1000,107,165882878995,13321,4821,0.046469,16
QuickSort,random,few_distinct,1000,108,165882878996,12003,4902,0.046801,13
QuickSort,random,few_distinct,1000,109,165882878997,12094,4901,0.043812,14
QuickSort,random,few_distinct,1000,110,165882878998,12427,4863,0.048090,14
QuickSort,random,few_distinct,1000,111,165882878999,12097,4911,0.046389,13
QuickSort,random,few_distinct,1000,112,165882879000,12490,4857,0.045915,15
QuickSort,random,few_distinct,1000,113,165882879001,12506,4820,0.092466,14
QuickSort,random,few_distinct,1000,114,165882879002,12402,4884,0.051764,14
QuickSort,random,few_distinct,1000,115,165882879003,12008,4927,0.050194,13
QuickSort,random,few_distinct,1000,116,165882879004,12560,4840,0.049489,15
QuickSort,random,few_distinct,1000,117,165882879005,12002,4911,0.046952,14
QuickSort,random,few_distinct,1000,118,165882879006,12219,4905,0.048321,14
QuickSort,random,few_distinct,1000,119,165882879007,12015,4931,0.041769,13
QuickSort,random,few_distinct,1000,120,165882879008,12102,4863,0.051331,14
QuickSort,random,few_distinct,1000,121,165882879009,12051,4901,0.041215,13
QuickSort,random,few_distinct,1000,122,165882879010,12376,4845,0.040874,14
QuickSort,random,few_distinct,1000,123,165882879011,12226,4878,0.051190,14
QuickSort,random,few_distinct,1000,124,165882879012,12079,4918,0.040823,14
QuickSort,random,few_distinct,1000,125,165882879013,12539,4845,0.051170,15
QuickSort,random,few_distinct,1000,126,165882879014,12674,4840,0.040360,14
QuickSort,random,few_distinct,1000,127,165882879015,11967,4937,0.040581,13
QuickSort,random,few_distinct,1000,128,165882879016,12343,4850,0.040501,14
QuickSort,random,few_distinct,1000,129,165882879017,12167,4911,0.040602,14
QuickSort,random,few_distinct,1000,130,165882879018,12560,4812,0.040732,15
QuickSort,random,few_distinct,1000,131,165882879019,12506,4830,0.039142,14
QuickSort,random,few_distinct,1000,132,165882879020,12269,4873,0.039897,13
QuickSort,random,few_distinct,1000,133,165882879021,12002,4901,0.040844,13
QuickSort,random,few_distinct,1000,134,165882879022,12008,4897,0.041246,13
QuickSort,random,few_distinct,1000,135,165882879023,12404,4867,0.040370,14
QuickSort,random,few_distinct,1000,136,165882879024,12416,4889,0.039907,15
QuickSort,random,few_distinct,1000,137,165882879025,12794,4841,0.040058,16
QuickSort,random,few_distinct,1000,138,165882879026,11972,4907,0.041306,14
QuickSort,random,few_distinct,1000,139,165882879027,12109,4883,0.040320,13
QuickSort,random,few_distinct,1000,140,165882879028,12677,4873,0.040360,16
QuickSort,random,few_distinct,1000,141,165882879029,12174,4905,0.040259,16
QuickSort,random,few_distinct,1000,142,165882879030,12061,4865,0.040914,14
QuickSort,random,few_distinct,1000,143,165882879031,12029,4936,0.046580,13
QuickSort,random,few_distinct,1000,144,165882879032,12388,4905,0.054320,13
QuickSort,random,few_distinct,1000,145,165882879033,12430,4917,0.040038,14
QuickSort,random,few_distinct,1000,146,165882879034,12112,4901,0.040913,13
QuickSort,random,few_distinct,1000,147,165882879035,12005,4891,0.065723,14
QuickSort,random,few_distinct,1000,148,165882879036,12634,4825,0.039314,15
QuickSort,random,few_distinct,1000,149,165882879037,12488,4830,0.039504,16
QuickSort,random,few_distinct,1000,150,165882879038,12483,4872,0.039535,14
QuickSort,random,few_distinct,1000,151,165882879039,12047,4894,0.040752,13
QuickSort,random,few_distinct,1000,152,165882879040,12633,4815,0.038941,15
QuickSort,random,few_distinct,1000,153,165882879041,12002,4921,0.040723,13
QuickSort,random,few_distinct,1000,154,165882879042,12413,4839,0.038921,15
QuickSort,random,few_distinct,1000,155,165882879043,12264,4856,0.039877,14
QuickSort,random,few_distinct,1000,156,165882879044,12249,4908,0.039505,14
QuickSort,random,few_distinct,1000,157,165882879045,12522,4831,0.039635,15
QuickSort,random,few_distinct,1000,158,165882879046,12338,4883,0.040561,13
QuickSort,random,few_distinct,1000,159,165882879047,12084,4920,0.039947,14
QuickSort,random,few_distinct,1000,160,165882879048,13339,4838,0.038810,16
QuickSort,random,few_distinct,1000,161,165882879049,12277,4893,0.040178,14
QuickSort,random,few_distinct,1000,162,165882879050,12014,4963,0.040894,13
QuickSort,random,few_distinct,1000,163,165882879051,12621,4879,0.038598,14
QuickSort,random,few_distinct,1000,164,165882879052,11955,4886,0.040702,13
QuickSort,random,few_distinct,1000,165,165882879053,12092,4917,0.039726,13
QuickSort,random,few_distinct,1000,166,165882879054,12212,4899,0.039686,15
QuickSort,random,few_distinct,1000,167,165882879055,12357,4920,0.040692,14
QuickSort,random,few_distinct,1000,168,165882879056,12303,4862,0.040702,14
QuickSort,random,few_distinct,1000,169,165882879057,12011,4881,0.040984,13
QuickSort,random,few_distinct,1000,170,165882879058,11976,4941,0.039887,13
QuickSort,random,few_distinct,1000,171,165882879059,12383,4876,0.040612,13
QuickSort,random,few_distinct,1000,172,165882879060,12258,4867,0.039394,14
QuickSort,random,few_distinct,1000,173,165882879061,12556,4841,0.039333,14
QuickSort,random,few_distinct,1000,174,165882879062,12661,4864,0.038286,14
QuickSort,random,few_distinct,1000,175,165882879063,12118,4892,0.039997,14
QuickSort,random,few_distinct,1000,176,165882879064,12154,4890,0.040742,14
QuickSort,random,few_distinct,1000,177,165882879065,11961,4933,0.040813,13
QuickSort,random,few_distinct,1000,178,165882879066,11890,4910,0.041145,13
QuickSort,random,few_distinct,1000,179,165882879067,12037,4909,0.040773,13
QuickSort,random,few_distinct,1000,180,165882879068,12614,4823,0.039424,15
QuickSort,random,few_distinct,1000,181,165882879069,12157,4894,0.039404,14
QuickSort,random,few_distinct,1000,182,165882879070,12825,4793,0.039706,16
QuickSort,random,few_distinct,1000,183,165882879071,12393,4862,0.039384,15
QuickSort,random,few_distinct,1000,184,165882879072,12784,4811,0.039364,15
QuickSort,random,few_distinct,1000,185,165882879073,12759,4838,0.039686,15
QuickSort,random,few_distinct,1000,186,165882879074,12085,4862,0.040340,14
QuickSort,random,few_distinct,1000,187,165882879075,12272,4851,0.039434,14
QuickSort,random,few_distinct,1000,188,165882879076,12481,4861,0.038790,14
QuickSort,random,few_distinct,1000,189,165882879077,12241,4855,0.040430,14
QuickSort,random,few_distinct,1000,190,165882879078,12021,4926,0.055236,13
QuickSort,random,few_distinct,1000,191,165882879079,12157,4885,0.040340,14
QuickSort,random,few_distinct,1000,192,165882879080,12183,4915,0.040562,14
QuickSort,random,few_distinct,1000,193,165882879081,12135,4919,0.040129,13
QuickSort,random,few_distinct,1000,194,165882879082,12328,4881,0.039233,15
QuickSort,random,few_distinct,1000,195,165882879083,12074,4881,0.041286,14
QuickSort,random,few_distinct,1000,196,165882879084,12230,4920,0.040522,14
QuickSort,random,few_distinct,1000,197,165882879085,12193,4913,0.039525,13
QuickSort,random,few_distinct,1000,198,165882879086,12136,4897,0.040179,14
QuickSort,random,few_distinct,1000,199,165882879087,12569,4796,0.038981,14
QuickSort,random,few_distinct,10000,0,185259614115,159182,65033,0.534904,19
QuickSort,random,few_distinct,10000,1,185259614116,157401,65217,0.410742,18
QuickSort,random,few_distinct,10000,2,185259614117,155493,65511,0.411553,19
QuickSort,random,few_distinct,10000,3,185259614118,154538,65543,0.413838,18
QuickSort,random,few_distinct,10000,4,185259614119,157085,65571,0.432245,18
QuickSort,random,few_distinct,10000,5,185259614120,153898,65646,0.436754,18
QuickSort,random,few_distinct,10000,6,185259614121,158079,64974,0.407937,20
QuickSort,random,few_distinct,10000,7,185259614122,155258,65342,0.483169,21
QuickSort,random,few_distinct,10000,8,185259614123,153750,65476,0.454852,19
QuickSort,random,few_distinct,10000,9,185259614124,153370,65381,0.431064,18
QuickSort,random,few_distinct,10000,10,185259614125,157785,65049,0.423919,20
QuickSort,random,few_distinct,10000,11,185259614126,157201,65137,0.429610,19
QuickSort,random,few_distinct,10000,12,185259614127,159810,64959,0.407565,20
QuickSort,random,few_distinct,10000,13,185259614128,158128,65000,0.441434,19
QuickSort,random,few_distinct,10000,14,185259614129,154188,65484,0.416184,18
QuickSort,random,few_distinct,10000,15,185259614130,156730,65224,0.410150,20
QuickSort,random,few_distinct,10000,16,185259614131,156033,65383,0.404680,19
QuickSort,random,few_distinct,10000,17,185259614132,152590,65595,0.419771,18
QuickSort,random,few_distinct,10000,18,185259614133,158386,65141,0.402836,19
QuickSort,random,few_distinct,10000,19,185259614134,155791,65563,0.425161,18
QuickSort,random,few_distinct,10000,20,185259614135,155623,65566,0.412024,19
QuickSort,random,few_distinct,10000,21,185259614136,157704,64950,0.466735,19
QuickSort,random,few_distinct,10000,22,185259614137,155746,65357,0.479381,19
QuickSort,random,few_distinct,10000,23,185259614138,152105,65508,0.436204,19
QuickSort,random,few_distinct,10000,24,185259614139,154751,65567,0.509853,17
QuickSort,random,few_distinct,10000,25,185259614140,154927,65403,0.457557,17
QuickSort,random,few_distinct,10000,26,185259614141,157168,65363,0.429059,19
QuickSort,random,few_distinct,10000,27,185259614142,153808,65696,0.415051,17
QuickSort,random,few_distinct,10000,28,185259614143,161048,65418,0.401293,18
QuickSort,random,few_distinct,10000,29,185259614144,153207,65623,0.431304,18
QuickSort,random,few_distinct,10000,30,185259614145,155631,65513,0.408758,19
QuickSort,random,few_distinct,10000,31,185259614146,158377,65443,0.402866,19
QuickSort,random,few_distinct,10000,32,185259614147,157853,65186,0.397235,19
QuickSort,random,few_distinct,10000,33,185259614148,159553,65093,0.469291,19
QuickSort,random,few_distinct,10000,34,185259614149,151827,65595,0.575997,17
QuickSort,random,few_distinct,10000,35,185259614150,152273,65645,0.443789,18
QuickSort,random,few_distinct,10000,36,185259614151,155756,65545,0.411774,19
QuickSort,random,few_distinct,10000,37,185259614152,153254,65546,0.440533,19
QuickSort,random,few_distinct,10000,38,185259614153,152163,65657,0.418498,17
QuickSort,random,few_distinct,10000,39,185259614154,156894,65174,0.464411,18
QuickSort,random,few_distinct,10000,40,185259614155,154148,65467,0.414911,18
QuickSort,random,few_distinct,10000,41,185259614156,155783,65401,0.531366,18
QuickSort,random,few_distinct,10000,42,185259614157,151970,65487,0.418879,18
QuickSort,random,few_distinct,10000,43,185259614158,157259,65155,0.407836,19
QuickSort,random,few_distinct,10000,44,185259614159,157452,65343,0.406182,19
QuickSort,random,few_distinct,10000,45,185259614160,153327,65373,0.416414,19
QuickSort,random,few_distinct,10000,46,185259614161,155650,65388,0.419650,18
QuickSort,random,few_distinct,10000,47,185259614162,158940,65098,0.458629,19
QuickSort,random,few_distinct,10000,48,185259614163,156284,65293,0.504271,19
QuickSort,random,few_distinct,10000,49,185259614164,156388,65469,0.422075,19
QuickSort,random,few_distinct,10000,50,185259614165,154104,65608,0.426524,17
QuickSort,random,few_distinct,10000,51,185259614166,161394,64881,0.393678,19
QuickSort,random,few_distinct,10000,52,185259614167,156151,65539,0.407676,18
QuickSort,random,few_distinct,10000,53,185259614168,152519,65455,0.418648,17
QuickSort,random,few_distinct,10000,54,185259614169,155191,65292,0.458088,19
QuickSort,random,few_distinct,10000,55,185259614170,155229,65266,0.408197,18
QuickSort,random,few_distinct,10000,56,185259614171,155857,65456,0.795341,18
QuickSort,random,few_distinct,10000,57,185259614172,152490,65586,0.645608,18
QuickSort,random,few_distinct,10000,58,185259614173,158366,65147,0.460683,19
QuickSort,random,few_distinct,10000,59,185259614174,152659,65663,0.441214,18
QuickSort,random,few_distinct,10000,60,185259614175,153481,65362,0.592732,18
QuickSort,random,few_distinct,10000,61,185259614176,153422,65878,0.429209,18
QuickSort,random,few_distinct,10000,62,185259614177,156892,65081,0.407045,19
QuickSort,random,few_distinct,10000,63,185259614178,155307,65316,0.477888,20
QuickSort,random,few_distinct,10000,64,185259614179,162718,64833,0.397395,21
QuickSort,random,few_distinct,10000,65,185259614180,158053,65378,0.418338,19
QuickSort,random,few_distinct,10000,66,185259614181,157421,65263,0.408107,18
QuickSort,random,few_distinct,10000,67,185259614182,152381,65490,0.431965,18
QuickSort,random,few_distinct,10000,68,185259614183,156850,65259,0.407555,20
QuickSort,random,few_distinct,10000,69,185259614184,160967,65363,0.396493,20
QuickSort,random,few_distinct,10000,70,185259614185,157137,64926,0.404439,20
QuickSort,random,few_distinct,10000,71,185259614186,156244,65456,0.417034,19
QuickSort,random,few_distinct,10000,72,185259614187,155881,65669,0.410431,18
QuickSort,random,few_distinct,10000,73,185259614188,157628,65384,0.406133,19
QuickSort,random,few_distinct,10000,74,185259614189,156642,65329,0.417936,18
QuickSort,random,few_distinct,10000,75,185259614190,157403,65177,0.431143,18
QuickSort,random,few_distinct,10000,76,185259614191,157647,65251,0.417495,19
QuickSort,random,few_distinct,10000,77,185259614192,153073,65700,0.413989,18
QuickSort,random,few_distinct,10000,78,185259614193,154461,65378,0.418909,20
QuickSort,random,few_distinct,10000,79,185259614194,157839,65266,0.403087,19
QuickSort,random,few_distinct,10000,80,185259614195,152270,65586,0.428448,18
QuickSort,random,few_distinct,10000,81,185259614196,152513,65772,0.543280,17
QuickSort,random,few_distinct,10000,82,185259614197,155693,65531,0.415552,18
QuickSort,random,few_distinct,10000,83,185259614198,157441,65101,0.401032,20
QuickSort,random,few_distinct,10000,84,185259614199,154489,65847,0.420001,19
QuickSort,random,few_distinct,10000,85,185259614200,157073,65260,0.404369,19
QuickSort,random,few_distinct,10000,86,185259614201,157291,65226,0.404429,19
QuickSort,random,few_distinct,10000,87,185259614202,159344,65039,0.446855,20
QuickSort,random,few_distinct,10000,88,185259614203,158372,64964,0.402065,19
QuickSort,random,few_distinct,10000,89,185259614204,157738,65247,0.411664,20
QuickSort,random,few_distinct,10000,90,185259614205,153219,65628,0.457396,18
QuickSort,random,few_distinct,10000,91,185259614206,152855,65392,0.484461,18
QuickSort,random,few_distinct,10000,92,185259614207,152341,65582,0.486666,18
QuickSort,random,few_distinct,10000,93,185259614208,155881,65303,0.409870,18
QuickSort,random,few_distinct,10000,94,185259614209,157641,65166,0.414450,19
QuickSort,random,few_distinct,10000,95,185259614210,153571,65369,0.414660,19
QuickSort,random,few_distinct,10000,96,185259614211,156324,65517,0.407164,19
QuickSort,random,few_distinct,10000,97,185259614212,158031,65303,0.409570,19
QuickSort,random,few_distinct,10000,98,185259614213,157532,65289,0.400452,19
QuickSort,random,few_distinct,10000,99,185259614214,156818,65286,0.418939,19
QuickSort,random,few_distinct,5000,0,172976681342,73630,30092,0.205798,18
QuickSort,random,few_distinct,5000,1,172976681343,73595,30046,0.201955,17
QuickSort,random,few_distinct,5000,2,172976681344,71863,30202,0.206383,17
QuickSort,random,few_distinct,5000,3,172976681345,72729,30105,0.201827,17
QuickSort,random,few_distinct,5000,4,172976681346,71842,30244,0.204323,16
QuickSort,random,few_distinct,5000,5,172976681347,72576,30224,0.203352,17
QuickSort,random,few_distinct,5000,6,172976681348,72351,30364,0.201817,17
QuickSort,random,few_distinct,5000,7,172976681349,72805,30177,0.218643,17
QuickSort,random,few_distinct,5000,8,172976681350,71602,30394,0.203818,16
QuickSort,random,few_distinct,5000,9,172976681351,71196,30319,0.205709,17
QuickSort,random,few_distinct,5000,10,172976681352,72014,30217,0.203580,17
QuickSort,random,few_distinct,5000,11,172976681353,71501,30163,0.203886,16
QuickSort,random,few_distinct,5000,12,172976681354,71821,30338,0.202560,16
QuickSort,random,few_distinct,5000,13,172976681355,74146,30180,0.220614,18
QuickSort,random,few_distinct,5000,14,172976681356,71692,30286,0.206410,17
QuickSort,random,few_distinct,5000,15,172976681357,71648,30387,0.347083,16
QuickSort,random,few_distinct,5000,16,172976681358,75864,30121,0.414117,18
QuickSort,random,few_distinct,5000,17,172976681359,72011,30269,0.297506,17
QuickSort,random,few_distinct,5000,18,172976681360,73093,30262,0.248725,17
QuickSort,random,few_distinct,5000,19,172976681361,79215,29803,0.214113,20
QuickSort,random,few_distinct,5000,20,172976681362,72831,30056,0.238469,17
QuickSort,random,few_distinct,5000,21,172976681363,71501,30183,0.205222,17
QuickSort,random,few_distinct,5000,22,172976681364,73473,30106,0.199004,17
QuickSort,random,few_distinct,5000,23,172976681365,72234,30287,0.199657,17
QuickSort,random,few_distinct,5000,24,172976681366,71587,30257,0.202658,17
QuickSort,random,few_distinct,5000,25,172976681367,73362,30188,0.199311,18
QuickSort,random,few_distinct,5000,26,172976681368,72784,30100,0.200301,17
QuickSort,random,few_distinct,5000,27,172976681369,70807,30208,0.205974,17
QuickSort,random,few_distinct,5000,28,172976681370,74695,30185,0.198855,17
QuickSort,random,few_distinct,5000,29,172976681371,73462,30160,0.210360,18
QuickSort,random,few_distinct,5000,30,172976681372,74680,30003,0.197084,18
QuickSort,random,few_distinct,5000,31,172976681373,74365,29962,0.196034,18
QuickSort,random,few_distinct,5000,32,172976681374,71884,30286,0.202480,17
QuickSort,random,few_distinct,5000,33,172976681375,71102,30305,0.203935,16
QuickSort,random,few_distinct,5000,34,172976681376,72639,30196,0.201519,17
QuickSort,random,few_distinct,5000,35,172976681377,73803,30114,0.200509,18
QuickSort,random,few_distinct,5000,36,172976681378,71978,30351,0.266478,17
QuickSort,random,few_distinct,5000,37,172976681379,74638,30079,0.207430,19
QuickSort,random,few_distinct,5000,38,172976681380,71288,30253,0.202736,17
QuickSort,random,few_distinct,5000,39,172976681381,73003,30270,0.199697,17
QuickSort,random,few_distinct,5000,40,172976681382,72625,30108,0.200876,18
QuickSort,random,few_distinct,5000,41,172976681383,74046,30066,0.195430,18
QuickSort,random,few_distinct,5000,42,172976681384,71674,30249,0.203024,16
QuickSort,random,few_distinct,5000,43,172976681385,73507,30120,0.196519,17
QuickSort,random,few_distinct,5000,44,172976681386,72622,30301,0.196905,17
QuickSort,random,few_distinct,5000,45,172976681387,73517,30213,0.199252,19
QuickSort,random,few_distinct,5000,46,172976681388,72551,30269,0.233142,18
QuickSort,random,few_distinct,5000,47,172976681389,71330,30241,0.206242,17
QuickSort,random,few_distinct,5000,48,172976681390,72254,30067,0.202658,17
QuickSort,random,few_distinct,5000,49,172976681391,71425,30396,0.204707,16
QuickSort,random,few_distinct,5000,50,172976681392,71748,30201,0.205865,17
QuickSort,random,few_distinct,5000,51,172976681393,74330,30027,0.196588,18
QuickSort,random,few_distinct,5000,52,172976681394,72046,30251,0.203470,17
QuickSort,random,few_distinct,5000,53,172976681395,72324,30164,0.262320,17
QuickSort,random,few_distinct,5000,54,172976681396,71872,30330,0.247201,17
QuickSort,random,few_distinct,5000,55,172976681397,74338,30076,0.195965,17
QuickSort,random,few_distinct,5000,56,172976681398,73593,30126,0.194895,17
QuickSort,random,few_distinct,5000,57,172976681399,77941,29911,0.194351,20
QuickSort,random,few_distinct,5000,58,172976681400,75634,30021,0.190390,19
QuickSort,random,few_distinct,5000,59,172976681401,71866,30469,0.202073,16
QuickSort,random,few_distinct,5000,60,172976681402,71855,30262,0.204548,17
QuickSort,random,few_distinct,5000,61,172976681403,72930,30206,0.199390,17
QuickSort,random,few_distinct,5000,62,172976681404,71840,30309,0.204420,17
QuickSort,random,few_distinct,5000,63,172976681405,73294,30172,0.212024,18
QuickSort,random,few_distinct,5000,64,172976681406,73803,30201,0.197886,17
QuickSort,random,few_distinct,5000,65,172976681407,74058,30101,0.196182,17
QuickSort,random,few_distinct,5000,66,172976681408,71715,30197,0.202707,16
QuickSort,random,few_distinct,5000,67,172976681409,70955,30242,0.226538,17
QuickSort,random,few_distinct,5000,68,172976681410,71554,30355,0.203529,16
QuickSort,random,few_distinct,5000,69,172976681411,71717,30364,0.202272,16
QuickSort,random,few_distinct,5000,70,172976681412,72356,30086,0.203420,18
QuickSort,random,few_distinct,5000,71,172976681413,71866,30163,0.202459,17
QuickSort,random,few_distinct,5000,72,172976681414,73907,30133,0.211568,18
QuickSort,random,few_distinct,5000,73,172976681415,73688,30497,0.199034,16
QuickSort,random,few_distinct,5000,74,172976681416,73550,30195,0.196905,17
QuickSort,random,few_distinct,5000,75,172976681417,71731,30135,0.202479,18
QuickSort,random,few_distinct,5000,76,172976681418,75566,29974,0.193955,19
QuickSort,random,few_distinct,5000,77,172976681419,72729,30243,0.202350,18
QuickSort,random,few_distinct,5000,78,172976681420,71012,30141,0.203083,16
QuickSort,random,few_distinct,5000,79,172976681421,73879,30183,0.197559,17
QuickSort,random,few_distinct,5000,80,172976681422,71748,30269,0.213499,17
QuickSort,random,few_distinct,5000,81,172976681423,71389,30214,0.451235,17
QuickSort,random,few_distinct,5000,82,172976681424,72062,30072,0.274111,16
QuickSort,random,few_distinct,5000,83,172976681425,75075,30236,0.392880,18
QuickSort,random,few_distinct,5000,84,172976681426,72498,30227,0.554618,18
QuickSort,random,few_distinct,5000,85,172976681427,74122,30029,0.236637,18
QuickSort,random,few_distinct,5000,86,172976681428,71919,30199,0.247736,17
QuickSort,random,few_distinct,5000,87,172976681429,72138,30250,0.220113,18
QuickSort,random,few_distinct,5000,88,172976681430,73292,30163,0.230052,17
QuickSort,random,few_distinct,5000,89,172976681431,71491,30206,0.206806,17
QuickSort,random,few_distinct,5000,90,172976681432,74552,30031,0.199509,18
QuickSort,random,few_distinct,5000,91,172976681433,70629,30274,0.207291,17
QuickSort,random,few_distinct,5000,92,172976681434,73796,29919,0.318397,18
QuickSort,random,few_distinct,5000,93,172976681435,71329,30352,0.205806,16
QuickSort,random,few_distinct,5000,94,172976681436,72943,30053,0.257507,17
QuickSort,random,few_distinct,5000,95,172976681437,72226,30153,0.260389,18
QuickSort,random,few_distinct,5000,96,172976681438,73493,30287,0.208331,17
QuickSort,random,few_distinct,5000,97,172976681439,72096,30189,0.204964,17
QuickSort,random,few_distinct,5000,98,172976681440,72690,30142,0.199460,17
QuickSort,random,few_distinct,5000,99,172976681441,72310,30095,0.361266,18
QuickSort,random,few_distinct,5000,100,172976681442,71899,30328,0.238022,16
QuickSort,random,few_distinct,5000,101,172976681443,71483,30218,0.214796,17
QuickSort,random,few_distinct,5000,102,172976681444,74019,30124,0.200727,17
QuickSort,random,few_distinct,5000,103,172976681445,72971,30165,0.199717,17
QuickSort,random,few_distinct,5000,104,172976681446,75422,30073,0.206618,18
QuickSort,random,few_distinct,5000,105,172976681447,73797,30223,0.210093,18
QuickSort,random,few_distinct,5000,106,172976681448,71704,30303,0.319278,16
QuickSort,random,few_distinct,5000,107,172976681449,71903,30281,0.209677,17
QuickSort,random,few_distinct,5000,108,172976681450,71211,30261,0.208717,17
QuickSort,random,few_distinct,5000,109,172976681451,74095,30154,0.203519,19
QuickSort,random,few_distinct,5000,110,172976681452,76136,29952,0.194381,19
QuickSort,random,few_distinct,5000,111,172976681453,73720,30056,0.209865,17
QuickSort,random,few_distinct,5000,112,172976681454,77953,30016,0.188757,20
QuickSort,random,few_distinct,5000,113,172976681455,74129,30086,0.194272,18
QuickSort,random,few_distinct,5000,114,172976681456,73373,30120,0.196796,17
QuickSort,random,few_distinct,5000,115,172976681457,72743,30155,0.210984,18
QuickSort,random,few_distinct,5000,116,172976681458,72320,30191,0.204113,17
QuickSort,random,few_distinct,5000,117,172976681459,71520,30208,0.202192,16
QuickSort,random,few_distinct,5000,118,172976681460,71143,30277,0.205064,17
QuickSort,random,few_distinct,5000,119,172976681461,72591,30224,0.199538,17
QuickSort,random,few_distinct,5000,120,172976681462,72976,30272,0.211361,18
QuickSort,random,few_distinct,5000,121,172976681463,71193,30236,0.203162,16
QuickSort,random,few_distinct,5000,122,172976681464,71507,30255,0.203558,16
QuickSort,random,few_distinct,5000,123,172976681465,74804,29980,0.220756,18
QuickSort,random,few_distinct,5000,124,172976681466,72741,30149,0.214835,18
QuickSort,random,few_distinct,5000,125,172976681467,72955,30405,0.237874,18
QuickSort,random,few_distinct,5000,126,172976681468,72927,30280,0.199470,18
QuickSort,random,few_distinct,5000,127,172976681469,71920,30260,0.203064,17
QuickSort,random,few_distinct,5000,128,172976681470,72567,30208,0.258508,18
QuickSort,random,few_distinct,5000,129,172976681471,71342,30379,0.200885,16
QuickSort,random,few_distinct,5000,130,172976681472,72456,30214,0.202589,17
QuickSort,random,few_distinct,5000,131,172976681473,72714,30315,0.200608,17
QuickSort,random,few_distinct,5000,132,172976681474,72234,30191,0.231944,18
QuickSort,random,few_distinct,5000,133,172976681475,73241,30176,0.219132,18
QuickSort,random,few_distinct,5000,134,172976681476,71690,30333,0.201737,15
QuickSort,random,few_distinct,5000,135,172976681477,74184,30103,0.197638,18
QuickSort,random,few_distinct,5000,136,172976681478,71046,30253,1.050406,17
QuickSort,random,few_distinct,5000,137,172976681479,71244,30235,0.217320,16
QuickSort,random,few_distinct,5000,138,172976681480,73937,30068,0.195935,18
QuickSort,random,few_distinct,5000,139,172976681481,72097,30335,0.200886,18
QuickSort,random,few_distinct,5000,140,172976681482,72518,30126,0.200479,17
QuickSort,random,few_distinct,5000,141,172976681483,72873,30228,0.213578,17
QuickSort,random,few_distinct,5000,142,172976681484,72439,30224,0.201173,17
QuickSort,random,few_distinct,5000,143,172976681485,72471,30110,0.203420,17
QuickSort,random,few_distinct,5000,144,172976681486,72071,30342,0.201489,17
QuickSort,random,few_distinct,5000,145,172976681487,71060,30291,0.221271,16
QuickSort,random,few_distinct,5000,146,172976681488,72061,30336,0.201311,17
QuickSort,random,few_distinct,5000,147,172976681489,77481,29942,0.190727,19
QuickSort,random,few_distinct,5000,148,172976681490,71740,30160,0.202480,16
QuickSort,random,few_distinct,5000,149,172976681491,73212,30324,0.211083,17
QuickSort,random,few_distinct,5000,150,172976681492,71620,30230,0.203707,17
QuickSort,random,few_distinct,5000,151,172976681493,71006,30233,0.205826,16
QuickSort,random,few_distinct,5000,152,172976681494,72994,30234,0.261487,18
QuickSort,random,few_distinct,5000,153,172976681495,74909,30057,0.208419,18
QuickSort,random,few_distinct,5000,154,172976681496,72206,30416,0.210667,16
QuickSort,random,few_distinct,5000,155,172976681497,74363,29962,0.195103,17
QuickSort,random,few_distinct,5000,156,172976681498,71851,30177,0.225529,17
QuickSort,random,few_distinct,5000,157,172976681499,72728,30217,0.200756,18
QuickSort,random,few_distinct,5000,158,172976681500,74739,30018,0.196945,18
QuickSort,random,few_distinct,5000,159,172976681501,72499,30263,0.237162,16
QuickSort,random,few_distinct,5000,160,172976681502,72218,30418,0.231271,16
QuickSort,random,few_distinct,5000,161,172976681503,71794,30407,0.200430,16
QuickSort,random,few_distinct,5000,162,172976681504,76643,29882,0.193104,20
QuickSort,random,few_distinct,5000,163,172976681505,74376,30075,0.197440,18
QuickSort,random,few_distinct,5000,164,172976681506,74157,30034,0.206420,18
QuickSort,random,few_distinct,5000,165,172976681507,73930,30226,0.195648,17
QuickSort,random,few_distinct,5000,166,172976681508,73742,30257,0.959706,17
QuickSort,random,few_distinct,5000,167,172976681509,72265,30206,0.201964,17
QuickSort,random,few_distinct,5000,168,172976681510,71271,30160,0.205024,16
QuickSort,random,few_distinct,5000,169,172976681511,71572,30350,0.202875,16
QuickSort,random,few_distinct,5000,170,172976681512,73350,30137,0.198717,18
QuickSort,random,few_distinct,5000,171,172976681513,72879,30277,0.198370,17
QuickSort,random,few_distinct,5000,172,172976681514,72358,30179,0.201480,16
QuickSort,random,few_distinct,5000,173,172976681515,73314,30123,0.197529,18
QuickSort,random,few_distinct,5000,174,172976681516,72115,30215,0.212776,17
QuickSort,random,few_distinct,5000,175,172976681517,72387,30293,0.208865,17
QuickSort,random,few_distinct,5000,176,172976681518,75933,29971,0.198886,18
QuickSort,random,few_distinct,5000,177,172976681519,71138,30321,0.205163,16
QuickSort,random,few_distinct,5000,178,172976681520,72456,30230,0.221519,16
QuickSort,random,few_distinct,5000,179,172976681521,74061,30080,0.197143,18
QuickSort,random,few_distinct,5000,180,172976681522,72738,30321,0.221222,17
QuickSort,random,few_distinct,5000,181,172976681523,74321,30138,0.196331,18
QuickSort,random,few_distinct,5000,182,172976681524,76705,29878,0.232568,19
QuickSort,random,few_distinct,5000,183,172976681525,71429,30257,0.206103,16
QuickSort,random,few_distinct,5000,184,172976681526,74052,30046,0.196252,18
QuickSort,random,few_distinct,5000,185,172976681527,74096,30044,0.198519,18
QuickSort,random,few_distinct,5000,186,172976681528,73551,30094,0.212301,17
QuickSort,random,few_distinct,5000,187,172976681529,75705,30189,0.195926,18
QuickSort,random,few_distinct,5000,188,172976681530,72820,30292,0.199163,17
QuickSort,random,few_distinct,5000,189,172976681531,70907,30382,0.206143,16
QuickSort,random,few_distinct,5000,190,172976681532,71549,30194,0.204865,16
QuickSort,random,few_distinct,5000,191,172976681533,70764,30309,0.214172,16
QuickSort,random,few_distinct,5000,192,172976681534,73755,30060,0.196064,18
QuickSort,random,few_distinct,5000,193,172976681535,74062,30255,0.200449,17
QuickSort,random,few_distinct,5000,194,172976681536,73257,30289,0.199549,16
QuickSort,random,few_distinct,5000,195,172976681537,74260,30124,0.468251,18
QuickSort,random,few_distinct,5000,196,172976681538,70999,30374,0.269230,16
QuickSort,random,few_distinct,5000,197,172976681539,74684,29910,0.262715,19
QuickSort,random,few_distinct,5000,198,172976681540,72216,30266,0.254240,16
QuickSort,random,few_distinct,5000,199,172976681541,74170,30108,0.231538,17
QuickSort,random,few_distinct,50000,0,269060357125,908671,383204,2.044879,23
QuickSort,random,few_distinct,50000,1,269060357126,909031,385228,2.259258,22
QuickSort,random,few_distinct,50000,2,269060357127,898109,384983,2.680785,22
QuickSort,random,few_distinct,50000,3,269060357128,919343,383353,2.519274,24
QuickSort,random,few_distinct,50000,4,269060357129,912771,385016,2.471806,22
QuickSort,random,few_distinct,50000,5,269060357130,880764,385803,2.152589,22
QuickSort,random,few_distinct,50000,6,269060357131,895642,384938,2.097957,22
QuickSort,random,few_distinct,50000,7,269060357132,913799,384802,2.209095,25
QuickSort,random,few_distinct,50000,8,269060357133,902818,385068,2.394932,21
QuickSort,random,few_distinct,50000,9,269060357134,878431,385784,2.163149,20
QuickSort,random,few_distinct,50000,10,269060357135,894376,384866,2.113807,21
QuickSort,random,few_distinct,50000,11,269060357136,882034,384852,2.146949,21
QuickSort,random,few_distinct,50000,12,269060357137,897539,384842,2.165694,22
QuickSort,random,few_distinct,50000,13,269060357138,885381,386745,2.153401,21
QuickSort,random,few_distinct,50000,14,269060357139,878646,386340,2.337044,21
QuickSort,random,few_distinct,50000,15,269060357140,899209,384463,2.202872,22
QuickSort,random,few_distinct,50000,16,269060357141,914257,384754,2.037834,22
QuickSort,random,few_distinct,50000,17,269060357142,897132,384856,2.082708,22
QuickSort,random,few_distinct,50000,18,269060357143,881485,385912,2.125979,21
QuickSort,random,few_distinct,50000,19,269060357144,884740,385308,2.159953,21
QuickSort,random,few_distinct,50000,20,269060357145,894847,385794,2.101103,22
QuickSort,random,few_distinct,50000,21,269060357146,881857,385891,2.762868,22
QuickSort,random,few_distinct,50000,22,269060357147,913145,384394,2.025302,22
QuickSort,random,few_distinct,50000,23,269060357148,901539,385830,2.157528,23
QuickSort,random,few_distinct,50000,24,269060357149,894807,386548,2.117624,22
QuickSort,random,few_distinct,50000,25,269060357150,885368,386101,2.135498,21
QuickSort,random,few_distinct,50000,26,269060357151,886839,385583,2.134636,21
QuickSort,random,few_distinct,50000,27,269060357152,884510,384974,2.506972,21
QuickSort,random,few_distinct,50000,28,269060357153,906585,385583,2.094080,23
QuickSort,random,few_distinct,50000,29,269060357154,907475,384013,2.083741,22
QuickSort,random,nearly_sorted,1000,0,165759920440,15472,1504,0.054189,23
QuickSort,random,nearly_sorted,1000,1,165759920441,14983,1590,0.055950,24
QuickSort,random,nearly_sorted,1000,2,165759920442,14928,1544,0.047748,22
QuickSort,random,nearly_sorted,1000,3,165759920443,14657,1582,0.047436,20
QuickSort,random,nearly_sorted,1000,4,165759920444,14591,1544,0.054531,20
QuickSort,random,nearly_sorted,1000,5,165759920445,15633,1564,0.047879,24
QuickSort,random,nearly_sorted,1000,6,165759920446,15020,1550,0.047043,22
QuickSort,random,nearly_sorted,1000,7,165759920447,15187,1516,0.047496,24
QuickSort,random,nearly_sorted,1000,8,165759920448,14431,1546,0.045593,19
QuickSort,random,nearly_sorted,1000,9,165759920449,14029,1546,0.044447,21
QuickSort,random,nearly_sorted,1000,10,165759920450,14152,1538,0.045846,21
QuickSort,random,nearly_sorted,1000,11,165759920451,14469,1570,0.046379,21
QuickSort,random,nearly_sorted,1000,12,165759920452,14594,1542,0.059775,23
QuickSort,random,nearly_sorted,1000,13,165759920453,14355,1549,0.045886,20
QuickSort,random,nearly_sorted,1000,14,165759920454,15829,1545,0.047506,23
QuickSort,random,nearly_sorted,1000,15,165759920455,14070,1496,0.044949,20
QuickSort,random,nearly_sorted,1000,16,165759920456,15281,1570,0.045372,22
QuickSort,random,nearly_sorted,1000,17,165759920457,14407,1554,0.045181,19
QuickSort,random,nearly_sorted,1000,18,165759920458,14613,1600,0.045715,22
QuickSort,random,nearly_sorted,1000,19,165759920459,15074,1597,0.045634,20
QuickSort,random,nearly_sorted,1000,20,165759920460,14443,1578,0.046852,22
QuickSort,random,nearly_sorted,1000,21,165759920461,14923,1524,0.045393,25
QuickSort,random,nearly_sorted,1000,22,165759920462,14445,1560,0.045091,21
QuickSort,random,nearly_sorted,1000,23,165759920463,14900,1518,0.045554,23
QuickSort,random,nearly_sorted,1000,24,165759920464,14794,1570,0.045634,20
QuickSort,random,nearly_sorted,1000,25,165759920465,14270,1598,0.046187,20
QuickSort,random,nearly_sorted,1000,26,165759920466,14516,1570,0.044064,20
QuickSort,random,nearly_sorted,1000,27,165759920467,14521,1554,0.045573,20
QuickSort,random,nearly_sorted,1000,28,165759920468,14124,1582,0.046611,22
QuickSort,random,nearly_sorted,1000,29,165759920469,14538,1524,0.045322,21
QuickSort,random,nearly_sorted,1000,30,165759920470,15420,1594,0.045181,22
QuickSort,random,nearly_sorted,1000,31,165759920471,13928,1518,0.045262,18
QuickSort,random,nearly_sorted,1000,32,165759920472,14599,1596,0.045725,21
QuickSort,random,nearly_sorted,1000,33,165759920473,14558,1532,0.044738,21
QuickSort,random,nearly_sorted,1000,34,165759920474,15187,1586,0.045171,23
QuickSort,random,nearly_sorted,1000,35,165759920475,14879,1538,0.044829,21
QuickSort,random,nearly_sorted,1000,36,165759920476,14525,1518,0.044849,20
QuickSort,random,nearly_sorted,1000,37,165759920477,15071,1580,0.045372,23
QuickSort,random,nearly_sorted,1000,38,165759920478,15036,1562,0.045483,23
QuickSort,random,nearly_sorted,1000,39,165759920479,15000,1570,0.045815,21
QuickSort,random,nearly_sorted,1000,40,165759920480,15189,1570,0.047244,25
QuickSort,random,nearly_sorted,1000,41,165759920481,14387,1572,0.045241,19
QuickSort,random,nearly_sorted,1000,42,165759920482,14568,1558,0.044406,25
QuickSort,random,nearly_sorted,1000,43,165759920483,14776,1522,0.044386,20
QuickSort,random,nearly_sorted,1000,44,165759920484,14715,1526,0.045080,24
QuickSort,random,nearly_sorted,1000,45,165759920485,15546,1526,0.045996,21
QuickSort,random,nearly_sorted,1000,46,165759920486,14714,1526,0.044668,20
QuickSort,random,nearly_sorted,1000,47,165759920487,14651,1539,0.043793,21
QuickSort,random,nearly_sorted,1000,48,165759920488,14057,1576,0.043199,21
QuickSort,random,nearly_sorted,1000,49,165759920489,15699,1558,0.045554,22
QuickSort,random,nearly_sorted,1000,50,165759920490,14468,1522,0.043963,20
QuickSort,random,nearly_sorted,1000,51,165759920491,15193,1581,0.046660,21
QuickSort,random,nearly_sorted,1000,52,165759920492,15331,1544,0.043873,21
QuickSort,random,nearly_sorted,1000,53,165759920493,15203,1584,0.044205,23
QuickSort,random,nearly_sorted,1000,54,165759920494,14367,1554,0.054924,19
QuickSort,random,nearly_sorted,1000,55,165759920495,14491,1552,0.044235,21
QuickSort,random,nearly_sorted,1000,56,165759920496,14498,1560,0.044950,20
QuickSort,random,nearly_sorted,1000,57,165759920497,15665,1530,0.045685,25
QuickSort,random,nearly_sorted,1000,58,165759920498,14664,1538,0.044135,21
QuickSort,random,nearly_sorted,1000,59,165759920499,16468,1550,0.046138,22
QuickSort,random,nearly_sorted,1000,60,165759920500,14893,1578,0.044809,23
QuickSort,random,nearly_sorted,1000,61,165759920501,15542,1550,0.044356,26
QuickSort,random,nearly_sorted,1000,62,165759920502,15655,1566,0.045704,25
QuickSort,random,nearly_sorted,1000,63,165759920503,15106,1530,0.044064,24
QuickSort,random,nearly_sorted,1000,64,165759920504,16156,1526,0.045080,24
QuickSort,random,nearly_sorted,1000,65,165759920505,15344,1538,0.045242,20
QuickSort,random,nearly_sorted,1000,66,165759920506,14617,1556,0.045221,20
QuickSort,random,nearly_sorted,1000,67,165759920507,14524,1566,0.044134,21
QuickSort,random,nearly_sorted,1000,68,165759920508,14045,1591,0.044034,21
QuickSort,random,nearly_sorted,1000,69,165759920509,14521,1540,0.044467,21
QuickSort,random,nearly_sorted,1000,70,165759920510,15347,1570,0.044758,22
QuickSort,random,nearly_sorted,1000,71,165759920511,14774,1524,0.044033,23
QuickSort,random,nearly_sorted,1000,72,165759920512,16696,1526,0.045161,28
QuickSort,random,nearly_sorted,1000,73,165759920513,14879,1526,0.044557,23
QuickSort,random,nearly_sorted,1000,74,165759920514,14277,1524,0.044225,21
QuickSort,random,nearly_sorted,1000,75,165759920515,14343,1562,0.043320,21
QuickSort,random,nearly_sorted,1000,76,165759920516,15821,1582,0.045504,24
QuickSort,random,nearly_sorted,1000,77,165759920517,14119,1553,0.043843,20
QuickSort,random,nearly_sorted,1000,78,165759920518,14732,1515,0.045353,25
QuickSort,random,nearly_sorted,1000,79,165759920519,16239,1546,0.045433,22
QuickSort,random,nearly_sorted,1000,80,165759920520,14723,1534,0.044185,21
QuickSort,random,nearly_sorted,1000,81,165759920521,14176,1568,0.044023,19
QuickSort,random,nearly_sorted,1000,82,165759920522,14735,1572,0.050757,22
QuickSort,random,nearly_sorted,1000,83,165759920523,14055,1540,0.051623,20
QuickSort,random,nearly_sorted,1000,84,165759920524,13627,1536,0.046419,17
QuickSort,random,nearly_sorted,1000,85,165759920525,14336,1556,0.044145,20
QuickSort,random,nearly_sorted,1000,86,165759920526,14470,1572,0.043511,20
QuickSort,random,nearly_sorted,1000,87,165759920527,14148,1588,0.044285,19
QuickSort,random,nearly_sorted,1000,88,165759920528,15044,1606,0.044929,20
QuickSort,random,nearly_sorted,1000,89,165759920529,15837,1536,0.046157,25
QuickSort,random,nearly_sorted,1000,90,165759920530,15109,1600,0.044547,24
QuickSort,random,nearly_sorted,1000,91,165759920531,16882,1568,0.047908,28
QuickSort,random,nearly_sorted,1000,92,165759920532,14799,1552,0.044286,23
QuickSort,random,nearly_sorted,1000,93,165759920533,14591,1580,0.044325,21
QuickSort,random,nearly_sorted,1000,94,165759920534,13912,1546,0.044074,19
QuickSort,random,nearly_sorted,1000,95,165759920535,15907,1546,0.046852,27
QuickSort,random,nearly_sorted,1000,96,165759920536,15479,1540,0.065905,21
QuickSort,random,nearly_sorted,1000,97,165759920537,15292,1516,0.052207,21
QuickSort,random,nearly_sorted,1000,98,165759920538,14522,1530,0.044004,22
QuickSort,random,nearly_sorted,1000,99,165759920539,14290,1586,0.044185,19
QuickSort,random,nearly_sorted,1000,100,165759920540,15009,1570,0.045272,23
QuickSort,random,nearly_sorted,1000,101,165759920541,15025,1544,0.045030,19
QuickSort,random,nearly_sorted,1000,102,165759920542,14585,1545,0.044407,22
QuickSort,random,nearly_sorted,1000,103,165759920543,14258,1580,0.049026,21
QuickSort,random,nearly_sorted,1000,104,165759920544,14456,1544,0.049418,20
QuickSort,random,nearly_sorted,1000,105,165759920545,13982,1532,0.053012,19
QuickSort,random,nearly_sorted,1000,106,165759920546,14949,1536,0.050455,19
QuickSort,random,nearly_sorted,1000,107,165759920547,15363,1542,0.054290,21
QuickSort,random,nearly_sorted,1000,108,165759920548,14863,1538,0.045372,22
QuickSort,random,nearly_sorted,1000,109,165759920549,13412,1618,0.059353,18
QuickSort,random,nearly_sorted,1000,110,165759920550,14508,1520,0.048804,20
QuickSort,random,nearly_sorted,1000,111,165759920551,15628,1516,0.052055,21
QuickSort,random,nearly_sorted,1000,112,165759920552,13870,1594,0.045715,19
QuickSort,random,nearly_sorted,1000,113,165759920553,14153,1532,0.047707,19
QuickSort,random,nearly_sorted,1000,114,165759920554,13897,1552,0.045644,21
QuickSort,random,nearly_sorted,1000,115,165759920555,15134,1540,0.048020,22
QuickSort,random,nearly_sorted,1000,116,165759920556,15397,1542,0.046046,23
QuickSort,random,nearly_sorted,1000,117,165759920557,15739,1538,0.083135,25
QuickSort,random,nearly_sorted,1000,118,165759920558,16254,1566,0.046630,26
QuickSort,random,nearly_sorted,1000,119,165759920559,15278,1564,0.046641,22
QuickSort,random,nearly_sorted,1000,120,165759920560,15354,1580,0.046047,26
QuickSort,random,nearly_sorted,1000,121,165759920561,15536,1548,0.046057,20
QuickSort,random,nearly_sorted,1000,122,165759920562,14530,1540,0.045876,20
QuickSort,random,nearly_sorted,1000,123,165759920563,14620,1578,0.045916,19
QuickSort,random,nearly_sorted,1000,124,165759920564,14753,1572,0.045694,21
QuickSort,random,nearly_sorted,1000,125,165759920565,14706,1600,0.045765,21
QuickSort,random,nearly_sorted,1000,126,165759920566,14664,1538,0.045372,21
QuickSort,random,nearly_sorted,1000,127,165759920567,15038,1548,0.046742,23
QuickSort,random,nearly_sorted,1000,128,165759920568,14558,1568,0.045947,20
QuickSort,random,nearly_sorted,1000,129,165759920569,14771,1546,0.045765,20
QuickSort,random,nearly_sorted,1000,130,165759920570,14606,1564,0.044909,20
QuickSort,random,nearly_sorted,1000,131,165759920571,14247,1604,0.049348,18
QuickSort,random,nearly_sorted,1000,132,165759920572,15958,1558,0.046147,23
QuickSort,random,nearly_sorted,1000,133,165759920573,15505,1526,0.045231,22
QuickSort,random,nearly_sorted,1000,134,165759920574,15277,1558,0.045413,21
QuickSort,random,nearly_sorted,1000,135,165759920575,15175,1590,0.045604,22
QuickSort,random,nearly_sorted,1000,136,165759920576,14660,1542,0.044134,22
QuickSort,random,nearly_sorted,1000,137,165759920577,14671,1543,0.044074,20
QuickSort,random,nearly_sorted,1000,138,165759920578,15201,1556,0.046862,23
QuickSort,random,nearly_sorted,1000,139,165759920579,15792,1580,0.044527,27
QuickSort,random,nearly_sorted,1000,140,165759920580,13549,1566,0.043541,18
QuickSort,random,nearly_sorted,1000,141,165759920581,15702,1538,0.045946,26
QuickSort,random,nearly_sorted,1000,142,165759920582,14826,1592,0.060269,22
QuickSort,random,nearly_sorted,1000,143,165759920583,15180,1566,0.045432,25
QuickSort,random,nearly_sorted,1000,144,165759920584,15539,1556,0.045362,25
QuickSort,random,nearly_sorted,1000,145,165759920585,14217,1526,0.043954,20
QuickSort,random,nearly_sorted,1000,146,165759920586,14166,1558,0.043571,20
QuickSort,random,nearly_sorted,1000,147,165759920587,14812,1530,0.044849,21
QuickSort,random,nearly_sorted,1000,148,165759920588,15345,1564,0.044386,20
QuickSort,random,nearly_sorted,1000,149,165759920589,14433,1568,0.044296,23
QuickSort,random,nearly_sorted,1000,150,165759920590,15569,1582,0.045051,22
QuickSort,random,nearly_sorted,1000,151,165759920591,13682,1596,0.043400,19
QuickSort,random,nearly_sorted,1000,152,165759920592,14699,1586,0.049026,24
QuickSort,random,nearly_sorted,1000,153,165759920593,15613,1528,0.044698,23
QuickSort,random,nearly_sorted,1000,154,165759920594,14858,1522,0.044325,22
QuickSort,random,nearly_sorted,1000,155,165759920595,15204,1518,0.044195,23
QuickSort,random,nearly_sorted,1000,156,165759920596,15353,1612,0.044175,21
QuickSort,random,nearly_sorted,1000,157,165759920597,15678,1550,0.044789,24
QuickSort,random,nearly_sorted,1000,158,165759920598,14069,1564,0.044124,21
QuickSort,random,nearly_sorted,1000,159,165759920599,15304,1536,0.044990,24
QuickSort,random,nearly_sorted,1000,160,165759920600,14960,1566,0.044617,22
QuickSort,random,nearly_sorted,1000,161,165759920601,14047,1572,0.043893,21
QuickSort,random,nearly_sorted,1000,162,165759920602,13881,1522,0.044497,18
QuickSort,random,nearly_sorted,1000,163,165759920603,15887,1578,0.045785,25
QuickSort,random,nearly_sorted,1000,164,165759920604,14896,1568,0.045916,21
QuickSort,random,nearly_sorted,1000,165,165759920605,15106,1554,0.045443,24
QuickSort,random,nearly_sorted,1000,166,165759920606,13930,1578,0.043259,19
QuickSort,random,nearly_sorted,1000,167,165759920607,14271,1576,0.043943,21
QuickSort,random,nearly_sorted,1000,168,165759920608,14957,1544,0.045182,23
QuickSort,random,nearly_sorted,1000,169,165759920609,14634,1538,0.045141,20
QuickSort,random,nearly_sorted,1000,170,165759920610,14295,1498,0.043420,20
QuickSort,random,nearly_sorted,1000,171,165759920611,14462,1502,0.043721,22
QuickSort,random,nearly_sorted,1000,172,165759920612,14672,1580,0.044306,20
QuickSort,random,nearly_sorted,1000,173,165759920613,14699,1600,0.048150,24
QuickSort,random,nearly_sorted,1000,174,165759920614,15003,1558,0.045252,20
QuickSort,random,nearly_sorted,1000,175,165759920615,14886,1556,0.045322,20
QuickSort,random,nearly_sorted,1000,176,165759920616,15480,1536,0.043993,23
QuickSort,random,nearly_sorted,1000,177,165759920617,14981,1566,0.044547,23
QuickSort,random,nearly_sorted,1000,178,165759920618,14221,1528,0.043701,18
QuickSort,random,nearly_sorted,1000,179,165759920619,14388,1556,0.043893,21
QuickSort,random,nearly_sorted,1000,180,165759920620,15687,1590,0.045141,25
QuickSort,random,nearly_sorted,1000,181,165759920621,16081,1538,0.044678,22
QuickSort,random,nearly_sorted,1000,182,165759920622,14921,1578,0.045021,21
QuickSort,random,nearly_sorted,1000,183,165759920623,14620,1564,0.045110,22
QuickSort,random,nearly_sorted,1000,184,165759920624,15787,1538,0.045493,25
QuickSort,random,nearly_sorted,1000,185,165759920625,14605,1576,0.055336,20
QuickSort,random,nearly_sorted,1000,186,165759920626,15183,1576,0.044838,25
QuickSort,random,nearly_sorted,1000,187,165759920627,14329,1556,0.043732,20
QuickSort,random,nearly_sorted,1000,188,165759920628,15020,1530,0.044547,19
QuickSort,random,nearly_sorted,1000,189,165759920629,14113,1552,0.092717,20
QuickSort,random,nearly_sorted,1000,190,165759920630,15041,1578,0.045614,22
QuickSort,random,nearly_sorted,1000,191,165759920631,14884,1532,0.044185,23
QuickSort,random,nearly_sorted,1000,192,165759920632,15441,1592,0.045453,23
QuickSort,random,nearly_sorted,1000,193,165759920633,14806,1544,0.049157,19
QuickSort,random,nearly_sorted,1000,194,165759920634,14847,1516,0.044568,21
QuickSort,random,nearly_sorted,1000,195,165759920635,14522,1600,0.043208,22
QuickSort,random,nearly_sorted,1000,196,165759920636,14634,1519,0.044416,20
QuickSort,random,nearly_sorted,1000,197,165759920637,15041,1534,0.044094,23
QuickSort,random,nearly_sorted,1000,198,165759920638,14805,1542,0.045030,21
QuickSort,random,nearly_sorted,1000,199,165759920639,14662,1522,0.044749,19
QuickSort,random,nearly_sorted,10000,0,184590252838,189952,14576,0.434857,30
QuickSort,random,nearly_sorted,10000,1,184590252839,184850,14574,0.414013,29
QuickSort,random,nearly_sorted,10000,2,184590252840,200516,14436,0.415185,32
QuickSort,random,nearly_sorted,10000,3,184590252841,200480,14642,0.415807,33
QuickSort,random,nearly_sorted,10000,4,184590252842,187868,14522,0.482025,30
QuickSort,random,nearly_sorted,10000,5,184590252843,189587,14428,0.456202,31
QuickSort,random,nearly_sorted,10000,6,184590252844,195933,14502,0.469469,31
QuickSort,random,nearly_sorted,10000,7,184590252845,195749,14420,0.451782,28
QuickSort,random,nearly_sorted,10000,8,184590252846,186608,14552,0.429886,28
QuickSort,random,nearly_sorted,10000,9,184590252847,191110,14498,0.406608,30
QuickSort,random,nearly_sorted,10000,10,184590252848,189919,14448,0.434546,30
QuickSort,random,nearly_sorted,10000,11,184590252849,191631,14554,0.415767,29
QuickSort,random,nearly_sorted,10000,12,184590252850,191843,14564,0.437823,30
QuickSort,random,nearly_sorted,10000,13,184590252851,189985,14400,0.445128,31
QuickSort,random,nearly_sorted,10000,14,184590252852,188828,14350,0.423463,29
QuickSort,random,nearly_sorted,10000,15,184590252853,192052,14448,0.406348,32
QuickSort,random,nearly_sorted,10000,16,184590252854,196917,14604,0.409273,32
QuickSort,random,nearly_sorted,10000,17,184590252855,187142,14390,0.402870,29
QuickSort,random,nearly_sorted,10000,18,184590252856,195269,14490,0.420967,30
QuickSort,random,nearly_sorted,10000,19,184590252857,200266,14380,0.410306,33
QuickSort,random,nearly_sorted,10000,20,184590252858,201695,14450,0.411629,31
QuickSort,random,nearly_sorted,10000,21,184590252859,202617,14446,0.428253,33
QuickSort,random,nearly_sorted,10000,22,184590252860,212255,14604,0.526939,37
QuickSort,random,nearly_sorted,10000,23,184590252861,188550,14388,0.406348,30
QuickSort,random,nearly_sorted,10000,24,184590252862,201412,14488,0.411999,35
QuickSort,random,nearly_sorted,10000,25,184590252863,186535,14372,0.405295,29
QuickSort,random,nearly_sorted,10000,26,184590252864,196872,14540,0.441090,29
QuickSort,random,nearly_sorted,10000,27,184590252865,193503,14468,0.433724,31
QuickSort,random,nearly_sorted,10000,28,184590252866,196142,14540,0.539666,30
QuickSort,random,nearly_sorted,10000,29,184590252867,194339,14396,0.440318,32
QuickSort,random,nearly_sorted,10000,30,184590252868,186505,14410,0.426730,30
QuickSort,random,nearly_sorted,10000,31,184590252869,185305,14546,0.420206,29
QuickSort,random,nearly_sorted,10000,32,184590252870,191076,14600,0.411248,30
QuickSort,random,nearly_sorted,10000,33,184590252871,194351,14406,0.432131,30
QuickSort,random,nearly_sorted,10000,34,184590252872,194373,14562,0.432312,32
QuickSort,random,nearly_sorted,10000,35,184590252873,197934,14400,0.428353,32
QuickSort,random,nearly_sorted,10000,36,184590252874,192606,14398,0.431540,32
QuickSort,random,nearly_sorted,10000,37,184590252875,194174,14452,0.428433,31
QuickSort,random,nearly_sorted,10000,38,184590252876,199834,14568,0.409614,31
QuickSort,random,nearly_sorted,10000,39,184590252877,195369,14454,0.521437,31
QuickSort,random,nearly_sorted,10000,40,184590252878,185761,14344,0.409644,27
QuickSort,random,nearly_sorted,10000,41,184590252879,191932,14436,0.426729,29
QuickSort,random,nearly_sorted,10000,42,184590252880,192590,14604,0.442101,30
QuickSort,random,nearly_sorted,10000,43,184590252881,192877,14486,0.477747,31
QuickSort,random,nearly_sorted,10000,44,184590252882,190549,14578,0.515054,31
QuickSort,random,nearly_sorted,10000,45,184590252883,209034,14376,0.430657,34
QuickSort,random,nearly_sorted,10000,46,184590252884,197599,14410,0.411397,33
QuickSort,random,nearly_sorted,10000,47,184590252885,189688,14576,0.406537,32
QuickSort,random,nearly_sorted,10000,48,184590252886,209205,14566,0.457544,31
QuickSort,random,nearly_sorted,10000,49,184590252887,196522,14400,0.420296,31
QuickSort,random,nearly_sorted,10000,50,184590252888,193740,14462,0.420015,30
QuickSort,random,nearly_sorted,10000,51,184590252889,195113,14408,0.425597,30
QuickSort,random,nearly_sorted,10000,52,184590252890,190665,14596,0.417991,31
QuickSort,random,nearly_sorted,10000,53,184590252891,182696,14478,0.415306,27
QuickSort,random,nearly_sorted,10000,54,184590252892,193620,14540,0.462194,30
QuickSort,random,nearly_sorted,10000,55,184590252893,195837,14500,0.436821,30
QuickSort,random,nearly_sorted,10000,56,184590252894,198161,14534,0.411287,30
QuickSort,random,nearly_sorted,10000,57,184590252895,189460,14516,0.419074,28
QuickSort,random,nearly_sorted,10000,58,184590252896,202663,14500,0.424505,29
QuickSort,random,nearly_sorted,10000,59,184590252897,198472,14434,0.456953,32
QuickSort,random,nearly_sorted,10000,60,184590252898,190866,14542,0.603418,30
QuickSort,random,nearly_sorted,10000,61,184590252899,197892,14484,0.587014,29
QuickSort,random,nearly_sorted,10000,62,184590252900,201336,14608,0.443384,37
QuickSort,random,nearly_sorted,10000,63,184590252901,197500,14570,0.494651,31
QuickSort,random,nearly_sorted,10000,64,184590252902,198452,14598,0.412460,32
QuickSort,random,nearly_sorted,10000,65,184590252903,187848,14572,0.406838,29
QuickSort,random,nearly_sorted,10000,66,184590252904,198282,14554,0.489641,32
QuickSort,random,nearly_sorted,10000,67,184590252905,202939,14484,0.415015,31
QuickSort,random,nearly_sorted,10000,68,184590252906,200453,14660,0.424896,32
QuickSort,random,nearly_sorted,10000,69,184590252907,191559,14526,0.415848,33
QuickSort,random,nearly_sorted,10000,70,184590252908,193222,14572,0.408562,29
QuickSort,random,nearly_sorted,10000,71,184590252909,197047,14438,0.408191,29
QuickSort,random,nearly_sorted,10000,72,184590252910,199100,14548,0.411338,30
QuickSort,random,nearly_sorted,10000,73,184590252911,192268,14582,0.601063,30
QuickSort,random,nearly_sorted,10000,74,184590252912,204077,14548,0.537261,31
QuickSort,random,nearly_sorted,10000,75,184590252913,205555,14718,0.503309,33
QuickSort,random,nearly_sorted,10000,76,184590252914,194467,14392,0.661469,30
QuickSort,random,nearly_sorted,10000,77,184590252915,196739,14520,0.479590,30
QuickSort,random,nearly_sorted,10000,78,184590252916,197473,14356,0.463136,32
QuickSort,random,nearly_sorted,10000,79,184590252917,199092,14508,0.435388,33
QuickSort,random,nearly_sorted,10000,80,184590252918,189883,14580,0.462985,30
QuickSort,random,nearly_sorted,10000,81,184590252919,197010,14586,0.420366,28
QuickSort,random,nearly_sorted,10000,82,184590252920,204760,14398,0.430798,32
QuickSort,random,nearly_sorted,10000,83,184590252921,193646,14622,0.427883,29
QuickSort,random,nearly_sorted,10000,84,184590252922,187001,14376,0.420988,28
QuickSort,random,nearly_sorted,10000,85,184590252923,188979,14528,0.504181,27
QuickSort,random,nearly_sorted,10000,86,184590252924,201462,14480,0.462594,31
QuickSort,random,nearly_sorted,10000,87,184590252925,200728,14576,0.670107,30
QuickSort,random,nearly_sorted,10000,88,184590252926,193626,14564,0.571763,28
QuickSort,random,nearly_sorted,10000,89,184590252927,196250,14512,0.462985,30
QuickSort,random,nearly_sorted,10000,90,184590252928,185776,14530,0.502137,27
QuickSort,random,nearly_sorted,10000,91,184590252929,195630,14524,0.448435,33
QuickSort,random,nearly_sorted,10000,92,184590252930,197847,14518,0.425137,32
QuickSort,random,nearly_sorted,10000,93,184590252931,199070,14476,0.424235,33
QuickSort,random,nearly_sorted,10000,94,184590252932,194886,14342,0.416929,30
QuickSort,random,nearly_sorted,10000,95,184590252933,190340,14384,0.430588,30
QuickSort,random,nearly_sorted,10000,96,184590252934,191011,14586,0.425948,32
QuickSort,random,nearly_sorted,10000,97,184590252935,189305,14390,0.413382,32
QuickSort,random,nearly_sorted,10000,98,184590252936,194974,14476,0.409344,31
QuickSort,random,nearly_sorted,10000,99,184590252937,194907,14562,0.438344,33
QuickSort,random,nearly_sorted,5000,0,172517271105,88929,7254,0.259951,26
QuickSort,random,nearly_sorted,5000,1,172517271106,92720,7302,0.250790,30
QuickSort,random,nearly_sorted,5000,2,172517271107,91060,7294,0.278540,29
QuickSort,random,nearly_sorted,5000,3,172517271108,94742,7316,0.252662,34
QuickSort,random,nearly_sorted,5000,4,172517271109,87696,7328,0.235351,26
QuickSort,random,nearly_sorted,5000,5,172517271110,101166,7230,0.320077,31
QuickSort,random,nearly_sorted,5000,6,172517271111,89904,7206,0.253107,26
QuickSort,random,nearly_sorted,5000,7,172517271112,91934,7222,0.220762,29
QuickSort,random,nearly_sorted,5000,8,172517271113,92767,7328,0.221545,27
QuickSort,random,nearly_sorted,5000,9,172517271114,87504,7368,0.327672,27
QuickSort,random,nearly_sorted,5000,10,172517271115,101274,7464,0.227428,34
QuickSort,random,nearly_sorted,5000,11,172517271116,92663,7312,0.226021,30
QuickSort,random,nearly_sorted,5000,12,172517271117,93623,7250,0.222367,31
QuickSort,random,nearly_sorted,5000,13,172517271118,94171,7380,0.220990,30
QuickSort,random,nearly_sorted,5000,14,172517271119,86164,7344,0.228864,24
QuickSort,random,nearly_sorted,5000,15,172517271120,89032,7382,0.232815,29
QuickSort,random,nearly_sorted,5000,16,172517271121,92413,7298,0.234172,27
QuickSort,random,nearly_sorted,5000,17,172517271122,84511,7346,0.255029,24
QuickSort,random,nearly_sorted,5000,18,172517271123,89915,7232,0.218089,31
QuickSort,random,nearly_sorted,5000,19,172517271124,89309,7254,0.219505,28
QuickSort,random,nearly_sorted,5000,20,172517271125,87846,7381,0.223021,26
QuickSort,random,nearly_sorted,5000,21,172517271126,86626,7282,0.216167,25
QuickSort,random,nearly_sorted,5000,22,172517271127,87585,7350,0.230191,28
QuickSort,random,nearly_sorted,5000,23,172517271128,92941,7292,0.244700,29
QuickSort,random,nearly_sorted,5000,24,172517271129,91275,7400,0.237609,29
QuickSort,random,nearly_sorted,5000,25,172517271130,91696,7296,0.214335,31
QuickSort,random,nearly_sorted,5000,26,172517271131,88318,7220,0.245700,27
QuickSort,random,nearly_sorted,5000,27,172517271132,92168,7344,0.240084,27
QuickSort,random,nearly_sorted,5000,28,172517271133,89025,7336,0.233429,31
QuickSort,random,nearly_sorted,5000,29,172517271134,87781,7310,0.230864,28
QuickSort,random,nearly_sorted,5000,30,172517271135,91558,7266,0.242521,28
QuickSort,random,nearly_sorted,5000,31,172517271136,89667,7304,0.239718,26
QuickSort,random,nearly_sorted,5000,32,172517271137,88185,7270,0.236737,30
QuickSort,random,nearly_sorted,5000,33,172517271138,98855,7276,0.247443,30
QuickSort,random,nearly_sorted,5000,34,172517271139,93575,7310,0.445150,28
QuickSort,random,nearly_sorted,5000,35,172517271140,93121,7368,0.252038,29
QuickSort,random,nearly_sorted,5000,36,172517271141,90169,7356,0.224992,27
QuickSort,random,nearly_sorted,5000,37,172517271142,90731,7388,0.220367,28
QuickSort,random,nearly_sorted,5000,38,172517271143,88400,7320,0.218029,26
QuickSort,random,nearly_sorted,5000,39,172517271144,92225,7328,0.226457,29
QuickSort,random,nearly_sorted,5000,40,172517271145,91438,7366,0.219911,28
QuickSort,random,nearly_sorted,5000,41,172517271146,96578,7220,0.223605,30
QuickSort,random,nearly_sorted,5000,42,172517271147,91233,7296,0.231756,30
QuickSort,random,nearly_sorted,5000,43,172517271148,93346,7334,0.233845,27
QuickSort,random,nearly_sorted,5000,44,172517271149,89876,7334,0.235351,27
QuickSort,random,nearly_sorted,5000,45,172517271150,88637,7262,0.338459,26
QuickSort,random,nearly_sorted,5000,46,172517271151,88062,7252,0.585237,28
QuickSort,random,nearly_sorted,5000,47,172517271152,87926,7334,0.336498,27
QuickSort,random,nearly_sorted,5000,48,172517271153,89763,7336,0.395454,29
QuickSort,random,nearly_sorted,5000,49,172517271154,87664,7300,0.242085,26
QuickSort,random,nearly_sorted,5000,50,172517271155,89947,7338,0.283472,32
QuickSort,random,nearly_sorted,5000,51,172517271156,88159,7452,0.227805,26
QuickSort,random,nearly_sorted,5000,52,172517271157,95366,7292,0.226873,32
QuickSort,random,nearly_sorted,5000,53,172517271158,88744,7308,0.234648,29
QuickSort,random,nearly_sorted,5000,54,172517271159,88298,7446,0.238352,28
QuickSort,random,nearly_sorted,5000,55,172517271160,93384,7190,0.244601,29
QuickSort,random,nearly_sorted,5000,56,172517271161,93524,7258,0.247672,28
QuickSort,random,nearly_sorted,5000,57,172517271162,92561,7276,0.262467,27
QuickSort,random,nearly_sorted,5000,58,172517271163,93843,7372,0.294485,33
QuickSort,random,nearly_sorted,5000,59,172517271164,91319,7330,0.239283,34
QuickSort,random,nearly_sorted,5000,60,172517271165,91462,7374,0.226606,26
QuickSort,random,nearly_sorted,5000,61,172517271166,87065,7314,0.238322,27
QuickSort,random,nearly_sorted,5000,62,172517271167,88911,7358,0.226804,25
QuickSort,random,nearly_sorted,5000,63,172517271168,93457,7362,0.231825,28
QuickSort,random,nearly_sorted,5000,64,172517271169,86467,7370,0.229488,29
QuickSort,random,nearly_sorted,5000,65,172517271170,88948,7340,0.348343,31
QuickSort,random,nearly_sorted,5000,66,172517271171,91831,7304,0.221634,28
QuickSort,random,nearly_sorted,5000,67,172517271172,86752,7340,0.243621,27
QuickSort,random,nearly_sorted,5000,68,172517271173,89366,7334,0.230438,31
QuickSort,random,nearly_sorted,5000,69,172517271174,94919,7404,0.226873,28
QuickSort,random,nearly_sorted,5000,70,172517271175,86148,7326,0.261873,25
QuickSort,random,nearly_sorted,5000,71,172517271176,87296,7186,0.234044,29
QuickSort,random,nearly_sorted,5000,72,172517271177,87230,7214,0.229894,27
QuickSort,random,nearly_sorted,5000,73,172517271178,91091,7274,0.243204,26
QuickSort,random,nearly_sorted,5000,74,172517271179,92943,7272,0.244680,28
QuickSort,random,nearly_sorted,5000,75,172517271180,86667,7342,0.218406,27
QuickSort,random,nearly_sorted,5000,76,172517271181,87811,7334,0.218970,25
QuickSort,random,nearly_sorted,5000,77,172517271182,96635,7230,0.206898,29
QuickSort,random,nearly_sorted,5000,78,172517271183,88862,7294,0.212613,28
QuickSort,random,nearly_sorted,5000,79,172517271184,93405,7286,0.242224,29
QuickSort,random,nearly_sorted,5000,80,172517271185,88100,7276,0.202530,27
QuickSort,random,nearly_sorted,5000,81,172517271186,87169,7294,0.202520,25
QuickSort,random,nearly_sorted,5000,82,172517271187,88647,7346,0.203699,26
QuickSort,random,nearly_sorted,5000,83,172517271188,91586,7248,0.220495,31
QuickSort,random,nearly_sorted,5000,84,172517271189,88167,7242,0.200876,29
QuickSort,random,nearly_sorted,5000,85,172517271190,94213,7360,0.205908,30
QuickSort,random,nearly_sorted,5000,86,172517271191,87544,7254,0.201648,27
QuickSort,random,nearly_sorted,5000,87,172517271192,95796,7310,0.206957,31
QuickSort,random,nearly_sorted,5000,88,172517271193,89980,7362,0.339458,28
QuickSort,random,nearly_sorted,5000,89,172517271194,89725,7204,0.213047,31
QuickSort,random,nearly_sorted,5000,90,172517271195,91374,7322,0.206561,30
QuickSort,random,nearly_sorted,5000,91,172517271196,100188,7322,0.208611,31
QuickSort,random,nearly_sorted,5000,92,172517271197,88203,7256,0.202916,26
QuickSort,random,nearly_sorted,5000,93,172517271198,88710,7316,0.218733,28
QuickSort,random,nearly_sorted,5000,94,172517271199,87231,7284,0.201975,25
QuickSort,random,nearly_sorted,5000,95,172517271200,92285,7310,0.216563,28
QuickSort,random,nearly_sorted,5000,96,172517271201,89938,7368,0.221208,27
QuickSort,random,nearly_sorted,5000,97,172517271202,94920,7310,0.266904,28
QuickSort,random,nearly_sorted,5000,98,172517271203,88451,7284,0.257010,25
QuickSort,random,nearly_sorted,5000,99,172517271204,87884,7370,0.230260,30
QuickSort,random,nearly_sorted,5000,100,172517271205,90149,7314,0.231270,28
QuickSort,random,nearly_sorted,5000,101,172517271206,94072,7306,0.239827,30
QuickSort,random,nearly_sorted,5000,102,172517271207,92609,7350,0.233281,30
QuickSort,random,nearly_sorted,5000,103,172517271208,91083,7394,0.226478,32
QuickSort,random,nearly_sorted,5000,104,172517271209,86404,7420,0.256188,26
QuickSort,random,nearly_sorted,5000,105,172517271210,92679,7328,0.220723,28
QuickSort,random,nearly_sorted,5000,106,172517271211,89818,7340,0.235004,29
QuickSort,random,nearly_sorted,5000,107,172517271212,96258,7260,0.246809,28
QuickSort,random,nearly_sorted,5000,108,172517271213,87278,7348,0.244076,26
QuickSort,random,nearly_sorted,5000,109,172517271214,94217,7298,0.230112,30
QuickSort,random,nearly_sorted,5000,110,172517271215,89418,7308,0.203847,27
QuickSort,random,nearly_sorted,5000,111,172517271216,95365,7340,0.208512,31
QuickSort,random,nearly_sorted,5000,112,172517271217,88113,7188,0.204263,26
QuickSort,random,nearly_sorted,5000,113,172517271218,93837,7306,0.205907,28
QuickSort,random,nearly_sorted,5000,114,172517271219,89504,7448,0.215108,27
QuickSort,random,nearly_sorted,5000,115,172517271220,86838,7334,0.224497,26
QuickSort,random,nearly_sorted,5000,116,172517271221,93533,7424,0.231329,32
QuickSort,random,nearly_sorted,5000,117,172517271222,92378,7442,0.204204,31
QuickSort,random,nearly_sorted,5000,118,172517271223,85556,7152,0.200391,27
QuickSort,random,nearly_sorted,5000,119,172517271224,86791,7330,0.199410,26
QuickSort,random,nearly_sorted,5000,120,172517271225,88358,7278,0.202837,28
QuickSort,random,nearly_sorted,5000,121,172517271226,88224,7384,0.218277,26
QuickSort,random,nearly_sorted,5000,122,172517271227,89997,7214,0.210462,31
QuickSort,random,nearly_sorted,5000,123,172517271228,91836,7278,0.231597,30
QuickSort,random,nearly_sorted,5000,124,172517271229,88003,7400,0.472861,25
QuickSort,random,nearly_sorted,5000,125,172517271230,88007,7218,0.252237,26
QuickSort,random,nearly_sorted,5000,126,172517271231,84102,7318,0.320820,25
QuickSort,random,nearly_sorted,5000,127,172517271232,87441,7226,0.249572,26
QuickSort,random,nearly_sorted,5000,128,172517271233,89312,7398,0.275074,26
QuickSort,random,nearly_sorted,5000,129,172517271234,92288,7372,0.215603,29
QuickSort,random,nearly_sorted,5000,130,172517271235,88160,7424,0.211473,31
QuickSort,random,nearly_sorted,5000,131,172517271236,86466,7400,0.243521,28
QuickSort,random,nearly_sorted,5000,132,172517271237,87285,7306,0.234836,28
QuickSort,random,nearly_sorted,5000,133,172517271238,90103,7346,0.404269,29
QuickSort,random,nearly_sorted,5000,134,172517271239,93284,7324,0.278006,30
QuickSort,random,nearly_sorted,5000,135,172517271240,91520,7280,0.253534,29
QuickSort,random,nearly_sorted,5000,136,172517271241,91270,7356,0.241481,30
QuickSort,random,nearly_sorted,5000,137,172517271242,94759,7354,0.247820,28
QuickSort,random,nearly_sorted,5000,138,172517271243,87177,7312,0.251969,27
QuickSort,random,nearly_sorted,5000,139,172517271244,88710,7334,0.250760,26
QuickSort,random,nearly_sorted,5000,140,172517271245,96101,7328,0.245759,31
QuickSort,random,nearly_sorted,5000,141,172517271246,88142,7338,0.279125,26
QuickSort,random,nearly_sorted,5000,142,172517271247,88572,7304,0.267855,24
QuickSort,random,nearly_sorted,5000,143,172517271248,90012,7194,0.268548,27
QuickSort,random,nearly_sorted,5000,144,172517271249,86680,7298,0.266845,31
QuickSort,random,nearly_sorted,5000,145,172517271250,88984,7411,0.254396,26
QuickSort,random,nearly_sorted,5000,146,172517271251,96559,7344,0.259179,29
QuickSort,random,nearly_sorted,5000,147,172517271252,92340,7194,0.247037,32
QuickSort,random,nearly_sorted,5000,148,172517271253,85987,7286,0.445972,24
QuickSort,random,nearly_sorted,5000,149,172517271254,87692,7338,0.236757,25
QuickSort,random,nearly_sorted,5000,150,172517271255,89118,7264,0.231369,29
QuickSort,random,nearly_sorted,5000,151,172517271256,95316,7384,0.242075,30
QuickSort,random,nearly_sorted,5000,152,172517271257,96532,7278,0.243432,28
QuickSort,random,nearly_sorted,5000,153,172517271258,91785,7404,0.242531,29
QuickSort,random,nearly_sorted,5000,154,172517271259,89398,7270,0.228200,27
QuickSort,random,nearly_sorted,5000,155,172517271260,87833,7428,0.273797,29
QuickSort,random,nearly_sorted,5000,156,172517271261,90042,7276,0.253771,24
QuickSort,random,nearly_sorted,5000,157,172517271262,95668,7314,0.254336,33
QuickSort,random,nearly_sorted,5000,158,172517271263,88032,7400,0.229350,26
QuickSort,random,nearly_sorted,5000,159,172517271264,92978,7324,0.207789,29
QuickSort,random,nearly_sorted,5000,160,172517271265,89555,7288,0.213186,29
QuickSort,random,nearly_sorted,5000,161,172517271266,87828,7428,0.210305,28
QuickSort,random,nearly_sorted,5000,162,172517271267,88936,7342,0.210077,27
QuickSort,random,nearly_sorted,5000,163,172517271268,90981,7346,0.220486,29
QuickSort,random,nearly_sorted,5000,164,172517271269,93068,7344,0.308162,28
QuickSort,random,nearly_sorted,5000,165,172517271270,88907,7330,0.204937,27
QuickSort,random,nearly_sorted,5000,166,172517271271,87761,7216,0.201638,25
QuickSort,random,nearly_sorted,5000,167,172517271272,92973,7388,0.222407,30
QuickSort,random,nearly_sorted,5000,168,172517271273,88445,7370,0.201629,25
QuickSort,random,nearly_sorted,5000,169,172517271274,88238,7350,0.206422,27
QuickSort,random,nearly_sorted,5000,170,172517271275,91532,7364,0.202936,29
QuickSort,random,nearly_sorted,5000,171,172517271276,96199,7314,0.204709,30
QuickSort,random,nearly_sorted,5000,172,172517271277,87062,7283,0.209661,27
QuickSort,random,nearly_sorted,5000,173,172517271278,97542,7374,0.217822,31
QuickSort,random,nearly_sorted,5000,174,172517271279,94108,7304,0.208106,30
QuickSort,random,nearly_sorted,5000,175,172517271280,93116,7272,0.203679,30
QuickSort,random,nearly_sorted,5000,176,172517271281,101844,7316,0.226834,33
QuickSort,random,nearly_sorted,5000,177,172517271282,88246,7342,0.239986,27
QuickSort,random,nearly_sorted,5000,178,172517271283,100850,7380,0.256119,31
QuickSort,random,nearly_sorted,5000,179,172517271284,99554,7308,0.236193,32
QuickSort,random,nearly_sorted,5000,180,172517271285,88791,7350,0.224467,29
QuickSort,random,nearly_sorted,5000,181,172517271286,88025,7330,0.246987,27
QuickSort,random,nearly_sorted,5000,182,172517271287,85928,7274,0.223020,25
QuickSort,random,nearly_sorted,5000,183,172517271288,97069,7302,0.208047,31
QuickSort,random,nearly_sorted,5000,184,172517271289,92569,7296,0.218604,26
QuickSort,random,nearly_sorted,5000,185,172517271290,85434,7256,0.237322,24
QuickSort,random,nearly_sorted,5000,186,172517271291,88531,7362,0.203095,27
QuickSort,random,nearly_sorted,5000,187,172517271292,88347,7402,0.212385,28
QuickSort,random,nearly_sorted,5000,188,172517271293,88002,7290,0.223169,25
QuickSort,random,nearly_sorted,5000,189,172517271294,88820,7302,0.238530,27
QuickSort,random,nearly_sorted,5000,190,172517271295,90306,7248,0.475109,30
QuickSort,random,nearly_sorted,5000,191,172517271296,84482,7304,0.199440,26
QuickSort,random,nearly_sorted,5000,192,172517271297,91406,7296,0.203570,28
QuickSort,random,nearly_sorted,5000,193,172517271298,101645,7282,0.229904,30
QuickSort,random,nearly_sorted,5000,194,172517271299,88378,7296,0.203293,26
QuickSort,random,nearly_sorted,5000,195,172517271300,97572,7386,0.238539,30
QuickSort,random,nearly_sorted,5000,196,172517271301,88547,7238,0.225813,28
QuickSort,random,nearly_sorted,5000,197,172517271302,86996,7416,0.234895,26
QuickSort,random,nearly_sorted,5000,198,172517271303,95554,7386,0.249503,31
QuickSort,random,nearly_sorted,5000,199,172517271304,87666,7374,0.218405,28
QuickSort,random,nearly_sorted,50000,0,265190598075,1111624,71578,2.481165,37
QuickSort,random,nearly_sorted,50000,1,265190598076,1130828,72088,2.190063,39
QuickSort,random,nearly_sorted,50000,2,265190598077,1133247,71912,2.104724,37
QuickSort,random,nearly_sorted,50000,3,265190598078,1104457,72054,2.131695,34
QuickSort,random,nearly_sorted,50000,4,265190598079,1121205,71618,2.707266,41
QuickSort,random,nearly_sorted,50000,5,265190598080,1122861,72066,2.206603,37
QuickSort,random,nearly_sorted,50000,6,265190598081,1147217,72026,2.169485,45
QuickSort,random,nearly_sorted,50000,7,265190598082,1137085,71788,2.219588,35
QuickSort,random,nearly_sorted,50000,8,265190598083,1164310,71880,2.187698,41
QuickSort,random,nearly_sorted,50000,9,265190598084,1086455,72022,2.161840,38
QuickSort,random,nearly_sorted,50000,10,265190598085,1138346,71896,2.214898,37
QuickSort,random,nearly_sorted,50000,11,265190598086,1128263,71838,2.341424,39
QuickSort,random,nearly_sorted,50000,12,265190598087,1198250,71766,2.283066,39
QuickSort,random,nearly_sorted,50000,13,265190598088,1123333,72244,2.183651,38
QuickSort,random,nearly_sorted,50000,14,265190598089,1117938,71658,2.146873,38
QuickSort,random,nearly_sorted,50000,15,265190598090,1122385,71864,2.071142,37
QuickSort,random,nearly_sorted,50000,16,265190598091,1114451,71876,2.097311,36
QuickSort,random,nearly_sorted,50000,17,265190598092,1185128,71964,2.143366,40
QuickSort,random,nearly_sorted,50000,18,265190598093,1099095,71798,2.281844,35
QuickSort,random,nearly_sorted,50000,19,265190598094,1195249,72082,2.189511,40
QuickSort,random,nearly_sorted,50000,20,265190598095,1069849,72202,2.085438,35
QuickSort,random,nearly_sorted,50000,21,265190598096,1186903,71830,2.270773,39
QuickSort,random,nearly_sorted,50000,22,265190598097,1143915,72134,2.097050,37
QuickSort,random,nearly_sorted,50000,23,265190598098,1117286,72040,2.074898,39
QuickSort,random,nearly_sorted,50000,24,265190598099,1166483,72094,2.233513,37
QuickSort,random,nearly_sorted,50000,25,265190598100,1272537,71758,2.372051,43
QuickSort,random,nearly_sorted,50000,26,265190598101,1076743,71934,2.725919,34
QuickSort,random,nearly_sorted,50000,27,265190598102,1162814,72050,2.747750,37
QuickSort,random,nearly_sorted,50000,28,265190598103,1144880,72064,2.147204,35
QuickSort,random,nearly_sorted,50000,29,265190598104,1136600,72058,2.103723,37
QuickSort,random,random,1000,0,165214788890,14730,3116,0.091168,21
QuickSort,random,random,1000,1,165214788891,14901,3096,0.091037,20
QuickSort,random,random,1000,2,165214788892,14731,3120,0.090896,24
QuickSort,random,random,1000,3,165214788893,14869,3062,0.110875,22
QuickSort,random,random,1000,4,165214788894,14418,3137,0.390457,24
QuickSort,random,random,1000,5,165214788895,14777,3099,0.379758,20
QuickSort,random,random,1000,6,165214788896,14359,3084,0.462782,21
QuickSort,random,random,1000,7,165214788897,14369,3120,0.210315,20
QuickSort,random,random,1000,8,165214788898,16622,3020,0.085964,24
QuickSort,random,random,1000,9,165214788899,14085,3119,0.088551,20
QuickSort,random,random,1000,10,165214788900,14433,3138,0.090211,24
QuickSort,random,random,1000,11,165214788901,14748,3064,0.086276,21
QuickSort,random,random,1000,12,165214788902,14766,3084,0.089044,22
QuickSort,random,random,1000,13,165214788903,15033,3085,0.087383,23
QuickSort,random,random,1000,14,165214788904,15083,3122,0.090172,23
QuickSort,random,random,1000,15,165214788905,14707,3102,0.080146,20
QuickSort,random,random,1000,16,165214788906,15177,3168,0.077741,21
QuickSort,random,random,1000,17,165214788907,13849,3126,0.077278,19
QuickSort,random,random,1000,18,165214788908,14485,3118,0.078204,20
QuickSort,random,random,1000,19,165214788909,14086,3071,0.077439,19
QuickSort,random,random,1000,20,165214788910,14759,3087,0.078506,23
QuickSort,random,random,1000,21,165214788911,15197,3099,0.076634,21
QuickSort,random,random,1000,22,165214788912,16123,3067,0.078597,23
QuickSort,random,random,1000,23,165214788913,14546,3075,0.077097,19
QuickSort,random,random,1000,24,165214788914,14516,3099,0.079059,20
QuickSort,random,random,1000,25,165214788915,15523,3090,0.077690,21
QuickSort,random,random,1000,26,165214788916,14753,3107,0.123636,20
QuickSort,random,random,1000,27,165214788917,14059,3085,0.082874,19
QuickSort,random,random,1000,28,165214788918,15553,3120,0.081345,23
QuickSort,random,random,1000,29,165214788919,13964,3118,0.080952,20
QuickSort,random,random,1000,30,165214788920,14652,3098,0.080076,23
QuickSort,random,random,1000,31,165214788921,14521,3117,0.079221,21
QuickSort,random,random,1000,32,165214788922,14452,3087,0.078617,20
QuickSort,random,random,1000,33,165214788923,14291,3122,0.079009,21
QuickSort,random,random,1000,34,165214788924,14615,3103,0.078869,20
QuickSort,random,random,1000,35,165214788925,16120,3050,0.077056,22
QuickSort,random,random,1000,36,165214788926,15421,3087,0.079090,22
QuickSort,random,random,1000,37,165214788927,15159,3099,0.077872,21
QuickSort,random,random,1000,38,165214788928,15023,3048,0.077822,22
QuickSort,random,random,1000,39,165214788929,14240,3149,0.082693,21
QuickSort,random,random,1000,40,165214788930,15130,3067,0.081968,25
QuickSort,random,random,1000,41,165214788931,14607,3082,0.082864,22
QuickSort,random,random,1000,42,165214788932,14899,3103,0.080952,21
QuickSort,random,random,1000,43,165214788933,14022,3121,0.081254,19
QuickSort,random,random,1000,44,165214788934,14024,3132,0.163654,17
QuickSort,random,random,1000,45,165214788935,14423,3203,0.085663,21
QuickSort,random,random,1000,46,165214788936,15496,3118,0.109677,21
QuickSort,random,random,1000,47,165214788937,14408,3124,0.077983,22
QuickSort,random,random,1000,48,165214788938,14111,3125,0.078678,19
QuickSort,random,random,1000,49,165214788939,14369,3081,0.079110,19
QuickSort,random,random,1000,50,165214788940,15767,3095,0.078234,23
QuickSort,random,random,1000,51,165214788941,15318,3071,0.077429,22
QuickSort,random,random,1000,52,165214788942,14016,3088,0.083337,19
QuickSort,random,random,1000,53,165214788943,14180,3149,0.107352,20
QuickSort,random,random,1000,54,165214788944,14267,3110,0.077207,22
QuickSort,random,random,1000,55,165214788945,15946,3122,0.077851,26
QuickSort,random,random,1000,56,165214788946,14544,3125,0.077248,21
QuickSort,random,random,1000,57,165214788947,14718,3056,0.077228,20
QuickSort,random,random,1000,58,165214788948,14472,3096,0.077036,23
QuickSort,random,random,1000,59,165214788949,14532,3103,0.078557,23
QuickSort,random,random,1000,60,165214788950,14741,3146,0.077580,20
QuickSort,random,random,1000,61,165214788951,14166,3097,0.077651,20
QuickSort,random,random,1000,62,165214788952,14728,3138,0.078264,20
QuickSort,random,random,1000,63,165214788953,15092,3062,0.078858,23
QuickSort,random,random,1000,64,165214788954,14831,3103,0.083951,21
QuickSort,random,random,1000,65,165214788955,14518,3083,0.080035,21
QuickSort,random,random,1000,66,165214788956,14223,3146,0.081485,21
QuickSort,random,random,1000,67,165214788957,14689,3071,0.076171,22
QuickSort,random,random,1000,68,165214788958,14617,3125,0.077982,20
QuickSort,random,random,1000,69,165214788959,14660,3094,0.097982,21
QuickSort,random,random,1000,70,165214788960,14476,3139,0.077943,22
QuickSort,random,random,1000,71,165214788961,14281,3117,0.084303,20
QuickSort,random,random,1000,72,165214788962,14573,3058,0.081083,21
QuickSort,random,random,1000,73,165214788963,15023,3076,0.084766,24
QuickSort,random,random,1000,74,165214788964,14319,3110,0.086176,20
QuickSort,random,random,1000,75,165214788965,15971,2997,0.083709,24
QuickSort,random,random,1000,76,165214788966,14604,3086,0.084193,21
QuickSort,random,random,1000,77,165214788967,14239,3113,0.084011,19
QuickSort,random,random,1000,78,165214788968,15257,3106,0.082794,25
QuickSort,random,random,1000,79,165214788969,14251,3111,0.084132,21
QuickSort,random,random,1000,80,165214788970,14148,3116,0.080761,24
QuickSort,random,random,1000,81,165214788971,15444,3026,0.075839,23
QuickSort,random,random,1000,82,165214788972,13738,3179,0.077449,19
QuickSort,random,random,1000,83,165214788973,15819,3101,0.075970,22
QuickSort,random,random,1000,84,165214788974,15194,3105,0.076503,22
QuickSort,random,random,1000,85,165214788975,15057,3083,0.077580,20
QuickSort,random,random,1000,86,165214788976,15776,3085,0.077611,25
QuickSort,random,random,1000,87,165214788977,15505,3110,0.080771,21
QuickSort,random,random,1000,88,165214788978,14453,3099,0.078074,22
QuickSort,random,random,1000,89,165214788979,14080,3109,0.078224,19
QuickSort,random,random,1000,90,165214788980,14667,3108,0.076725,19
QuickSort,random,random,1000,91,165214788981,14403,3105,0.075547,20
QuickSort,random,random,1000,92,165214788982,15167,3084,0.075788,22
QuickSort,random,random,1000,93,165214788983,14891,3084,0.096955,23
QuickSort,random,random,1000,94,165214788984,15732,3091,0.077309,24
QuickSort,random,random,1000,95,165214788985,14410,3087,0.075456,19
QuickSort,random,random,1000,96,165214788986,15306,3109,0.075789,22
QuickSort,random,random,1000,97,165214788987,15060,3089,0.077077,22
QuickSort,random,random,1000,98,165214788988,14019,3165,0.077680,21
QuickSort,random,random,1000,99,165214788989,15346,3104,0.078426,23
QuickSort,random,random,1000,100,165214788990,15036,3112,0.077379,22
QuickSort,random,random,1000,101,165214788991,14483,3097,0.075748,21
QuickSort,random,random,1000,102,165214788992,14915,3052,0.075396,20
QuickSort,random,random,1000,103,165214788993,15326,3061,0.076584,21
QuickSort,random,random,1000,104,165214788994,14165,3097,0.076815,20
QuickSort,random,random,1000,105,165214788995,15668,3109,0.078264,22
QuickSort,random,random,1000,106,165214788996,14548,3149,0.076906,26
QuickSort,random,random,1000,107,165214788997,14627,3102,0.077147,22
QuickSort,random,random,1000,108,165214788998,14664,3132,0.075889,22
QuickSort,random,random,1000,109,165214788999,16038,3088,0.077379,26
QuickSort,random,random,1000,110,165214789000,16973,3060,0.077832,23
QuickSort,random,random,1000,111,165214789001,14118,3184,0.078738,20
QuickSort,random,random,1000,112,165214789002,14671,3104,0.076946,21
QuickSort,random,random,1000,113,165214789003,14907,3051,0.075145,22
QuickSort,random,random,1000,114,165214789004,14217,3124,0.076966,20
QuickSort,random,random,1000,115,165214789005,13781,3174,0.077268,19
QuickSort,random,random,1000,116,165214789006,14803,3078,0.076986,22
QuickSort,random,random,1000,117,165214789007,15021,3062,0.087886,20
QuickSort,random,random,1000,118,165214789008,15035,3069,0.077711,25
QuickSort,random,random,1000,119,165214789009,14403,3076,0.078012,21
QuickSort,random,random,1000,120,165214789010,14579,3087,0.084504,23
QuickSort,random,random,1000,121,165214789011,15093,3106,0.079412,20
QuickSort,random,random,1000,122,165214789012,15033,3089,0.077741,22
QuickSort,random,random,1000,123,165214789013,14685,3136,0.078627,21
QuickSort,random,random,1000,124,165214789014,14323,3136,0.078375,24
QuickSort,random,random,1000,125,165214789015,14937,3124,0.077218,22
QuickSort,random,random,1000,126,165214789016,14535,3137,0.077881,20
QuickSort,random,random,1000,127,165214789017,15571,3064,0.078275,23
QuickSort,random,random,1000,128,165214789018,14708,3053,0.077872,23
QuickSort,random,random,1000,129,165214789019,14852,3068,0.076553,20
QuickSort,random,random,1000,130,165214789020,13644,3122,0.077872,21
QuickSort,random,random,1000,131,165214789021,13972,3134,0.078990,18
QuickSort,random,random,1000,132,165214789022,13755,3140,0.077792,20
QuickSort,random,random,1000,133,165214789023,14436,3070,0.076865,23
QuickSort,random,random,1000,134,165214789024,13958,3076,0.078003,21
QuickSort,random,random,1000,135,165214789025,14834,3101,0.077077,24
QuickSort,random,random,1000,136,165214789026,15483,3071,0.077177,21
QuickSort,random,random,1000,137,165214789027,14244,3149,0.078949,22
QuickSort,random,random,1000,138,165214789028,15941,3079,0.077087,24
QuickSort,random,random,1000,139,165214789029,14482,3110,0.078556,21
QuickSort,random,random,1000,140,165214789030,14916,3122,0.130258,21
QuickSort,random,random,1000,141,165214789031,13996,3117,0.088903,20
QuickSort,random,random,1000,142,165214789032,14820,3083,0.078758,22
QuickSort,random,random,1000,143,165214789033,14198,3153,0.078305,20
QuickSort,random,random,1000,144,165214789034,15655,3035,0.077439,29
QuickSort,random,random,1000,145,165214789035,15522,3061,0.082109,25
QuickSort,random,random,1000,146,165214789036,14515,3093,0.084777,21
QuickSort,random,random,1000,147,165214789037,15250,3077,0.084605,21
QuickSort,random,random,1000,148,165214789038,15138,3105,0.082824,25
QuickSort,random,random,1000,149,165214789039,15152,3095,0.164017,23
QuickSort,random,random,1000,150,165214789040,14897,3134,0.078245,20
QuickSort,random,random,1000,151,165214789041,14392,3122,0.075749,25
QuickSort,random,random,1000,152,165214789042,14866,3060,0.079723,23
QuickSort,random,random,1000,153,165214789043,14981,3075,0.077691,21
QuickSort,random,random,1000,154,165214789044,15996,3043,0.076292,21
QuickSort,random,random,1000,155,165214789045,16474,3035,0.077590,24
QuickSort,random,random,1000,156,165214789046,15392,3075,0.077208,23
QuickSort,random,random,1000,157,165214789047,14489,3108,0.076805,22
QuickSort,random,random,1000,158,165214789048,14954,3067,0.076976,22
QuickSort,random,random,1000,159,165214789049,13947,3153,0.090483,18
QuickSort,random,random,1000,160,165214789050,15581,3108,0.077157,22
QuickSort,random,random,1000,161,165214789051,15588,3066,0.074973,25
QuickSort,random,random,1000,162,165214789052,15560,3041,0.076151,23
QuickSort,random,random,1000,163,165214789053,14018,3142,0.076775,21
QuickSort,random,random,1000,164,165214789054,14809,3105,0.076000,23
QuickSort,random,random,1000,165,165214789055,15250,3084,0.082824,21
QuickSort,random,random,1000,166,165214789056,15062,3061,0.078728,21
QuickSort,random,random,1000,167,165214789057,15416,3107,0.076654,23
QuickSort,random,random,1000,168,165214789058,15468,3070,0.081546,22
QuickSort,random,random,1000,169,165214789059,14937,3144,0.082160,22
QuickSort,random,random,1000,170,165214789060,14181,3146,0.082461,20
QuickSort,random,random,1000,171,165214789061,15093,3136,0.076101,24
QuickSort,random,random,1000,172,165214789062,15368,3082,0.077600,23
QuickSort,random,random,1000,173,165214789063,14376,3093,0.076916,22
QuickSort,random,random,1000,174,165214789064,14173,3138,0.076111,20
QuickSort,random,random,1000,175,165214789065,17391,3081,0.076312,26
QuickSort,random,random,1000,176,165214789066,15422,3056,0.076805,27
QuickSort,random,random,1000,177,165214789067,15668,3055,0.079613,23
QuickSort,random,random,1000,178,165214789068,14845,3097,0.076795,21
QuickSort,random,random,1000,179,165214789069,14706,3092,0.076695,21
QuickSort,random,random,1000,180,165214789070,14900,3074,0.075667,22
QuickSort,random,random,1000,181,165214789071,16907,3096,0.077238,25
QuickSort,random,random,1000,182,165214789072,15956,3060,0.076584,23
QuickSort,random,random,1000,183,165214789073,14241,3150,0.076875,19
QuickSort,random,random,1000,184,165214789074,14924,3108,0.091056,24
QuickSort,random,random,1000,185,165214789075,14587,3119,0.077751,21
QuickSort,random,random,1000,186,165214789076,15475,3050,0.076785,22
QuickSort,random,random,1000,187,165214789077,14639,3133,0.078576,21
QuickSort,random,random,1000,188,165214789078,14697,3070,0.077570,21
QuickSort,random,random,1000,189,165214789079,15703,3076,0.078446,25
QuickSort,random,random,1000,190,165214789080,14656,3122,0.076271,20
QuickSort,random,random,1000,191,165214789081,14582,3107,0.084404,23
QuickSort,random,random,1000,192,165214789082,14116,3151,0.078657,20
QuickSort,random,random,1000,193,165214789083,15483,3061,0.075919,23
QuickSort,random,random,1000,194,165214789084,15949,3054,0.077278,24
QuickSort,random,random,1000,195,165214789085,15883,3028,0.076251,22
QuickSort,random,random,1000,196,165214789086,14868,3072,0.075094,23
QuickSort,random,random,1000,197,165214789087,15083,3061,0.077258,24
QuickSort,random,random,1000,198,165214789088,14891,3098,0.077016,21
QuickSort,random,random,1000,199,165214789089,14967,3113,0.077480,21
QuickSort,random,random,10000,0,173196119238,199128,38658,1.070257,33
QuickSort,random,random,10000,1,173196119239,193052,38762,0.912677,29
QuickSort,random,random,10000,2,173196119240,187637,38984,0.914014,30
QuickSort,random,random,10000,3,173196119241,203463,38237,0.949854,37
QuickSort,random,random,10000,4,173196119242,195918,38257,0.962913,35
QuickSort,random,random,10000,5,173196119243,190708,38869,0.909004,32
QuickSort,random,random,10000,6,173196119244,192147,38615,0.928211,28
QuickSort,random,random,10000,7,173196119245,187568,38942,0.927964,28
QuickSort,random,random,10000,8,173196119246,186413,39012,0.921420,28
QuickSort,random,random,10000,9,173196119247,193693,38717,0.890886,29
QuickSort,random,random,10000,10,173196119248,186900,39026,0.909419,32
QuickSort,random,random,10000,11,173196119249,188300,38942,0.916261,27
QuickSort,random,random,10000,12,173196119250,211095,38250,0.919330,33
QuickSort,random,random,10000,13,173196119251,199181,38369,0.896865,30
QuickSort,random,random,10000,14,173196119252,192735,38877,0.974437,28
QuickSort,random,random,10000,15,173196119253,195618,38612,0.882956,30
QuickSort,random,random,10000,16,173196119254,196964,38623,0.980735,31
QuickSort,random,random,10000,17,173196119255,192424,38475,0.896331,31
QuickSort,random,random,10000,18,173196119256,190556,38857,0.911043,33
QuickSort,random,random,10000,19,173196119257,194568,38681,0.924261,30
QuickSort,random,random,10000,20,173196119258,192198,38473,0.942172,31
QuickSort,random,random,10000,21,173196119259,197485,38533,0.881698,38
QuickSort,random,random,10000,22,173196119260,186144,38935,0.909806,28
QuickSort,random,random,10000,23,173196119261,185469,39106,0.911697,31
QuickSort,random,random,10000,24,173196119262,189917,38675,0.961379,31
QuickSort,random,random,10000,25,173196119263,182838,39051,0.916251,27
QuickSort,random,random,10000,26,173196119264,203332,38804,0.924498,33
QuickSort,random,random,10000,27,173196119265,200993,38254,0.882846,32
QuickSort,random,random,10000,28,173196119266,197450,38508,0.937884,30
QuickSort,random,random,10000,29,173196119267,186950,38882,0.898272,32
QuickSort,random,random,10000,30,173196119268,194874,38804,0.895172,33
QuickSort,random,random,10000,31,173196119269,208811,38044,0.886628,35
QuickSort,random,random,10000,32,173196119270,193523,38938,1.010466,31
QuickSort,random,random,10000,33,173196119271,198139,38194,0.889261,29
QuickSort,random,random,10000,34,173196119272,195353,38551,0.907143,30
QuickSort,random,random,10000,35,173196119273,202619,38537,0.926964,30
QuickSort,random,random,10000,36,173196119274,191816,38703,0.902459,29
QuickSort,random,random,10000,37,173196119275,200022,38485,0.893311,34
QuickSort,random,random,10000,38,173196119276,194942,38365,0.906143,30
QuickSort,random,random,10000,39,173196119277,188894,38775,0.898619,36
QuickSort,random,random,10000,40,173196119278,189840,38945,0.919221,34
QuickSort,random,random,10000,41,173196119279,192441,38588,0.950676,33
QuickSort,random,random,10000,42,173196119280,191368,38747,0.912410,29
QuickSort,random,random,10000,43,173196119281,189875,38827,0.947795,35
QuickSort,random,random,10000,44,173196119282,192202,38734,0.917331,29
QuickSort,random,random,10000,45,173196119283,193885,38902,0.924489,31
QuickSort,random,random,10000,46,173196119284,189244,39122,0.971814,30
QuickSort,random,random,10000,47,173196119285,196681,38356,0.892380,36
QuickSort,random,random,10000,48,173196119286,189218,38629,0.909737,29
QuickSort,random,random,10000,49,173196119287,186465,38785,1.372724,29
QuickSort,random,random,10000,50,173196119288,193838,38679,0.973309,32
QuickSort,random,random,10000,51,173196119289,204445,38182,0.906628,35
QuickSort,random,random,10000,52,173196119290,197370,38326,0.982299,30
QuickSort,random,random,10000,53,173196119291,209720,37976,0.902024,31
QuickSort,random,random,10000,54,173196119292,190714,38840,1.016664,30
QuickSort,random,random,10000,55,173196119293,199647,38353,1.008001,34
QuickSort,random,random,10000,56,173196119294,189020,38759,1.132324,33
QuickSort,random,random,10000,57,173196119295,191998,38628,0.882124,29
QuickSort,random,random,10000,58,173196119296,215021,38346,0.956814,36
QuickSort,random,random,10000,59,173196119297,191850,38633,0.977032,30
QuickSort,random,random,10000,60,173196119298,187674,38706,0.915776,31
QuickSort,random,random,10000,61,173196119299,184819,39129,1.010101,27
QuickSort,random,random,10000,62,173196119300,194806,38622,1.248499,31
QuickSort,random,random,10000,63,173196119301,193402,38669,1.417831,31
QuickSort,random,random,10000,64,173196119302,185372,39106,1.006784,30
QuickSort,random,random,10000,65,173196119303,205878,38707,0.948022,30
QuickSort,random,random,10000,66,173196119304,196001,38586,0.959676,31
QuickSort,random,random,10000,67,173196119305,189500,38896,0.900103,28
QuickSort,random,random,10000,68,173196119306,197643,38525,1.500689,34
QuickSort,random,random,10000,69,173196119307,192214,38829,1.005625,34
QuickSort,random,random,10000,70,173196119308,198377,38626,1.017842,31
QuickSort,random,random,10000,71,173196119309,192749,38935,1.091573,30
QuickSort,random,random,10000,72,173196119310,198113,38651,0.977982,34
QuickSort,random,random,10000,73,173196119311,186726,38756,1.161828,32
QuickSort,random,random,10000,74,173196119312,184633,38917,1.092474,28
QuickSort,random,random,10000,75,173196119313,209285,38028,1.003091,32
QuickSort,random,random,10000,76,173196119314,192348,38657,1.003556,32
QuickSort,random,random,10000,77,173196119315,194043,38617,0.958201,29
QuickSort,random,random,10000,78,173196119316,199264,38437,1.090682,35
QuickSort,random,random,10000,79,173196119317,205874,38195,1.126443,34
QuickSort,random,random,10000,80,173196119318,191873,38734,1.261856,33
QuickSort,random,random,10000,81,173196119319,191422,38774,1.019437,29
QuickSort,random,random,10000,82,173196119320,193513,38337,1.045861,31
QuickSort,random,random,10000,83,173196119321,190562,38457,0.905628,31
QuickSort,random,random,10000,84,173196119322,186936,39032,0.982606,30
QuickSort,random,random,10000,85,173196119323,189218,38571,0.982958,30
QuickSort,random,random,10000,86,173196119324,190027,38934,1.016155,33
QuickSort,random,random,10000,87,173196119325,194139,38457,1.207817,32
QuickSort,random,random,10000,88,173196119326,189461,38633,0.914757,31
QuickSort,random,random,10000,89,173196119327,193903,38431,0.900103,30
QuickSort,random,random,10000,90,173196119328,188223,39025,0.922340,29
QuickSort,random,random,10000,91,173196119329,198870,38638,0.980477,31
QuickSort,random,random,10000,92,173196119330,190904,38770,1.037119,30
QuickSort,random,random,10000,93,173196119331,216337,38367,1.018941,37
QuickSort,random,random,10000,94,173196119332,205125,38183,0.915558,32
QuickSort,random,random,10000,95,173196119333,193900,38458,0.884559,34
QuickSort,random,random,10000,96,173196119334,187337,38693,0.907410,28
QuickSort,random,random,10000,97,173196119335,188278,38696,0.889510,29
QuickSort,random,random,10000,98,173196119336,198275,38530,0.977101,32
QuickSort,random,random,10000,99,173196119337,198196,38549,0.998368,32
QuickSort,random,random,5000,0,166007337961,89151,18195,0.451473,27
QuickSort,random,random,5000,1,166007337962,93035,18101,0.442110,29
QuickSort,random,random,5000,2,166007337963,88490,18267,0.442261,28
QuickSort,random,random,5000,3,166007337964,87701,18179,0.454008,28
QuickSort,random,random,5000,4,166007337965,91649,18111,0.468380,29
QuickSort,random,random,5000,5,166007337966,89541,18288,0.529971,27
QuickSort,random,random,5000,6,166007337967,87656,18188,0.443880,26
QuickSort,random,random,5000,7,166007337968,93530,18144,0.434225,33
QuickSort,random,random,5000,8,166007337969,89256,18260,0.520698,29
QuickSort,random,random,5000,9,166007337970,92193,18006,0.464187,29
QuickSort,random,random,5000,10,166007337971,91902,18024,0.435090,29
QuickSort,random,random,5000,11,166007337972,94718,17854,0.575430,29
QuickSort,random,random,5000,12,166007337973,90791,18233,0.444585,27
QuickSort,random,random,5000,13,166007337974,92963,18157,0.595505,30
QuickSort,random,random,5000,14,166007337975,87397,18130,0.451796,25
QuickSort,random,random,5000,15,166007337976,90457,18188,0.472000,28
QuickSort,random,random,5000,16,166007337977,95885,17937,0.461581,31
QuickSort,random,random,5000,17,166007337978,87783,18138,0.449130,27
QuickSort,random,random,5000,18,166007337979,87555,18260,0.453868,27
QuickSort,random,random,5000,19,166007337980,90908,18225,0.490808,28
QuickSort,random,random,5000,20,166007337981,91408,18017,0.469044,28
QuickSort,random,random,5000,21,166007337982,91190,18068,0.463140,29
QuickSort,random,random,5000,22,166007337983,87488,18406,0.459973,28
QuickSort,random,random,5000,23,166007337984,86723,18413,0.470773,25
QuickSort,random,random,5000,24,166007337985,93224,18112,0.437203,27
QuickSort,random,random,5000,25,166007337986,94271,18038,0.812231,29
QuickSort,random,random,5000,26,166007337987,96625,17909,0.568822,27
QuickSort,random,random,5000,27,166007337988,89124,18253,0.470190,30
QuickSort,random,random,5000,28,166007337989,93833,18094,0.461893,32
QuickSort,random,random,5000,29,166007337990,88681,18348,0.438610,26
QuickSort,random,random,5000,30,166007337991,90585,18027,0.448396,26
QuickSort,random,random,5000,31,166007337992,87442,18228,0.435965,28
QuickSort,random,random,5000,32,166007337993,84406,18419,0.444695,25
QuickSort,random,random,5000,33,166007337994,88893,18146,0.453063,27
QuickSort,random,random,5000,34,166007337995,96440,17912,0.425415,29
QuickSort,random,random,5000,35,166007337996,88868,18214,0.447109,25
QuickSort,random,random,5000,36,166007337997,88683,18171,0.435864,29
QuickSort,random,random,5000,37,166007337998,93869,17953,0.443347,28
QuickSort,random,random,5000,38,166007337999,90769,18031,0.436619,29
QuickSort,random,random,5000,39,166007338000,92173,18219,0.436709,28
QuickSort,random,random,5000,40,166007338001,87021,18285,0.434989,25
QuickSort,random,random,5000,41,166007338002,100425,17910,0.438469,31
QuickSort,random,random,5000,42,166007338003,89276,18276,0.445701,27
QuickSort,random,random,5000,43,166007338004,88257,18232,0.432877,28
QuickSort,random,random,5000,44,166007338005,94547,18148,0.444635,33
QuickSort,random,random,5000,45,166007338006,86556,18346,0.440420,24
QuickSort,random,random,5000,46,166007338007,93493,17998,0.545811,28
QuickSort,random,random,5000,47,166007338008,87993,18271,0.437162,29
QuickSort,random,random,5000,48,166007338009,88402,18313,0.436558,29
QuickSort,random,random,5000,49,166007338010,88878,18295,0.439344,28
QuickSort,random,random,5000,50,166007338011,92449,18015,0.444434,27
QuickSort,random,random,5000,51,166007338012,85947,18322,0.433119,29
QuickSort,random,random,5000,52,166007338013,85404,18348,0.434165,26
QuickSort,random,random,5000,53,166007338014,88829,18299,0.436227,27
QuickSort,random,random,5000,54,166007338015,90064,18117,0.431560,27
QuickSort,random,random,5000,55,166007338016,89882,18273,0.448758,27
QuickSort,random,random,5000,56,166007338017,89797,18255,0.430564,28
QuickSort,random,random,5000,57,166007338018,90189,18294,0.459328,27
QuickSort,random,random,5000,58,166007338019,86508,18369,0.436730,28
QuickSort,random,random,5000,59,166007338020,91002,18356,0.490255,29
QuickSort,random,random,5000,60,166007338021,92185,18082,0.493935,28
QuickSort,random,random,5000,61,166007338022,92311,18088,0.435684,27
QuickSort,random,random,5000,62,166007338023,86142,18259,0.437383,26
QuickSort,random,random,5000,63,166007338024,89877,18188,0.448064,28
QuickSort,random,random,5000,64,166007338025,93574,18048,0.435483,27
QuickSort,random,random,5000,65,166007338026,90130,18165,0.423122,27
QuickSort,random,random,5000,66,166007338027,95310,18052,0.426974,30
QuickSort,random,random,5000,67,166007338028,90146,18242,0.433984,26
QuickSort,random,random,5000,68,166007338029,85328,18268,0.527839,24
QuickSort,random,random,5000,69,166007338030,88283,18132,0.432455,27
QuickSort,random,random,5000,70,166007338031,95083,17824,0.428784,27
QuickSort,random,random,5000,71,166007338032,93954,18032,0.424922,30
QuickSort,random,random,5000,72,166007338033,94078,18094,0.443900,27
QuickSort,random,random,5000,73,166007338034,86525,18358,0.444544,25
QuickSort,random,random,5000,74,166007338035,84445,18347,0.439535,23
QuickSort,random,random,5000,75,166007338036,95606,18067,0.432877,33
QuickSort,random,random,5000,76,166007338037,87968,18311,0.449402,29
QuickSort,random,random,5000,77,166007338038,86254,18246,0.450327,28
QuickSort,random,random,5000,78,166007338039,89759,18188,0.431469,28
QuickSort,random,random,5000,79,166007338040,85927,18359,0.437795,26
QuickSort,random,random,5000,80,166007338041,88635,18190,0.435040,27
QuickSort,random,random,5000,81,166007338042,95314,17948,0.452701,30
QuickSort,random,random,5000,82,166007338043,92405,17948,0.429559,28
QuickSort,random,random,5000,83,166007338044,92341,18093,0.430152,30
QuickSort,random,random,5000,84,166007338045,89212,18285,0.436438,29
QuickSort,random,random,5000,85,166007338046,90311,18136,0.430987,29
QuickSort,random,random,5000,86,166007338047,93952,17993,0.448908,30
QuickSort,random,random,5000,87,166007338048,95040,18170,0.438480,27
QuickSort,random,random,5000,88,166007338049,91091,18065,0.434940,28
QuickSort,random,random,5000,89,166007338050,88133,18156,0.433904,26
QuickSort,random,random,5000,90,166007338051,88394,18219,0.542864,26
QuickSort,random,random,5000,91,166007338052,92640,18052,0.466168,32
QuickSort,random,random,5000,92,166007338053,85246,18360,0.474897,24
QuickSort,random,random,5000,93,166007338054,89117,18068,0.439384,26
QuickSort,random,random,5000,94,166007338055,90802,18014,0.451454,28
QuickSort,random,random,5000,95,166007338056,89163,18304,0.432787,27
QuickSort,random,random,5000,96,166007338057,87805,18367,0.436247,30
QuickSort,random,random,5000,97,166007338058,86915,18297,0.436699,25
QuickSort,random,random,5000,98,166007338059,91440,18095,0.426380,28
QuickSort,random,random,5000,99,166007338060,95510,18109,0.514795,28
QuickSort,random,random,5000,100,166007338061,93866,18089,0.437313,29
QuickSort,random,random,5000,101,166007338062,90770,18018,0.427839,28
QuickSort,random,random,5000,102,166007338063,93516,18037,0.434275,30
QuickSort,random,random,5000,103,166007338064,84543,18486,0.449381,25
QuickSort,random,random,5000,104,166007338065,86564,18344,0.436126,27
QuickSort,random,random,5000,105,166007338066,89503,18037,0.436860,29
QuickSort,random,random,5000,106,166007338067,93947,18233,0.437705,29
QuickSort,random,random,5000,107,166007338068,93125,18013,0.457266,29
QuickSort,random,random,5000,108,166007338069,90447,18110,0.435401,31
QuickSort,random,random,5000,109,166007338070,94422,18098,0.435774,29
QuickSort,random,random,5000,110,166007338071,102735,17798,0.428170,31
QuickSort,random,random,5000,111,166007338072,91954,18072,0.496963,29
QuickSort,random,random,5000,112,166007338073,86601,18380,0.449693,28
QuickSort,random,random,5000,113,166007338074,86754,18349,0.437443,25
QuickSort,random,random,5000,114,166007338075,93488,18207,0.438449,33
QuickSort,random,random,5000,115,166007338076,89496,18126,0.434346,30
QuickSort,random,random,5000,116,166007338077,87387,18284,0.444816,27
QuickSort,random,random,5000,117,166007338078,93044,18139,0.434115,26
QuickSort,random,random,5000,118,166007338079,88350,18293,0.629428,27
QuickSort,random,random,5000,119,166007338080,91209,18142,0.443699,28
QuickSort,random,random,5000,120,166007338081,91870,17950,0.451061,31
QuickSort,random,random,5000,121,166007338082,87461,18288,0.482390,26
QuickSort,random,random,5000,122,166007338083,90281,18036,0.441447,29
QuickSort,random,random,5000,123,166007338084,98828,17746,0.426632,30
QuickSort,random,random,5000,124,166007338085,88490,18338,0.437484,27
QuickSort,random,random,5000,125,166007338086,92741,18245,0.455013,26
QuickSort,random,random,5000,126,166007338087,87562,18368,0.437323,28
QuickSort,random,random,5000,127,166007338088,93848,17915,0.433259,33
QuickSort,random,random,5000,128,166007338089,95077,17872,0.422921,33
QuickSort,random,random,5000,129,166007338090,91118,18205,0.435191,31
QuickSort,random,random,5000,130,166007338091,85181,18370,0.486675,27
QuickSort,random,random,5000,131,166007338092,87316,18341,0.442422,28
QuickSort,random,random,5000,132,166007338093,95662,18027,0.439666,31
QuickSort,random,random,5000,133,166007338094,89281,18158,0.431450,25
QuickSort,random,random,5000,134,166007338095,92966,18042,0.451333,31
QuickSort,random,random,5000,135,166007338096,93055,18062,0.451846,29
QuickSort,random,random,5000,136,166007338097,89530,18237,0.436488,24
QuickSort,random,random,5000,137,166007338098,88257,18196,0.435644,27
QuickSort,random,random,5000,138,166007338099,95748,17893,0.457207,33
QuickSort,random,random,5000,139,166007338100,89068,18319,0.432093,30
QuickSort,random,random,5000,140,166007338101,86651,18255,0.435583,26
QuickSort,random,random,5000,141,166007338102,96520,17844,0.426250,28
QuickSort,random,random,5000,142,166007338103,94934,18048,0.430474,29
QuickSort,random,random,5000,143,166007338104,89036,18091,0.437343,27
QuickSort,random,random,5000,144,166007338105,86564,18220,0.438520,25
QuickSort,random,random,5000,145,166007338106,91975,17972,0.430354,28
QuickSort,random,random,5000,146,166007338107,91711,18174,0.427779,31
QuickSort,random,random,5000,147,166007338108,89482,18105,0.451242,27
QuickSort,random,random,5000,148,166007338109,87456,18364,0.440170,26
QuickSort,random,random,5000,149,166007338110,88877,18055,0.442563,27
QuickSort,random,random,5000,150,166007338111,84149,18443,0.451977,27
QuickSort,random,random,5000,151,166007338112,89772,18240,0.435854,28
QuickSort,random,random,5000,152,166007338113,87378,18259,0.476457,26
QuickSort,random,random,5000,153,166007338114,89339,18118,0.433823,27
QuickSort,random,random,5000,154,166007338115,92619,18189,0.438369,29
QuickSort,random,random,5000,155,166007338116,89744,18187,0.428865,29
QuickSort,random,random,5000,156,166007338117,90023,18104,0.443488,27
QuickSort,random,random,5000,157,166007338118,95409,18100,0.474324,32
QuickSort,random,random,5000,158,166007338119,88651,18137,0.455165,28
QuickSort,random,random,5000,159,166007338120,88238,18441,0.447973,25
QuickSort,random,random,5000,160,166007338121,91336,18400,0.451625,30
QuickSort,random,random,5000,161,166007338122,91169,18109,0.431651,29
QuickSort,random,random,5000,162,166007338123,89797,18220,0.451072,31
QuickSort,random,random,5000,163,166007338124,83858,18463,0.448929,25
QuickSort,random,random,5000,164,166007338125,86712,18297,0.485769,26
QuickSort,random,random,5000,165,166007338126,92874,18247,0.514332,26
QuickSort,random,random,5000,166,166007338127,87382,18212,0.444473,26
QuickSort,random,random,5000,167,166007338128,91946,18088,0.428905,28
QuickSort,random,random,5000,168,166007338129,93107,18154,0.436498,27
QuickSort,random,random,5000,169,166007338130,92396,18038,0.443971,30
QuickSort,random,random,5000,170,166007338131,88290,18277,0.439033,27
QuickSort,random,random,5000,171,166007338132,89917,18149,0.430021,27
QuickSort,random,random,5000,172,166007338133,90346,18221,0.438651,28
QuickSort,random,random,5000,173,166007338134,89063,18224,0.490898,28
QuickSort,random,random,5000,174,166007338135,90360,18094,0.429368,27
QuickSort,random,random,5000,175,166007338136,85815,18374,0.439576,26
QuickSort,random,random,5000,176,166007338137,89962,18149,0.429267,27
QuickSort,random,random,5000,177,166007338138,99169,17922,0.441436,33
QuickSort,random,random,5000,178,166007338139,88399,18187,0.445097,26
QuickSort,random,random,5000,179,166007338140,86483,18422,0.438279,28
QuickSort,random,random,5000,180,166007338141,92570,18053,0.432093,29
QuickSort,random,random,5000,181,166007338142,88945,18240,0.451816,27
QuickSort,random,random,5000,182,166007338143,94432,18026,0.440531,29
QuickSort,random,random,5000,183,166007338144,93891,18064,0.431208,30
QuickSort,random,random,5000,184,166007338145,92102,18074,0.451725,27
QuickSort,random,random,5000,185,166007338146,91753,18117,0.433612,27
QuickSort,random,random,5000,186,166007338147,85424,18330,0.436076,25
QuickSort,random,random,5000,187,166007338148,89074,18202,0.439415,25
QuickSort,random,random,5000,188,166007338149,92897,18282,0.442141,31
QuickSort,random,random,5000,189,166007338150,86143,18384,0.437021,27
QuickSort,random,random,5000,190,166007338151,101067,18065,0.436086,29
QuickSort,random,random,5000,191,166007338152,88809,18358,0.447531,26
QuickSort,random,random,5000,192,166007338153,88904,18179,0.650810,25
QuickSort,random,random,5000,193,166007338154,86802,18306,0.506503,27
QuickSort,random,random,5000,194,166007338155,90661,18134,0.469365,27
QuickSort,random,random,5000,195,166007338156,85273,18413,0.550197,25
QuickSort,random,random,5000,196,166007338157,94210,17953,0.461209,29
QuickSort,random,random,5000,197,166007338158,87168,18350,0.543512,25
QuickSort,random,random,5000,198,166007338159,87732,18247,0.442201,25
QuickSort,random,random,5000,199,166007338160,90797,18141,0.430454,28
QuickSort,random,random,50000,0,185502922377,1104611,221032,5.197156,36
QuickSort,random,random,50000,1,185502922378,1144918,220377,5.534302,39
QuickSort,random,random,50000,2,185502922379,1126936,219605,5.497929,36
QuickSort,random,random,50000,3,185502922380,1113468,220056,5.155092,38
QuickSort,random,random,50000,4,185502922381,1125598,220873,5.175724,37
QuickSort,random,random,50000,5,185502922382,1153039,219301,5.159731,37
QuickSort,random,random,50000,6,185502922383,1126347,219664,5.310137,37
QuickSort,random,random,50000,7,185502922384,1189509,218606,5.471553,37
QuickSort,random,random,50000,8,185502922385,1132657,220499,5.499108,34
QuickSort,random,random,50000,9,185502922386,1162524,218835,5.684554,37
QuickSort,random,random,50000,10,185502922387,1110116,221696,5.452615,38
QuickSort,random,random,50000,11,185502922388,1133027,220169,5.514301,38
QuickSort,random,random,50000,12,185502922389,1131057,220629,9.502036,35
QuickSort,random,random,50000,13,185502922390,1161190,218480,5.255137,40
QuickSort,random,random,50000,14,185502922391,1152960,220055,5.339728,36
QuickSort,random,random,50000,15,185502922392,1172100,219317,5.549310,37
QuickSort,random,random,50000,16,185502922393,1116835,220437,5.317902,37
QuickSort,random,random,50000,17,185502922394,1097030,221475,5.342612,35
QuickSort,random,random,50000,18,185502922395,1115835,220888,5.517456,36
QuickSort,random,random,50000,19,185502922396,1148001,219921,5.598510,36
QuickSort,random,random,50000,20,185502922397,1109972,220069,5.506404,36
QuickSort,random,random,50000,21,185502922398,1099232,221110,5.832183,35
QuickSort,random,random,50000,22,185502922399,1157486,218432,7.412395,37
QuickSort,random,random,50000,23,185502922400,1119521,220014,5.881138,36
QuickSort,random,random,50000,24,185502922401,1155352,219437,6.133088,37
QuickSort,random,random,50000,25,185502922402,1155558,220342,6.886201,41
QuickSort,random,random,50000,26,185502922403,1116264,221422,5.382773,39
QuickSort,random,random,50000,27,185502922404,1094747,222051,5.353955,36
QuickSort,random,random,50000,28,185502922405,1117088,220460,5.060109,37
QuickSort,random,random,50000,29,185502922406,1087182,222185,5.257630,35
QuickSort,random,reverse,1000,0,165548797433,14825,1914,0.073866,22
QuickSort,random,reverse,1000,1,165548797434,14980,1906,0.046470,21
QuickSort,random,reverse,1000,2,165548797435,14872,1950,0.045775,21
QuickSort,random,reverse,1000,3,165548797436,14209,1944,0.044033,19
QuickSort,random,reverse,1000,4,165548797437,14139,1906,0.044527,19
QuickSort,random,reverse,1000,5,165548797438,15332,1928,0.043722,23
QuickSort,random,reverse,1000,6,165548797439,15514,1930,0.053303,23
QuickSort,random,reverse,1000,7,165548797440,14602,1894,0.044205,20
QuickSort,random,reverse,1000,8,165548797441,14314,1946,0.043208,19
QuickSort,random,reverse,1000,9,165548797442,14469,1920,0.041669,21
QuickSort,random,reverse,1000,10,165548797443,13822,1922,0.041920,19
QuickSort,random,reverse,1000,11,165548797444,15916,1904,0.042595,22
QuickSort,random,reverse,1000,12,165548797445,14895,1908,0.043370,21
QuickSort,random,reverse,1000,13,165548797446,14719,1956,0.041417,22
QuickSort,random,reverse,1000,14,165548797447,14440,1974,0.041638,20
QuickSort,random,reverse,1000,15,165548797448,14365,1960,0.041105,21
QuickSort,random,reverse,1000,16,165548797449,14705,1904,0.043218,22
QuickSort,random,reverse,1000,17,165548797450,15449,1936,0.049911,22
QuickSort,random,reverse,1000,18,165548797451,15216,1920,0.047858,24
QuickSort,random,reverse,1000,19,165548797452,15262,1908,0.049720,23
QuickSort,random,reverse,1000,20,165548797453,15445,1948,0.049459,24
QuickSort,random,reverse,1000,21,165548797454,15649,1924,0.051491,21
QuickSort,random,reverse,1000,22,165548797455,14361,1938,0.048281,22
QuickSort,random,reverse,1000,23,165548797456,14501,1960,0.047254,20
QuickSort,random,reverse,1000,24,165548797457,14597,1940,0.107000,20
QuickSort,random,reverse,1000,25,165548797458,15335,1906,0.047053,24
QuickSort,random,reverse,1000,26,165548797459,14037,1970,0.040572,20
QuickSort,random,reverse,1000,27,165548797460,15075,1938,0.041880,20
QuickSort,random,reverse,1000,28,165548797461,15258,1956,0.042896,21
QuickSort,random,reverse,1000,29,165548797462,14656,1924,0.040531,20
QuickSort,random,reverse,1000,30,165548797463,15705,1958,0.043752,23
QuickSort,random,reverse,1000,31,165548797464,14062,1936,0.041648,21
QuickSort,random,reverse,1000,32,165548797465,15691,1906,0.042595,22
QuickSort,random,reverse,1000,33,165548797466,16284,1922,0.043672,24
QuickSort,random,reverse,1000,34,165548797467,14734,1948,0.041055,22
QuickSort,random,reverse,1000,35,165548797468,14472,1930,0.041870,22
QuickSort,random,reverse,1000,36,165548797469,15336,1918,0.042967,22
QuickSort,random,reverse,1000,37,165548797470,14854,1924,0.042262,21
QuickSort,random,reverse,1000,38,165548797471,15445,1948,0.042414,22
QuickSort,random,reverse,1000,39,165548797472,14428,1946,0.041890,18
QuickSort,random,reverse,1000,40,165548797473,13923,1926,0.054632,21
QuickSort,random,reverse,1000,41,165548797474,15558,1940,0.042604,27
QuickSort,random,reverse,1000,42,165548797475,15720,1938,0.044446,24
QuickSort,random,reverse,1000,43,165548797476,14073,1906,0.040310,20
QuickSort,random,reverse,1000,44,165548797477,14025,1954,0.040149,18
QuickSort,random,reverse,1000,45,165548797478,14960,1956,0.040078,20
QuickSort,random,reverse,1000,46,165548797479,15367,1932,0.041215,22
QuickSort,random,reverse,1000,47,165548797480,14289,1924,0.039947,19
QuickSort,random,reverse,1000,48,165548797481,14004,1992,0.039082,17
QuickSort,random,reverse,1000,49,165548797482,13885,1902,0.038488,18
QuickSort,random,reverse,1000,50,165548797483,14611,1890,0.038518,19
QuickSort,random,reverse,1000,51,165548797484,14626,1944,0.039585,21
QuickSort,random,reverse,1000,52,165548797485,14230,1916,0.039867,20
QuickSort,random,reverse,1000,53,165548797486,14306,1948,0.039645,22
QuickSort,random,reverse,1000,54,165548797487,15234,1906,0.042463,22
QuickSort,random,reverse,1000,55,165548797488,14882,1918,0.040864,19
QuickSort,random,reverse,1000,56,165548797489,15450,1920,0.040572,23
QuickSort,random,reverse,1000,57,165548797490,15422,1978,0.040582,22
QuickSort,random,reverse,1000,58,165548797491,14352,1912,0.042162,20
QuickSort,random,reverse,1000,59,165548797492,15072,1966,0.040863,22
QuickSort,random,reverse,1000,60,165548797493,14924,1936,0.042726,22
QuickSort,random,reverse,1000,61,165548797494,14127,1914,0.039746,23
QuickSort,random,reverse,1000,62,165548797495,14859,1932,0.042947,23
QuickSort,random,reverse,1000,63,165548797496,14966,1906,0.042152,21
QuickSort,random,reverse,1000,64,165548797497,14267,1930,0.040089,21
QuickSort,random,reverse,1000,65,165548797498,14725,1944,0.042494,22
QuickSort,random,reverse,1000,66,165548797499,14302,1898,0.040249,20
QuickSort,random,reverse,1000,67,165548797500,15484,1886,0.042876,25
QuickSort,random,reverse,1000,68,165548797501,15489,1924,0.042584,22
QuickSort,random,reverse,1000,69,165548797502,14156,1950,0.040954,21
QuickSort,random,reverse,1000,70,165548797503,14140,1968,0.041779,18
QuickSort,random,reverse,1000,71,165548797504,14474,1964,0.040159,21
QuickSort,random,reverse,1000,72,165548797505,15872,1890,0.043470,24
QuickSort,random,reverse,1000,73,165548797506,16380,1906,0.042715,24
QuickSort,random,reverse,1000,74,165548797507,14970,1888,0.041960,23
QuickSort,random,reverse,1000,75,165548797508,14787,1910,0.040793,25
QuickSort,random,reverse,1000,76,165548797509,15648,1924,0.043994,20
QuickSort,random,reverse,1000,77,165548797510,15053,1858,0.040652,24
QuickSort,random,reverse,1000,78,165548797511,14736,1906,0.040883,23
QuickSort,random,reverse,1000,79,165548797512,14457,1892,0.040360,22
QuickSort,random,reverse,1000,80,165548797513,14117,1912,0.039434,19
QuickSort,random,reverse,1000,81,165548797514,16407,1916,0.043299,29
QuickSort,random,reverse,1000,82,165548797515,14968,1918,0.040491,21
QuickSort,random,reverse,1000,83,165548797516,14126,1910,0.039525,21
QuickSort,random,reverse,1000,84,165548797517,15327,1948,0.042333,21
QuickSort,random,reverse,1000,85,165548797518,16020,1926,0.041880,26
QuickSort,random,reverse,1000,86,165548797519,14388,1950,0.041115,20
QuickSort,random,reverse,1000,87,165548797520,14225,1950,0.118162,20
QuickSort,random,reverse,1000,88,165548797521,15151,1938,0.046308,24
QuickSort,random,reverse,1000,89,165548797522,14487,1938,0.047002,21
QuickSort,random,reverse,1000,90,165548797523,14353,1964,0.043248,21
QuickSort,random,reverse,1000,91,165548797524,13929,1964,0.044467,19
QuickSort,random,reverse,1000,92,165548797525,15054,1932,0.044799,23
QuickSort,random,reverse,1000,93,165548797526,14120,1930,0.044587,20
QuickSort,random,reverse,1000,94,165548797527,14207,1904,0.044125,20
QuickSort,random,reverse,1000,95,165548797528,13831,1912,0.040944,19
QuickSort,random,reverse,1000,96,165548797529,14625,1862,0.043691,20
QuickSort,random,reverse,1000,97,165548797530,15542,1928,0.052800,24
QuickSort,random,reverse,1000,98,165548797531,14730,1940,0.076825,22
QuickSort,random,reverse,1000,99,165548797532,14515,1946,0.087212,21
QuickSort,random,reverse,1000,100,165548797533,13602,1934,0.084212,21
QuickSort,random,reverse,1000,101,165548797534,15853,1934,0.093895,24
QuickSort,random,reverse,1000,102,165548797535,14779,1962,0.077258,20
QuickSort,random,reverse,1000,103,165548797536,15226,1954,0.078355,21
QuickSort,random,reverse,1000,104,165548797537,14543,1924,0.073594,20
QuickSort,random,reverse,1000,105,165548797538,14385,1946,0.071612,22
QuickSort,random,reverse,1000,106,165548797539,14981,1936,0.085210,22
QuickSort,random,reverse,1000,107,165548797540,14570,1978,0.090895,23
QuickSort,random,reverse,1000,108,165548797541,14082,1948,0.075013,20
QuickSort,random,reverse,1000,109,165548797542,14557,1940,0.073906,21
QuickSort,random,reverse,1000,110,165548797543,13989,1948,0.074772,19
QuickSort,random,reverse,1000,111,165548797544,14669,1956,0.074188,24
QuickSort,random,reverse,1000,112,165548797545,15263,1936,0.074359,23
QuickSort,random,reverse,1000,113,165548797546,14182,1938,0.049640,21
QuickSort,random,reverse,1000,114,165548797547,14463,1930,0.040058,20
QuickSort,random,reverse,1000,115,165548797548,14459,1970,0.040038,21
QuickSort,random,reverse,1000,116,165548797549,14165,1880,0.041407,20
QuickSort,random,reverse,1000,117,165548797550,14424,1968,0.039887,19
QuickSort,random,reverse,1000,118,165548797551,14008,1974,0.050254,20
QuickSort,random,reverse,1000,119,165548797552,14730,1908,0.046952,19
QuickSort,random,reverse,1000,120,165548797553,14313,1918,0.045181,22
QuickSort,random,reverse,1000,121,165548797554,14472,1890,0.044105,20
QuickSort,random,reverse,1000,122,165548797555,14909,1998,0.041981,23
QuickSort,random,reverse,1000,123,165548797556,14006,1924,0.040984,21
QuickSort,random,reverse,1000,124,165548797557,14815,1942,0.044939,22
QuickSort,random,reverse,1000,125,165548797558,14717,1940,0.044024,22
QuickSort,random,reverse,1000,126,165548797559,15553,1916,0.042987,23
QuickSort,random,reverse,1000,127,165548797560,15059,1928,0.043289,24
QuickSort,random,reverse,1000,128,165548797561,15027,1938,0.043591,24
QuickSort,random,reverse,1000,129,165548797562,14807,1950,0.042192,26
QuickSort,random,reverse,1000,130,165548797563,15510,1930,0.042837,21
QuickSort,random,reverse,1000,131,165548797564,16366,1950,0.044205,24
QuickSort,random,reverse,1000,132,165548797565,15068,1870,0.041970,24
QuickSort,random,reverse,1000,133,165548797566,15756,1920,0.042876,23
QuickSort,random,reverse,1000,134,165548797567,16046,1914,0.043792,24
QuickSort,random,reverse,1000,135,165548797568,16079,1954,0.042232,24
QuickSort,random,reverse,1000,136,165548797569,14388,1954,0.042726,21
QuickSort,random,reverse,1000,137,165548797570,14633,1932,0.042494,20
QuickSort,random,reverse,1000,138,165548797571,14226,1924,0.040954,19
QuickSort,random,reverse,1000,139,165548797572,14953,1920,0.042061,24
QuickSort,random,reverse,1000,140,165548797573,14543,2000,0.041437,23
QuickSort,random,reverse,1000,141,165548797574,14704,1954,0.066147,21
QuickSort,random,reverse,1000,142,165548797575,17653,1928,0.044356,25
QuickSort,random,reverse,1000,143,165548797576,15038,1950,0.051804,25
QuickSort,random,reverse,1000,144,165548797577,15803,1928,0.042876,21
QuickSort,random,reverse,1000,145,165548797578,15046,1928,0.040400,20
QuickSort,random,reverse,1000,146,165548797579,14792,1952,0.040370,20
QuickSort,random,reverse,1000,147,165548797580,14792,1920,0.041377,22
QuickSort,random,reverse,1000,148,165548797581,16213,1926,0.043349,24
QuickSort,random,reverse,1000,149,165548797582,14680,1900,0.040138,20
QuickSort,random,reverse,1000,150,165548797583,15076,1924,0.040018,24
QuickSort,random,reverse,1000,151,165548797584,14446,1944,0.051764,21
QuickSort,random,reverse,1000,152,165548797585,14063,1962,0.045322,18
QuickSort,random,reverse,1000,153,165548797586,15614,1926,0.040038,21
QuickSort,random,reverse,1000,154,165548797587,16337,1966,0.041628,26
QuickSort,random,reverse,1000,155,165548797588,14593,1948,0.063459,23
QuickSort,random,reverse,1000,156,165548797589,14427,1960,0.040099,21
QuickSort,random,reverse,1000,157,165548797590,14532,1898,0.039957,20
QuickSort,random,reverse,1000,158,165548797591,14854,1950,0.039394,21
QuickSort,random,reverse,1000,159,165548797592,14189,1946,0.039233,20
QuickSort,random,reverse,1000,160,165548797593,15179,1946,0.044557,24
QuickSort,random,reverse,1000,161,165548797594,17061,1916,0.050234,24
QuickSort,random,reverse,1000,162,165548797595,14687,1958,0.041357,19
QuickSort,random,reverse,1000,163,165548797596,14446,1954,0.041185,22
QuickSort,random,reverse,1000,164,165548797597,15507,1946,0.043853,23
QuickSort,random,reverse,1000,165,165548797598,15289,1904,0.041810,22
QuickSort,random,reverse,1000,166,165548797599,14932,1908,0.042595,20
QuickSort,random,reverse,1000,167,165548797600,14300,1946,0.039232,23
QuickSort,random,reverse,1000,168,165548797601,15943,1944,0.042977,27
QuickSort,random,reverse,1000,169,165548797602,14037,1922,0.039414,21
QuickSort,random,reverse,1000,170,165548797603,15338,1940,0.041538,23
QuickSort,random,reverse,1000,171,165548797604,15219,1946,0.040229,24
QuickSort,random,reverse,1000,172,165548797605,14027,1978,0.039595,21
QuickSort,random,reverse,1000,173,165548797606,15768,1914,0.042957,24
QuickSort,random,reverse,1000,174,165548797607,14042,1978,0.041960,19
QuickSort,random,reverse,1000,175,165548797608,15839,1926,0.043611,26
QuickSort,random,reverse,1000,176,165548797609,14533,1912,0.039334,22
QuickSort,random,reverse,1000,177,165548797610,15393,1944,0.041859,22
QuickSort,random,reverse,1000,178,165548797611,14355,1926,0.041175,20
QuickSort,random,reverse,1000,179,165548797612,15675,1958,0.041377,22
QuickSort,random,reverse,1000,180,165548797613,15470,2000,0.040249,22
QuickSort,random,reverse,1000,181,165548797614,14351,1902,0.040541,23
QuickSort,random,reverse,1000,182,165548797615,15857,1968,0.044457,23
QuickSort,random,reverse,1000,183,165548797616,15706,1914,0.043199,22
QuickSort,random,reverse,1000,184,165548797617,14773,1916,0.042343,20
QuickSort,random,reverse,1000,185,165548797618,14383,1964,0.040823,20
QuickSort,random,reverse,1000,186,165548797619,15158,1954,0.040098,23
QuickSort,random,reverse,1000,187,165548797620,15535,1938,0.042795,22
QuickSort,random,reverse,1000,188,165548797621,13828,1928,0.040863,19
QuickSort,random,reverse,1000,189,165548797622,14510,1872,0.040249,23
QuickSort,random,reverse,1000,190,165548797623,14718,1960,0.041980,20
QuickSort,random,reverse,1000,191,165548797624,15611,1942,0.043198,22
QuickSort,random,reverse,1000,192,165548797625,15433,1980,0.041356,26
QuickSort,random,reverse,1000,193,165548797626,15720,1932,0.042776,25
QuickSort,random,reverse,1000,194,165548797627,15512,1924,0.040713,26
QuickSort,random,reverse,1000,195,165548797628,14766,1970,0.041326,21
QuickSort,random,reverse,1000,196,165548797629,14147,1992,0.039615,20
QuickSort,random,reverse,1000,197,165548797630,14525,1924,0.041397,21
QuickSort,random,reverse,1000,198,165548797631,15569,1966,0.043540,23
QuickSort,random,reverse,1000,199,165548797632,16155,1926,0.043189,24
QuickSort,random,reverse,10000,0,179221382840,191287,19352,0.438530,30
QuickSort,random,reverse,10000,1,179221382841,210356,19258,0.435317,37
QuickSort,random,reverse,10000,2,179221382842,204370,19318,0.425526,32
QuickSort,random,reverse,10000,3,179221382843,190359,19182,0.431440,29
QuickSort,random,reverse,10000,4,179221382844,184887,19404,0.417931,30
QuickSort,random,reverse,10000,5,179221382845,205889,19414,0.448697,39
QuickSort,random,reverse,10000,6,179221382846,185640,19490,0.400260,32
QuickSort,random,reverse,10000,7,179221382847,208836,19352,0.466131,33
QuickSort,random,reverse,10000,8,179221382848,195569,19354,0.473805,30
QuickSort,random,reverse,10000,9,179221382849,192192,19342,0.474241,29
QuickSort,random,reverse,10000,10,179221382850,197711,19442,0.467912,31
QuickSort,random,reverse,10000,11,179221382851,203155,19386,0.475714,32
QuickSort,random,reverse,10000,12,179221382852,189816,19376,0.451535,29
QuickSort,random,reverse,10000,13,179221382853,193929,19344,0.429206,31
QuickSort,random,reverse,10000,14,179221382854,196260,19376,0.429799,31
QuickSort,random,reverse,10000,15,179221382855,190305,19434,0.406114,33
QuickSort,random,reverse,10000,16,179221382856,188031,19384,0.436246,31
QuickSort,random,reverse,10000,17,179221382857,183993,19272,0.403255,28
QuickSort,random,reverse,10000,18,179221382858,198780,19414,0.572639,29
QuickSort,random,reverse,10000,19,179221382859,195390,19340,0.490321,32
QuickSort,random,reverse,10000,20,179221382860,192129,19326,0.486791,30
QuickSort,random,reverse,10000,21,179221382861,197645,19368,0.481648,31
QuickSort,random,reverse,10000,22,179221382862,203042,19384,0.695197,33
QuickSort,random,reverse,10000,23,179221382863,203768,19274,0.498944,31
QuickSort,random,reverse,10000,24,179221382864,187490,19194,0.450239,31
QuickSort,random,reverse,10000,25,179221382865,205997,19368,0.502396,32
QuickSort,random,reverse,10000,26,179221382866,190619,19392,0.434674,28
QuickSort,random,reverse,10000,27,179221382867,195806,19348,0.418733,32
QuickSort,random,reverse,10000,28,179221382868,194394,19336,0.437403,33
QuickSort,random,reverse,10000,29,179221382869,188590,19412,0.420750,32
QuickSort,random,reverse,10000,30,179221382870,201571,19332,0.757925,31
QuickSort,random,reverse,10000,31,179221382871,193139,19294,0.454235,30
QuickSort,random,reverse,10000,32,179221382872,192767,19332,0.438076,29
QuickSort,random,reverse,10000,33,179221382873,196975,19490,0.611771,31
QuickSort,random,reverse,10000,34,179221382874,185697,19370,0.621620,28
QuickSort,random,reverse,10000,35,179221382875,192265,19374,0.417466,31
QuickSort,random,reverse,10000,36,179221382876,193094,19436,0.428632,33
QuickSort,random,reverse,10000,37,179221382877,195635,19474,0.438866,29
QuickSort,random,reverse,10000,38,179221382878,201990,19350,0.504067,32
QuickSort,random,reverse,10000,39,179221382879,198812,19472,0.427999,30
QuickSort,random,reverse,10000,40,179221382880,191730,19232,0.434040,33
QuickSort,random,reverse,10000,41,179221382881,197868,19374,0.424765,35
QuickSort,random,reverse,10000,42,179221382882,203251,19348,0.421026,32
QuickSort,random,reverse,10000,43,179221382883,192840,19334,0.431104,28
QuickSort,random,reverse,10000,44,179221382884,188510,19378,0.413145,29
QuickSort,random,reverse,10000,45,179221382885,186931,19360,0.540252,29
QuickSort,random,reverse,10000,46,179221382886,192310,19462,0.599686,32
QuickSort,random,reverse,10000,47,179221382887,192202,19176,0.441309,31
QuickSort,random,reverse,10000,48,179221382888,195462,19512,0.561188,29
QuickSort,random,reverse,10000,49,179221382889,199990,19526,0.463195,35
QuickSort,random,reverse,10000,50,179221382890,189255,19452,0.510980,29
QuickSort,random,reverse,10000,51,179221382891,197702,19442,0.431380,30
QuickSort,random,reverse,10000,52,179221382892,192024,19340,0.411819,29
QuickSort,random,reverse,10000,53,179221382893,196921,19304,0.524528,32
QuickSort,random,reverse,10000,54,179221382894,186558,19344,0.498894,29
QuickSort,random,reverse,10000,55,179221382895,192733,19336,0.511760,29
QuickSort,random,reverse,10000,56,179221382896,192011,19366,0.430916,28
QuickSort,random,reverse,10000,57,179221382897,186758,19360,0.423182,29
QuickSort,random,reverse,10000,58,179221382898,205531,19252,0.442200,32
QuickSort,random,reverse,10000,59,179221382899,195613,19362,0.686614,31
QuickSort,random,reverse,10000,60,179221382900,207075,19278,0.702218,33
QuickSort,random,reverse,10000,61,179221382901,195133,19354,0.674064,32
QuickSort,random,reverse,10000,62,179221382902,197904,19406,0.620365,32
QuickSort,random,reverse,10000,63,179221382903,195521,19398,0.487018,31
QuickSort,random,reverse,10000,64,179221382904,203559,19328,0.537592,32
QuickSort,random,reverse,10000,65,179221382905,187080,19372,0.515529,29
QuickSort,random,reverse,10000,66,179221382906,195799,19360,0.505065,31
QuickSort,random,reverse,10000,67,179221382907,201621,19360,0.547955,30
QuickSort,random,reverse,10000,68,179221382908,191440,19294,0.488422,28
QuickSort,random,reverse,10000,69,179221382909,188377,19360,0.456955,30
QuickSort,random,reverse,10000,70,179221382910,194040,19388,0.436899,29
QuickSort,random,reverse,10000,71,179221382911,194526,19372,0.557469,30
QuickSort,random,reverse,10000,72,179221382912,197348,19336,0.528464,31
QuickSort,random,reverse,10000,73,179221382913,191221,19408,0.511889,30
QuickSort,random,reverse,10000,74,179221382914,200476,19352,0.551684,33
QuickSort,random,reverse,10000,75,179221382915,187462,19360,0.603197,31
QuickSort,random,reverse,10000,76,179221382916,185717,19282,0.459111,30
QuickSort,random,reverse,10000,77,179221382917,194913,19378,0.486523,30
QuickSort,random,reverse,10000,78,179221382918,184466,19418,0.415735,30
QuickSort,random,reverse,10000,79,179221382919,187496,19366,0.394969,30
QuickSort,random,reverse,10000,80,179221382920,186678,19470,0.407597,29
QuickSort,random,reverse,10000,81,179221382921,189185,19334,0.401287,30
QuickSort,random,reverse,10000,82,179221382922,194632,19444,0.425388,30
QuickSort,random,reverse,10000,83,179221382923,194380,19290,0.555867,29
QuickSort,random,reverse,10000,84,179221382924,212750,19280,0.512690,37
QuickSort,random,reverse,10000,85,179221382925,193416,19342,0.572273,29
QuickSort,random,reverse,10000,86,179221382926,210837,19394,0.480471,33
QuickSort,random,reverse,10000,87,179221382927,188728,19342,0.640301,30
QuickSort,random,reverse,10000,88,179221382928,187432,19348,0.607627,29
QuickSort,random,reverse,10000,89,179221382929,194942,19470,0.475260,29
QuickSort,random,reverse,10000,90,179221382930,192503,19346,0.450932,30
QuickSort,random,reverse,10000,91,179221382931,198011,19472,0.699380,32
QuickSort,random,reverse,10000,92,179221382932,197272,19458,0.461622,31
QuickSort,random,reverse,10000,93,179221382933,186339,19496,0.480610,31
QuickSort,random,reverse,10000,94,179221382934,199204,19358,0.495948,31
QuickSort,random,reverse,10000,95,179221382935,211479,19370,0.557944,35
QuickSort,random,reverse,10000,96,179221382936,203299,19438,0.581846,35
QuickSort,random,reverse,10000,97,179221382937,189682,19410,0.424775,33
QuickSort,random,reverse,10000,98,179221382938,190275,19382,0.583260,28
QuickSort,random,reverse,10000,99,179221382939,191049,19420,0.520889,34
QuickSort,random,reverse,5000,0,169483516237,88439,9726,0.233087,27
QuickSort,random,reverse,5000,1,169483516238,87749,9752,0.236420,27
QuickSort,random,reverse,5000,2,169483516239,90774,9636,0.229763,32
QuickSort,random,reverse,5000,3,169483516240,96876,9658,0.222997,30
QuickSort,random,reverse,5000,4,169483516241,87092,9594,0.207003,26
QuickSort,random,reverse,5000,5,169483516242,85779,9740,0.212404,25
QuickSort,random,reverse,5000,6,169483516243,90441,9612,0.212976,26
QuickSort,random,reverse,5000,7,169483516244,85805,9664,0.225316,28
QuickSort,random,reverse,5000,8,169483516245,92865,9522,0.243829,28
QuickSort,random,reverse,5000,9,169483516246,91804,9696,0.233548,29
QuickSort,random,reverse,5000,10,169483516247,93751,9700,0.213258,27
QuickSort,random,reverse,5000,11,169483516248,96071,9612,0.215878,32
QuickSort,random,reverse,5000,12,169483516249,87485,9668,0.207083,27
QuickSort,random,reverse,5000,13,169483516250,93046,9628,0.216842,31
QuickSort,random,reverse,5000,14,169483516251,97069,9808,0.211059,35
QuickSort,random,reverse,5000,15,169483516252,100053,9754,0.260335,31
QuickSort,random,reverse,5000,16,169483516253,91902,9684,0.252865,29
QuickSort,random,reverse,5000,17,169483516254,92085,9606,0.326277,29
QuickSort,random,reverse,5000,18,169483516255,88869,9582,0.270244,27
QuickSort,random,reverse,5000,19,169483516256,89201,9620,0.250165,27
QuickSort,random,reverse,5000,20,169483516257,90933,9664,0.219272,29
QuickSort,random,reverse,5000,21,169483516258,90051,9682,0.220165,28
QuickSort,random,reverse,5000,22,169483516259,87685,9698,0.225004,25
QuickSort,random,reverse,5000,23,169483516260,88035,9662,0.208660,26
QuickSort,random,reverse,5000,24,169483516261,92559,9752,0.228328,28
QuickSort,random,reverse,5000,25,169483516262,92011,9688,0.214573,28
QuickSort,random,reverse,5000,26,169483516263,87746,9652,0.206029,26
QuickSort,random,reverse,5000,27,169483516264,97107,9750,0.283015,32
QuickSort,random,reverse,5000,28,169483516265,90605,9580,0.222123,27
QuickSort,random,reverse,5000,29,169483516266,87332,9736,0.205919,26
QuickSort,random,reverse,5000,30,169483516267,90036,9666,0.215035,28
QuickSort,random,reverse,5000,31,169483516268,88131,9740,0.234964,28
QuickSort,random,reverse,5000,32,169483516269,89670,9764,0.272463,30
QuickSort,random,reverse,5000,33,169483516270,85313,9676,0.218820,27
QuickSort,random,reverse,5000,34,169483516271,89168,9548,0.249894,26
QuickSort,random,reverse,5000,35,169483516272,87987,9668,0.220196,28
QuickSort,random,reverse,5000,36,169483516273,89846,9708,0.206270,28
QuickSort,random,reverse,5000,37,169483516274,91824,9722,0.269019,29
QuickSort,random,reverse,5000,38,169483516275,88955,9710,0.210637,29
QuickSort,random,reverse,5000,39,169483516276,93127,9660,0.215014,31
QuickSort,random,reverse,5000,40,169483516277,94898,9698,0.218358,31
QuickSort,random,reverse,5000,41,169483516278,87483,9654,0.224402,27
QuickSort,random,reverse,5000,42,169483516279,89563,9496,0.202896,26
QuickSort,random,reverse,5000,43,169483516280,93520,9694,0.221219,28
QuickSort,random,reverse,5000,44,169483516281,92561,9748,0.216279,30
QuickSort,random,reverse,5000,45,169483516282,86519,9730,0.205577,25
QuickSort,random,reverse,5000,46,169483516283,91194,9724,0.217043,29
QuickSort,random,reverse,5000,47,169483516284,94156,9682,0.216962,29
QuickSort,random,reverse,5000,48,169483516285,89616,9692,0.204011,28
QuickSort,random,reverse,5000,49,169483516286,86125,9720,0.203559,26
QuickSort,random,reverse,5000,50,169483516287,88241,9658,0.219281,28
QuickSort,random,reverse,5000,51,169483516288,98081,9690,0.215507,28
QuickSort,random,reverse,5000,52,169483516289,94072,9738,0.225908,30
QuickSort,random,reverse,5000,53,169483516290,87843,9664,0.278828,26
QuickSort,random,reverse,5000,54,169483516291,88546,9744,0.219864,28
QuickSort,random,reverse,5000,55,169483516292,91107,9662,0.429668,29
QuickSort,random,reverse,5000,56,169483516293,91461,9690,0.268176,32
QuickSort,random,reverse,5000,57,169483516294,90267,9594,0.255294,27
QuickSort,random,reverse,5000,58,169483516295,91646,9618,0.245315,29
QuickSort,random,reverse,5000,59,169483516296,88752,9636,0.292100,27
QuickSort,random,reverse,5000,60,169483516297,92649,9680,0.264502,30
QuickSort,random,reverse,5000,61,169483516298,88309,9696,0.270385,27
QuickSort,random,reverse,5000,62,169483516299,92989,9724,0.262182,28
QuickSort,random,reverse,5000,63,169483516300,90503,9602,0.247915,29
QuickSort,random,reverse,5000,64,169483516301,91003,9686,0.251198,26
QuickSort,random,reverse,5000,65,169483516302,85794,9648,0.240888,26
QuickSort,random,reverse,5000,66,169483516303,90457,9640,0.261088,27
QuickSort,random,reverse,5000,67,169483516304,86076,9658,0.387259,28
QuickSort,random,reverse,5000,68,169483516305,89488,9726,0.218810,29
QuickSort,random,reverse,5000,69,169483516306,92457,9548,0.242454,28
QuickSort,random,reverse,5000,70,169483516307,91425,9702,0.381175,29
QuickSort,random,reverse,5000,71,169483516308,92356,9672,0.240687,29
QuickSort,random,reverse,5000,72,169483516309,89660,9670,0.231661,27
QuickSort,random,reverse,5000,73,169483516310,89345,9688,0.258227,30
QuickSort,random,reverse,5000,74,169483516311,88337,9624,0.244371,28
QuickSort,random,reverse,5000,75,169483516312,88703,9590,0.236088,29
QuickSort,random,reverse,5000,76,169483516313,88576,9712,0.240908,29
QuickSort,random,reverse,5000,77,169483516314,88520,9700,0.240215,28
QuickSort,random,reverse,5000,78,169483516315,94721,9678,0.255044,29
QuickSort,random,reverse,5000,79,169483516316,86419,9672,0.240195,25
QuickSort,random,reverse,5000,80,169483516317,93512,9570,0.244110,30
QuickSort,random,reverse,5000,81,169483516318,93020,9668,0.282022,34
QuickSort,random,reverse,5000,82,169483516319,89391,9660,0.229311,31
QuickSort,random,reverse,5000,83,169483516320,86720,9694,0.235577,27
QuickSort,random,reverse,5000,84,169483516321,94725,9674,0.228900,31
QuickSort,random,reverse,5000,85,169483516322,94005,9692,0.227113,31
QuickSort,random,reverse,5000,86,169483516323,86750,9706,0.240958,27
QuickSort,random,reverse,5000,87,169483516324,85896,9708,0.265525,27
QuickSort,random,reverse,5000,88,169483516325,87645,9680,0.247775,27
QuickSort,random,reverse,5000,89,169483516326,101582,9658,0.279802,34
QuickSort,random,reverse,5000,90,169483516327,103541,9646,0.262544,36
QuickSort,random,reverse,5000,91,169483516328,92069,9744,0.250285,28
QuickSort,random,reverse,5000,92,169483516329,98944,9736,0.248277,30
QuickSort,random,reverse,5000,93,169483516330,90757,9646,0.248970,28
QuickSort,random,reverse,5000,94,169483516331,87052,9678,0.330604,25
QuickSort,random,reverse,5000,95,169483516332,86680,9646,0.240586,25
QuickSort,random,reverse,5000,96,169483516333,85085,9678,0.245104,26
QuickSort,random,reverse,5000,97,169483516334,88534,9696,0.368987,27
QuickSort,random,reverse,5000,98,169483516335,93684,9722,0.223207,29
QuickSort,random,reverse,5000,99,169483516336,89546,9688,0.211239,27
QuickSort,random,reverse,5000,100,169483516337,93686,9686,0.214944,29
QuickSort,random,reverse,5000,101,169483516338,87121,9682,0.206843,25
QuickSort,random,reverse,5000,102,169483516339,93041,9642,0.217987,29
QuickSort,random,reverse,5000,103,169483516340,83565,9786,0.210598,25
QuickSort,random,reverse,5000,104,169483516341,94242,9658,0.215456,31
QuickSort,random,reverse,5000,105,169483516342,91481,9708,0.217525,26
QuickSort,random,reverse,5000,106,169483516343,95136,9666,0.223469,30
QuickSort,random,reverse,5000,107,169483516344,87098,9644,0.330152,25
QuickSort,random,reverse,5000,108,169483516345,87264,9568,0.238117,27
QuickSort,random,reverse,5000,109,169483516346,88883,9664,0.252644,30
QuickSort,random,reverse,5000,110,169483516347,92301,9746,0.246791,28
QuickSort,random,reverse,5000,111,169483516348,96998,9688,0.265044,31
QuickSort,random,reverse,5000,112,169483516349,96312,9692,0.274039,33
QuickSort,random,reverse,5000,113,169483516350,91627,9662,0.280014,28
QuickSort,random,reverse,5000,114,169483516351,90260,9680,0.647183,27
QuickSort,random,reverse,5000,115,169483516352,86627,9738,0.370614,26
QuickSort,random,reverse,5000,116,169483516353,92029,9632,0.249683,27
QuickSort,random,reverse,5000,117,169483516354,92584,9652,0.260386,28
QuickSort,random,reverse,5000,118,169483516355,93196,9654,0.222585,29
QuickSort,random,reverse,5000,119,169483516356,94704,9670,0.228117,34
QuickSort,random,reverse,5000,120,169483516357,90421,9650,0.240597,28
QuickSort,random,reverse,5000,121,169483516358,88412,9736,0.232514,26
QuickSort,random,reverse,5000,122,169483516359,87092,9638,0.233869,25
QuickSort,random,reverse,5000,123,169483516360,89728,9646,0.224683,26
QuickSort,random,reverse,5000,124,169483516361,97243,9630,0.311589,34
QuickSort,random,reverse,5000,125,169483516362,91642,9648,0.214824,32
QuickSort,random,reverse,5000,126,169483516363,87442,9690,0.219523,25
QuickSort,random,reverse,5000,127,169483516364,95676,9680,0.227203,32
QuickSort,random,reverse,5000,128,169483516365,90131,9622,0.347130,26
QuickSort,random,reverse,5000,129,169483516366,89652,9740,0.247514,29
QuickSort,random,reverse,5000,130,169483516367,89007,9608,0.218137,27
QuickSort,random,reverse,5000,131,169483516368,86774,9670,0.207053,25
QuickSort,random,reverse,5000,132,169483516369,91349,9726,0.219452,26
QuickSort,random,reverse,5000,133,169483516370,94723,9736,0.264521,32
QuickSort,random,reverse,5000,134,169483516371,87006,9638,0.219281,30
QuickSort,random,reverse,5000,135,169483516372,84823,9590,0.225396,24
QuickSort,random,reverse,5000,136,169483516373,89316,9640,0.253216,29
QuickSort,random,reverse,5000,137,169483516374,90083,9688,0.236600,27
QuickSort,random,reverse,5000,138,169483516375,91744,9654,0.240656,28
QuickSort,random,reverse,5000,139,169483516376,91517,9656,0.232554,28
QuickSort,random,reverse,5000,140,169483516377,95117,9648,0.328797,28
QuickSort,random,reverse,5000,141,169483516378,96162,9724,0.217605,29
QuickSort,random,reverse,5000,142,169483516379,92762,9766,0.210919,28
QuickSort,random,reverse,5000,143,169483516380,93986,9726,0.218840,34
QuickSort,random,reverse,5000,144,169483516381,87348,9662,0.250987,27
QuickSort,random,reverse,5000,145,169483516382,91373,9596,0.221521,29
QuickSort,random,reverse,5000,146,169483516383,94699,9698,0.235607,32
QuickSort,random,reverse,5000,147,169483516384,91803,9612,0.222585,29
QuickSort,random,reverse,5000,148,169483516385,94447,9630,0.220386,32
QuickSort,random,reverse,5000,149,169483516386,88974,9682,0.211190,26
QuickSort,random,reverse,5000,150,169483516387,96316,9714,0.219432,31
QuickSort,random,reverse,5000,151,169483516388,92273,9786,0.222635,28
QuickSort,random,reverse,5000,152,169483516389,85278,9730,0.210848,25
QuickSort,random,reverse,5000,153,169483516390,91789,9674,0.213408,31
QuickSort,random,reverse,5000,154,169483516391,94298,9754,0.219151,29
QuickSort,random,reverse,5000,155,169483516392,103423,9704,0.231019,31
QuickSort,random,reverse,5000,156,169483516393,91447,9668,0.215456,27
QuickSort,random,reverse,5000,157,169483516394,88964,9662,0.209191,29
QuickSort,random,reverse,5000,158,169483516395,86646,9630,0.206571,25
QuickSort,random,reverse,5000,159,169483516396,93895,9618,0.212676,30
QuickSort,random,reverse,5000,160,169483516397,93430,9646,0.220206,31
QuickSort,random,reverse,5000,161,169483516398,88508,9718,0.212163,29
QuickSort,random,reverse,5000,162,169483516399,88784,9674,0.219523,27
QuickSort,random,reverse,5000,163,169483516400,87180,9660,0.206922,27
QuickSort,random,reverse,5000,164,169483516401,85568,9604,0.213499,28
QuickSort,random,reverse,5000,165,169483516402,90566,9640,0.214051,28
QuickSort,random,reverse,5000,166,169483516403,95617,9746,0.230325,32
QuickSort,random,reverse,5000,167,169483516404,89783,9596,0.218227,28
QuickSort,random,reverse,5000,168,169483516405,99275,9674,0.220667,35
QuickSort,random,reverse,5000,169,169483516406,87510,9748,0.221681,26
QuickSort,random,reverse,5000,170,169483516407,97927,9724,0.237072,29
QuickSort,random,reverse,5000,171,169483516408,95731,9674,0.222263,29
QuickSort,random,reverse,5000,172,169483516409,91353,9682,0.216320,29
QuickSort,random,reverse,5000,173,169483516410,92203,9714,0.302011,30
QuickSort,random,reverse,5000,174,169483516411,88926,9708,0.232866,27
QuickSort,random,reverse,5000,175,169483516412,86931,9688,0.230004,27
QuickSort,random,reverse,5000,176,169483516413,90481,9694,0.209794,29
QuickSort,random,reverse,5000,177,169483516414,93002,9614,0.237183,28
QuickSort,random,reverse,5000,178,169483516415,91442,9640,0.221189,27
QuickSort,random,reverse,5000,179,169483516416,90461,9718,0.212003,26
QuickSort,random,reverse,5000,180,169483516417,93616,9652,0.216320,31
QuickSort,random,reverse,5000,181,169483516418,90847,9628,0.214332,28
QuickSort,random,reverse,5000,182,169483516419,90107,9696,0.218568,27
QuickSort,random,reverse,5000,183,169483516420,88685,9644,0.212425,27
QuickSort,random,reverse,5000,184,169483516421,86370,9734,0.210939,29
QuickSort,random,reverse,5000,185,169483516422,92362,9712,0.270948,27
QuickSort,random,reverse,5000,186,169483516423,87389,9702,0.217154,25
QuickSort,random,reverse,5000,187,169483516424,94817,9600,0.219542,28
QuickSort,random,reverse,5000,188,169483516425,87437,9638,0.210215,29
QuickSort,random,reverse,5000,189,169483516426,91081,9740,0.205799,35
QuickSort,random,reverse,5000,190,169483516427,89866,9648,0.211621,29
QuickSort,random,reverse,5000,191,169483516428,94934,9702,0.221290,29
QuickSort,random,reverse,5000,192,169483516429,97286,9634,0.220155,33
QuickSort,random,reverse,5000,193,169483516430,88516,9688,0.209804,26
QuickSort,random,reverse,5000,194,169483516431,94988,9754,0.213117,34
QuickSort,random,reverse,5000,195,169483516432,87550,9566,0.207053,26
QuickSort,random,reverse,5000,196,169483516433,86350,9632,0.215989,26
QuickSort,random,reverse,5000,197,169483516434,90998,9684,0.211832,28
QuickSort,random,reverse,5000,198,169483516435,85814,9630,0.215687,27
QuickSort,random,reverse,5000,199,169483516436,89908,9668,0.210296,30
QuickSort,random,reverse,50000,0,225777257248,1160854,96860,2.427283,39
QuickSort,random,reverse,50000,1,225777257249,1134326,96888,2.810866,38
QuickSort,random,reverse,50000,2,225777257250,1117095,96662,2.206018,35
QuickSort,random,reverse,50000,3,225777257251,1115248,96818,2.241827,37
QuickSort,random,reverse,50000,4,225777257252,1217530,96650,2.194889,42
QuickSort,random,reverse,50000,5,225777257253,1105505,96524,2.621443,33
QuickSort,random,reverse,50000,6,225777257254,1166494,96912,2.516591,39
QuickSort,random,reverse,50000,7,225777257255,1192973,96660,2.256872,38
QuickSort,random,reverse,50000,8,225777257256,1161121,96616,2.228976,37
QuickSort,random,reverse,50000,9,225777257257,1144415,96728,2.421453,38
QuickSort,random,reverse,50000,10,225777257258,1079474,96836,2.097378,35
QuickSort,random,reverse,50000,11,225777257259,1152420,96732,2.254928,36
QuickSort,random,reverse,50000,12,225777257260,1088133,97096,2.100494,35
QuickSort,random,reverse,50000,13,225777257261,1112590,96632,3.537794,39
QuickSort,random,reverse,50000,14,225777257262,1107191,96742,2.788719,34
QuickSort,random,reverse,50000,15,225777257263,1119915,96956,2.740139,35
QuickSort,random,reverse,50000,16,225777257264,1167838,96838,2.840324,37
QuickSort,random,reverse,50000,17,225777257265,1158515,96800,2.840184,37
QuickSort,random,reverse,50000,18,225777257266,1111663,96746,2.599067,35
QuickSort,random,reverse,50000,19,225777257267,1125317,96658,2.169367,36
QuickSort,random,reverse,50000,20,225777257268,1176350,96868,2.247988,40
QuickSort,random,reverse,50000,21,225777257269,1095627,96916,2.255680,36
QuickSort,random,reverse,50000,22,225777257270,1149294,96922,2.184703,37
QuickSort,random,reverse,50000,23,225777257271,1133376,96998,2.174015,40
QuickSort,random,reverse,50000,24,225777257272,1120504,96786,2.189951,39
QuickSort,random,reverse,50000,25,225777257273,1210551,96830,2.303468,39
QuickSort,random,reverse,50000,26,225777257274,1140521,97154,2.176750,37
QuickSort,random,reverse,50000,27,225777257275,1126218,96684,2.146931,40
QuickSort,random,reverse,50000,28,225777257276,1120749,96674,2.179995,39
QuickSort,random,reverse,50000,29,225777257277,1102370,96670,2.094664,35
QuickSort,random,sorted,1000,0,165360398187,15444,1428,0.049559,22
QuickSort,random,sorted,1000,1,165360398188,15279,1404,0.043783,22
QuickSort,random,sorted,1000,2,165360398189,14483,1412,0.042907,21
QuickSort,random,sorted,1000,3,165360398190,14542,1478,0.040813,24
QuickSort,random,sorted,1000,4,165360398191,15964,1442,0.041538,25
QuickSort,random,sorted,1000,5,165360398192,14966,1426,0.040601,22
QuickSort,random,sorted,1000,6,165360398193,15974,1422,0.041718,25
QuickSort,random,sorted,1000,7,165360398194,14253,1448,0.040068,19
QuickSort,random,sorted,1000,8,165360398195,15931,1462,0.039948,23
QuickSort,random,sorted,1000,9,165360398196,14155,1386,0.039062,21
QuickSort,random,sorted,1000,10,165360398197,16838,1406,0.042655,26
QuickSort,random,sorted,1000,11,165360398198,15350,1428,0.043682,22
QuickSort,random,sorted,1000,12,165360398199,15636,1454,0.047566,22
QuickSort,random,sorted,1000,13,165360398200,14473,1450,0.047254,23
QuickSort,random,sorted,1000,14,165360398201,15284,1406,0.041477,22
QuickSort,random,sorted,1000,15,165360398202,15024,1448,0.040440,22
QuickSort,random,sorted,1000,16,165360398203,14348,1466,0.039636,19
QuickSort,random,sorted,1000,17,165360398204,15121,1420,0.040370,20
QuickSort,random,sorted,1000,18,165360398205,16732,1438,0.040692,23
QuickSort,random,sorted,1000,19,165360398206,14757,1436,0.039595,24
QuickSort,random,sorted,1000,20,165360398207,14604,1424,0.039988,21
QuickSort,random,sorted,1000,21,165360398208,14972,1426,0.040532,22
QuickSort,random,sorted,1000,22,165360398209,15424,1452,0.040934,21
QuickSort,random,sorted,1000,23,165360398210,15019,1458,0.040481,22
QuickSort,random,sorted,1000,24,165360398211,15480,1470,0.039635,23
QuickSort,random,sorted,1000,25,165360398212,14041,1454,0.038478,21
QuickSort,random,sorted,1000,26,165360398213,14580,1420,0.101534,20
QuickSort,random,sorted,1000,27,165360398214,15706,1428,0.040108,23
QuickSort,random,sorted,1000,28,165360398215,14830,1442,0.038458,21
QuickSort,random,sorted,1000,29,165360398216,14424,1456,0.038669,21
QuickSort,random,sorted,1000,30,165360398217,15417,1436,0.039907,23
QuickSort,random,sorted,1000,31,165360398218,14762,1412,0.039605,22
QuickSort,random,sorted,1000,32,165360398219,13688,1490,0.038287,18
QuickSort,random,sorted,1000,33,165360398220,15865,1478,0.039534,23
QuickSort,random,sorted,1000,34,165360398221,14878,1406,0.039233,24
QuickSort,random,sorted,1000,35,165360398222,14100,1464,0.038558,20
QuickSort,random,sorted,1000,36,165360398223,14956,1440,0.038568,21
QuickSort,random,sorted,1000,37,165360398224,16347,1440,0.040380,23
QuickSort,random,sorted,1000,38,165360398225,16562,1398,0.039504,23
QuickSort,random,sorted,1000,39,165360398226,15585,1438,0.039142,23
QuickSort,random,sorted,1000,40,165360398227,14231,1468,0.038357,18
QuickSort,random,sorted,1000,41,165360398228,14441,1420,0.049318,20
QuickSort,random,sorted,1000,42,165360398229,14574,1454,0.038649,21
QuickSort,random,sorted,1000,43,165360398230,15958,1446,0.039565,27
QuickSort,random,sorted,1000,44,165360398231,14866,1430,0.038519,19
QuickSort,random,sorted,1000,45,165360398232,16596,1426,0.039706,25
QuickSort,random,sorted,1000,46,165360398233,17499,1478,0.039837,26
QuickSort,random,sorted,1000,47,165360398234,15436,1458,0.038740,25
QuickSort,random,sorted,1000,48,165360398235,14580,1404,0.039685,19
QuickSort,random,sorted,1000,49,165360398236,15710,1406,0.039988,24
QuickSort,random,sorted,1000,50,165360398237,14828,1434,0.038136,21
QuickSort,random,sorted,1000,51,165360398238,13900,1430,0.037934,20
QuickSort,random,sorted,1000,52,165360398239,15237,1454,0.038871,21
QuickSort,random,sorted,1000,53,165360398240,16264,1454,0.039877,24
QuickSort,random,sorted,1000,54,165360398241,14991,1424,0.039847,23
QuickSort,random,sorted,1000,55,165360398242,14585,1436,0.038256,23
QuickSort,random,sorted,1000,56,165360398243,14432,1402,0.038437,26
QuickSort,random,sorted,1000,57,165360398244,14965,1358,0.038357,20
QuickSort,random,sorted,1000,58,165360398245,14350,1460,0.037874,19
QuickSort,random,sorted,1000,59,165360398246,14201,1422,0.038851,22
QuickSort,random,sorted,1000,60,165360398247,15083,1402,0.038397,22
QuickSort,random,sorted,1000,61,165360398248,15023,1430,0.038498,21
QuickSort,random,sorted,1000,62,165360398249,14416,1456,0.037763,24
QuickSort,random,sorted,1000,63,165360398250,14177,1448,0.037834,19
QuickSort,random,sorted,1000,64,165360398251,15640,1452,0.039394,21
QuickSort,random,sorted,1000,65,165360398252,14294,1418,0.038146,24
QuickSort,random,sorted,1000,66,165360398253,14743,1366,0.038770,20
QuickSort,random,sorted,1000,67,165360398254,14423,1404,0.038136,22
QuickSort,random,sorted,1000,68,165360398255,14330,1442,0.037683,20
QuickSort,random,sorted,1000,69,165360398256,14516,1446,0.037693,22
QuickSort,random,sorted,1000,70,165360398257,14561,1454,0.038267,21
QuickSort,random,sorted,1000,71,165360398258,15308,1440,0.038871,23
QuickSort,random,sorted,1000,72,165360398259,14643,1430,0.038286,21
QuickSort,random,sorted,1000,73,165360398260,14709,1454,0.038800,20
QuickSort,random,sorted,1000,74,165360398261,15724,1442,0.038659,27
QuickSort,random,sorted,1000,75,165360398262,14156,1434,0.039233,24
QuickSort,random,sorted,1000,76,165360398263,15288,1434,0.038931,24
QuickSort,random,sorted,1000,77,165360398264,15184,1422,0.038518,22
QuickSort,random,sorted,1000,78,165360398265,14791,1456,0.038780,20
QuickSort,random,sorted,1000,79,165360398266,15574,1484,0.038981,24
QuickSort,random,sorted,1000,80,165360398267,14512,1422,0.038599,20
QuickSort,random,sorted,1000,81,165360398268,14702,1480,0.038226,22
QuickSort,random,sorted,1000,82,165360398269,14910,1468,0.037854,22
QuickSort,random,sorted,1000,83,165360398270,13620,1430,0.037683,17
QuickSort,random,sorted,1000,84,165360398271,14946,1472,0.038729,21
QuickSort,random,sorted,1000,85,165360398272,14664,1408,0.037804,19
QuickSort,random,sorted,1000,86,165360398273,15768,1426,0.038921,26
QuickSort,random,sorted,1000,87,165360398274,16114,1476,0.039163,23
QuickSort,random,sorted,1000,88,165360398275,15247,1414,0.038065,21
QuickSort,random,sorted,1000,89,165360398276,14484,1452,0.038035,21
QuickSort,random,sorted,1000,90,165360398277,14825,1426,0.139720,21
QuickSort,random,sorted,1000,91,165360398278,14347,1426,0.081344,21
QuickSort,random,sorted,1000,92,165360398279,13885,1402,0.073866,20
QuickSort,random,sorted,1000,93,165360398280,14522,1440,0.087393,21
QuickSort,random,sorted,1000,94,165360398281,14113,1416,0.073333,19
QuickSort,random,sorted,1000,95,165360398282,14369,1486,0.073735,20
QuickSort,random,sorted,1000,96,165360398283,13872,1414,0.107935,19
QuickSort,random,sorted,1000,97,165360398284,14384,1384,0.071822,20
QuickSort,random,sorted,1000,98,165360398285,14444,1492,0.070646,22
QuickSort,random,sorted,1000,99,165360398286,14162,1378,0.079542,18
QuickSort,random,sorted,1000,100,165360398287,14687,1428,0.071239,20
QuickSort,random,sorted,1000,101,165360398288,14083,1420,0.070907,21
QuickSort,random,sorted,1000,102,165360398289,14759,1424,0.068008,24
QuickSort,random,sorted,1000,103,165360398290,14488,1420,0.042535,21
QuickSort,random,sorted,1000,104,165360398291,14220,1440,0.041075,22
QuickSort,random,sorted,1000,105,165360398292,15210,1396,0.042242,23
QuickSort,random,sorted,1000,106,165360398293,15887,1432,0.042263,25
QuickSort,random,sorted,1000,107,165360398294,14400,1386,0.039736,20
QuickSort,random,sorted,1000,108,165360398295,14969,1456,0.039545,21
QuickSort,random,sorted,1000,109,165360398296,14017,1396,0.038891,18
QuickSort,random,sorted,1000,110,165360398297,14196,1470,0.039374,20
QuickSort,random,sorted,1000,111,165360398298,14313,1394,0.040280,23
QuickSort,random,sorted,1000,112,165360398299,14551,1428,0.039716,20
QuickSort,random,sorted,1000,113,165360398300,14959,1408,0.038921,21
QuickSort,random,sorted,1000,114,165360398301,16425,1450,0.040199,24
QuickSort,random,sorted,1000,115,165360398302,14555,1436,0.038920,22
QuickSort,random,sorted,1000,116,165360398303,14277,1428,0.038991,18
QuickSort,random,sorted,1000,117,165360398304,14398,1438,0.038549,20
QuickSort,random,sorted,1000,118,165360398305,14117,1410,0.038629,18
QuickSort,random,sorted,1000,119,165360398306,14359,1334,0.038800,20
QuickSort,random,sorted,1000,120,165360398307,15832,1456,0.086125,26
QuickSort,random,sorted,1000,121,165360398308,15260,1410,0.077510,23
QuickSort,random,sorted,1000,122,165360398309,15602,1452,0.076714,24
QuickSort,random,sorted,1000,123,165360398310,15045,1448,0.079472,21
QuickSort,random,sorted,1000,124,165360398311,14717,1460,0.078033,22
QuickSort,random,sorted,1000,125,165360398312,14497,1412,0.071843,23
QuickSort,random,sorted,1000,126,165360398313,15100,1418,0.073574,25
QuickSort,random,sorted,1000,127,165360398314,15090,1396,0.070937,27
QuickSort,random,sorted,1000,128,165360398315,15611,1454,0.072659,23
QuickSort,random,sorted,1000,129,165360398316,15432,1452,0.075546,24
QuickSort,random,sorted,1000,130,165360398317,14946,1456,0.058618,21
QuickSort,random,sorted,1000,131,165360398318,15512,1494,0.043389,20
QuickSort,random,sorted,1000,132,165360398319,15082,1442,0.041296,23
QuickSort,random,sorted,1000,133,165360398320,14119,1474,0.040069,18
QuickSort,random,sorted,1000,134,165360398321,14871,1460,0.040733,20
QuickSort,random,sorted,1000,135,165360398322,15216,1402,0.039968,21
QuickSort,random,sorted,1000,136,165360398323,14821,1470,0.040078,23
QuickSort,random,sorted,1000,137,165360398324,14909,1430,0.040843,23
QuickSort,random,sorted,1000,138,165360398325,14584,1442,0.039837,22
QuickSort,random,sorted,1000,139,165360398326,16334,1398,0.040340,23
QuickSort,random,sorted,1000,140,165360398327,14266,1456,0.040249,20
QuickSort,random,sorted,1000,141,165360398328,14295,1414,0.146211,23
QuickSort,random,sorted,1000,142,165360398329,15106,1438,0.045372,22
QuickSort,random,sorted,1000,143,165360398330,13911,1398,0.072729,19
QuickSort,random,sorted,1000,144,165360398331,14271,1426,0.048342,22
QuickSort,random,sorted,1000,145,165360398332,15531,1474,0.045172,20
QuickSort,random,sorted,1000,146,165360398333,16537,1396,0.044003,22
QuickSort,random,sorted,1000,147,165360398334,14399,1418,0.048674,19
QuickSort,random,sorted,1000,148,165360398335,16520,1464,0.051451,27
QuickSort,random,sorted,1000,149,165360398336,14133,1416,0.047395,22
QuickSort,random,sorted,1000,150,165360398337,15817,1470,0.047728,26
QuickSort,random,sorted,1000,151,165360398338,15810,1434,0.047959,27
QuickSort,random,sorted,1000,152,165360398339,15016,1418,0.047195,24
QuickSort,random,sorted,1000,153,165360398340,15772,1432,0.047466,21
QuickSort,random,sorted,1000,154,165360398341,13966,1380,0.046510,18
QuickSort,random,sorted,1000,155,165360398342,15209,1468,0.047908,21
QuickSort,random,sorted,1000,156,165360398343,15194,1460,0.047365,24
QuickSort,random,sorted,1000,157,165360398344,15086,1388,0.046138,21
QuickSort,random,sorted,1000,158,165360398345,15627,1434,0.047395,20
QuickSort,random,sorted,1000,159,165360398346,14701,1388,0.041507,20
QuickSort,random,sorted,1000,160,165360398347,15857,1440,0.045040,26
QuickSort,random,sorted,1000,161,165360398348,15299,1486,0.046279,23
QuickSort,random,sorted,1000,162,165360398349,14788,1432,0.046540,22
QuickSort,random,sorted,1000,163,165360398350,14525,1412,0.045000,23
QuickSort,random,sorted,1000,164,165360398351,15585,1434,0.045987,22
QuickSort,random,sorted,1000,165,165360398352,15007,1430,0.038891,22
QuickSort,random,sorted,1000,166,165360398353,16892,1480,0.039364,23
QuickSort,random,sorted,1000,167,165360398354,14925,1424,0.039998,25
QuickSort,random,sorted,1000,168,165360398355,14723,1466,0.038518,19
QuickSort,random,sorted,1000,169,165360398356,13987,1432,0.037864,20
QuickSort,random,sorted,1000,170,165360398357,15174,1462,0.039576,22
QuickSort,random,sorted,1000,171,165360398358,14940,1424,0.038206,26
QuickSort,random,sorted,1000,172,165360398359,14035,1458,0.038196,19
QuickSort,random,sorted,1000,173,165360398360,14278,1438,0.038236,20
QuickSort,random,sorted,1000,174,165360398361,14700,1416,0.038297,20
QuickSort,random,sorted,1000,175,165360398362,15622,1428,0.038749,24
QuickSort,random,sorted,1000,176,165360398363,14654,1444,0.038609,24
QuickSort,random,sorted,1000,177,165360398364,14184,1446,0.133178,21
QuickSort,random,sorted,1000,178,165360398365,15695,1436,0.042776,23
QuickSort,random,sorted,1000,179,165360398366,14509,1420,0.038568,21
QuickSort,random,sorted,1000,180,165360398367,15263,1456,0.039615,26
QuickSort,random,sorted,1000,181,165360398368,14479,1402,0.038448,21
QuickSort,random,sorted,1000,182,165360398369,14193,1398,0.038176,21
QuickSort,random,sorted,1000,183,165360398370,14924,1416,0.038096,23
QuickSort,random,sorted,1000,184,165360398371,14772,1444,0.039334,21
QuickSort,random,sorted,1000,185,165360398372,14142,1428,0.037613,19
QuickSort,random,sorted,1000,186,165360398373,16118,1400,0.039504,25
QuickSort,random,sorted,1000,187,165360398374,15916,1412,0.039847,25
QuickSort,random,sorted,1000,188,165360398375,14882,1440,0.038659,21
QuickSort,random,sorted,1000,189,165360398376,14779,1428,0.038397,22
QuickSort,random,sorted,1000,190,165360398377,14030,1458,0.038327,19
QuickSort,random,sorted,1000,191,165360398378,14623,1460,0.038569,19
QuickSort,random,sorted,1000,192,165360398379,14657,1452,0.037794,20
QuickSort,random,sorted,1000,193,165360398380,14883,1466,0.039001,23
QuickSort,random,sorted,1000,194,165360398381,14991,1408,0.038206,23
QuickSort,random,sorted,1000,195,165360398382,15377,1390,0.038337,22
QuickSort,random,sorted,1000,196,165360398383,14165,1426,0.037964,23
QuickSort,random,sorted,1000,197,165360398384,15173,1408,0.038317,21
QuickSort,random,sorted,1000,198,165360398385,15012,1370,0.039303,22
QuickSort,random,sorted,1000,199,165360398386,14681,1444,0.038327,23
QuickSort,random,sorted,10000,0,173598434547,191588,14380,0.439235,29
QuickSort,random,sorted,10000,1,173598434548,188182,14382,0.464452,30
QuickSort,random,sorted,10000,2,173598434549,189880,14508,0.416216,32
QuickSort,random,sorted,10000,3,173598434550,189984,14322,0.489659,28
QuickSort,random,sorted,10000,4,173598434551,196982,14238,0.436701,33
QuickSort,random,sorted,10000,5,173598434552,188079,14430,0.409602,31
QuickSort,random,sorted,10000,6,173598434553,190590,14312,0.393108,34
QuickSort,random,sorted,10000,7,173598434554,196436,14432,0.411572,31
QuickSort,random,sorted,10000,8,173598434555,203842,14484,0.410731,34
QuickSort,random,sorted,10000,9,173598434556,192432,14462,0.414245,36
QuickSort,random,sorted,10000,10,173598434557,201578,14320,0.393454,33
QuickSort,random,sorted,10000,11,173598434558,231555,14382,0.432592,44
QuickSort,random,sorted,10000,12,173598434559,194876,14266,0.392355,31
QuickSort,random,sorted,10000,13,173598434560,192482,14374,0.389563,29
QuickSort,random,sorted,10000,14,173598434561,192902,14324,0.402691,32
QuickSort,random,sorted,10000,15,173598434562,195366,14262,0.393602,34
QuickSort,random,sorted,10000,16,173598434563,188394,14362,0.418929,28
QuickSort,random,sorted,10000,17,173598434564,191245,14422,0.435532,29
QuickSort,random,sorted,10000,18,173598434565,203641,14534,0.459224,34
QuickSort,random,sorted,10000,19,173598434566,194370,14358,0.462264,32
QuickSort,random,sorted,10000,20,173598434567,200832,14236,0.477214,36
QuickSort,random,sorted,10000,21,173598434568,189065,14460,0.518490,31
QuickSort,random,sorted,10000,22,173598434569,199020,14418,0.453413,30
QuickSort,random,sorted,10000,23,173598434570,191027,14424,0.425077,30
QuickSort,random,sorted,10000,24,173598434571,188532,14386,0.612646,29
QuickSort,random,sorted,10000,25,173598434572,191378,14312,0.523470,31
QuickSort,random,sorted,10000,26,173598434573,191306,14392,0.409464,31
QuickSort,random,sorted,10000,27,173598434574,192348,14298,0.410404,28
QuickSort,random,sorted,10000,28,173598434575,186656,14348,0.404227,28
QuickSort,random,sorted,10000,29,173598434576,186216,14518,0.389722,30
QuickSort,random,sorted,10000,30,173598434577,194207,14426,0.394860,31
QuickSort,random,sorted,10000,31,173598434578,193238,14354,0.396286,28
QuickSort,random,sorted,10000,32,173598434579,189083,14336,0.452908,31
QuickSort,random,sorted,10000,33,173598434580,199809,14256,0.403860,31
QuickSort,random,sorted,10000,34,173598434581,206100,14460,0.435621,36
QuickSort,random,sorted,10000,35,173598434582,205775,14258,0.396840,33
QuickSort,random,sorted,10000,36,173598434583,192850,14506,0.405494,30
QuickSort,random,sorted,10000,37,173598434584,188188,14264,0.390435,31
QuickSort,random,sorted,10000,38,173598434585,196121,14452,0.392662,30
QuickSort,random,sorted,10000,39,173598434586,190748,14268,0.391256,31
QuickSort,random,sorted,10000,40,173598434587,199375,14292,0.392603,32
QuickSort,random,sorted,10000,41,173598434588,206561,14412,0.425295,34
QuickSort,random,sorted,10000,42,173598434589,193967,14382,0.392326,32
QuickSort,random,sorted,10000,43,173598434590,193972,14382,0.392929,30
QuickSort,random,sorted,10000,44,173598434591,189148,14462,0.389603,30
QuickSort,random,sorted,10000,45,173598434592,188323,14508,0.401890,28
QuickSort,random,sorted,10000,46,173598434593,190549,14376,0.399107,29
QuickSort,random,sorted,10000,47,173598434594,189863,14416,0.390078,30
QuickSort,random,sorted,10000,48,173598434595,188089,14478,0.412295,29
QuickSort,random,sorted,10000,49,173598434596,189106,14288,0.459849,32
QuickSort,random,sorted,10000,50,173598434597,209434,14250,0.502887,32
QuickSort,random,sorted,10000,51,173598434598,198805,14326,0.426424,35
QuickSort,random,sorted,10000,52,173598434599,189093,14404,0.395632,30
QuickSort,random,sorted,10000,53,173598434600,202869,14342,0.416473,32
QuickSort,random,sorted,10000,54,173598434601,195374,14300,0.392009,30
QuickSort,random,sorted,10000,55,173598434602,203964,14184,0.397236,31
QuickSort,random,sorted,10000,56,173598434603,189412,14422,0.401672,30
QuickSort,random,sorted,10000,57,173598434604,186278,14430,0.386950,31
QuickSort,random,sorted,10000,58,173598434605,184914,14368,0.388365,35
QuickSort,random,sorted,10000,59,173598434606,191524,14294,0.393236,33
QuickSort,random,sorted,10000,60,173598434607,197070,14406,0.447423,30
QuickSort,random,sorted,10000,61,173598434608,198948,14214,0.533202,32
QuickSort,random,sorted,10000,62,173598434609,196377,14372,0.546817,31
QuickSort,random,sorted,10000,63,173598434610,192786,14392,0.439898,30
QuickSort,random,sorted,10000,64,173598434611,195621,14420,0.640764,33
QuickSort,random,sorted,10000,65,173598434612,205701,14342,0.473333,32
QuickSort,random,sorted,10000,66,173598434613,194665,14476,0.431097,33
QuickSort,random,sorted,10000,67,173598434614,198900,14300,0.415672,33
QuickSort,random,sorted,10000,68,173598434615,202941,14172,0.463274,32
QuickSort,random,sorted,10000,69,173598434616,188651,14498,0.435414,29
QuickSort,random,sorted,10000,70,173598434617,200059,14338,0.847006,30
QuickSort,random,sorted,10000,71,173598434618,193290,14418,0.560856,32
QuickSort,random,sorted,10000,72,173598434619,196227,14420,0.512431,30
QuickSort,random,sorted,10000,73,173598434620,208503,14446,0.550370,32
QuickSort,random,sorted,10000,74,173598434621,189233,14326,0.494520,31
QuickSort,random,sorted,10000,75,173598434622,187926,14332,0.458244,28
QuickSort,random,sorted,10000,76,173598434623,194002,14290,0.469165,32
QuickSort,random,sorted,10000,77,173598434624,189127,14410,0.504075,31
QuickSort,random,sorted,10000,78,173598434625,198639,14534,0.448651,30
QuickSort,random,sorted,10000,79,173598434626,192845,14318,0.427265,32
QuickSort,random,sorted,10000,80,173598434627,188960,14334,0.401791,30
QuickSort,random,sorted,10000,81,173598434628,194038,14424,0.442958,31
QuickSort,random,sorted,10000,82,173598434629,185800,14316,0.423869,30
QuickSort,random,sorted,10000,83,173598434630,202862,14324,0.418117,34
QuickSort,random,sorted,10000,84,173598434631,191400,14274,0.395474,30
QuickSort,random,sorted,10000,85,173598434632,185280,14340,0.421671,28
QuickSort,random,sorted,10000,86,173598434633,186936,14510,0.396751,27
QuickSort,random,sorted,10000,87,173598434634,193682,14304,0.395939,27
QuickSort,random,sorted,10000,88,173598434635,189577,14302,0.407731,31
QuickSort,random,sorted,10000,89,173598434636,185865,14338,0.388573,29
QuickSort,random,sorted,10000,90,173598434637,195116,14294,0.499976,34
QuickSort,random,sorted,10000,91,173598434638,190283,14334,0.411859,28
QuickSort,random,sorted,10000,92,173598434639,189769,14204,0.439601,28
QuickSort,random,sorted,10000,93,173598434640,193263,14410,0.541836,29
QuickSort,random,sorted,10000,94,173598434641,191581,14282,0.455828,32
QuickSort,random,sorted,10000,95,173598434642,197661,14456,0.423651,30
QuickSort,random,sorted,10000,96,173598434643,203642,14274,0.399751,30
QuickSort,random,sorted,10000,97,173598434644,196669,14464,0.409582,31
QuickSort,random,sorted,10000,98,173598434645,200403,14324,0.394741,31
QuickSort,random,sorted,10000,99,173598434646,186762,14492,0.400167,29
QuickSort,random,sorted,5000,0,166448557494,94701,7130,0.258755,30
QuickSort,random,sorted,5000,1,166448557495,84154,7072,0.242744,27
QuickSort,random,sorted,5000,2,166448557496,94262,7172,0.253535,29
QuickSort,random,sorted,5000,3,166448557497,90378,7162,0.215207,26
QuickSort,random,sorted,5000,4,166448557498,91951,7220,0.226803,28
QuickSort,random,sorted,5000,5,166448557499,92007,7228,0.274545,29
QuickSort,random,sorted,5000,6,166448557500,88691,7254,0.217933,26
QuickSort,random,sorted,5000,7,166448557501,87721,7262,0.203570,25
QuickSort,random,sorted,5000,8,166448557502,89537,7308,0.206829,30
QuickSort,random,sorted,5000,9,166448557503,88311,7182,0.198079,27
QuickSort,random,sorted,5000,10,166448557504,94576,7040,0.199638,28
QuickSort,random,sorted,5000,11,166448557505,90330,7146,0.196822,26
QuickSort,random,sorted,5000,12,166448557506,96146,7258,0.200181,32
QuickSort,random,sorted,5000,13,166448557507,95722,7154,0.198874,31
QuickSort,random,sorted,5000,14,166448557508,92413,7182,0.198471,28
QuickSort,random,sorted,5000,15,166448557509,91201,7220,0.197044,30
QuickSort,random,sorted,5000,16,166448557510,87513,7156,0.232345,27
QuickSort,random,sorted,5000,17,166448557511,93477,7150,0.227225,27
QuickSort,random,sorted,5000,18,166448557512,87251,7200,0.234567,28
QuickSort,random,sorted,5000,19,166448557513,89350,7164,0.224359,26
QuickSort,random,sorted,5000,20,166448557514,86625,7196,0.205281,26
QuickSort,random,sorted,5000,21,166448557515,94831,7226,0.199718,33
QuickSort,random,sorted,5000,22,166448557516,91018,7212,0.198290,30
QuickSort,random,sorted,5000,23,166448557517,94138,7140,0.197425,30
QuickSort,random,sorted,5000,24,166448557518,86917,7200,0.193845,28
QuickSort,random,sorted,5000,25,166448557519,93978,7166,0.298521,30
QuickSort,random,sorted,5000,26,166448557520,90035,7202,0.244272,32
QuickSort,random,sorted,5000,27,166448557521,84878,7246,0.231258,26
QuickSort,random,sorted,5000,28,166448557522,85774,7178,0.291789,27
QuickSort,random,sorted,5000,29,166448557523,93982,7070,0.246224,28
QuickSort,random,sorted,5000,30,166448557524,87600,7236,0.231530,25
QuickSort,random,sorted,5000,31,166448557525,89558,7228,0.240703,26
QuickSort,random,sorted,5000,32,166448557526,94499,7196,0.247410,31
QuickSort,random,sorted,5000,33,166448557527,92520,7240,0.306853,30
QuickSort,random,sorted,5000,34,166448557528,83801,7200,0.236760,24
QuickSort,random,sorted,5000,35,166448557529,90419,7192,0.248416,28
QuickSort,random,sorted,5000,36,166448557530,86831,7212,0.325209,25
QuickSort,random,sorted,5000,37,166448557531,97446,7240,0.260566,32
QuickSort,random,sorted,5000,38,166448557532,94113,7282,0.248577,29
QuickSort,random,sorted,5000,39,166448557533,88542,7156,0.242603,29
QuickSort,random,sorted,5000,40,166448557534,87441,7152,0.291928,24
QuickSort,random,sorted,5000,41,166448557535,88448,7218,0.215448,28
QuickSort,random,sorted,5000,42,166448557536,87171,7146,0.273378,28
QuickSort,random,sorted,5000,43,166448557537,91750,7190,0.272081,30
QuickSort,random,sorted,5000,44,166448557538,91014,7162,0.454170,28
QuickSort,random,sorted,5000,45,166448557539,89807,7224,0.252208,30
QuickSort,random,sorted,5000,46,166448557540,93931,7250,0.397717,27
QuickSort,random,sorted,5000,47,166448557541,88896,7214,0.279624,28
QuickSort,random,sorted,5000,48,166448557542,90542,7186,0.322428,27
QuickSort,random,sorted,5000,49,166448557543,88066,7114,0.237946,29
QuickSort,random,sorted,5000,50,166448557544,89247,7146,0.984049,30
QuickSort,random,sorted,5000,51,166448557545,88535,7132,0.254873,27
QuickSort,random,sorted,5000,52,166448557546,87685,7230,0.473297,25
QuickSort,random,sorted,5000,53,166448557547,87454,7164,0.227939,27
QuickSort,random,sorted,5000,54,166448557548,92386,7182,0.211053,28
QuickSort,random,sorted,5000,55,166448557549,92209,7282,0.220104,27
QuickSort,random,sorted,5000,56,166448557550,91340,7234,0.206839,29
QuickSort,random,sorted,5000,57,166448557551,90492,7228,0.213356,29
QuickSort,random,sorted,5000,58,166448557552,95989,7216,0.206216,29
QuickSort,random,sorted,5000,59,166448557553,93264,7114,0.207513,31
QuickSort,random,sorted,5000,60,166448557554,91457,7240,0.243839,28
QuickSort,random,sorted,5000,61,166448557555,86617,7202,0.195907,25
QuickSort,random,sorted,5000,62,166448557556,88425,7216,0.196812,26
QuickSort,random,sorted,5000,63,166448557557,86069,7170,0.196329,28
QuickSort,random,sorted,5000,64,166448557558,91901,7178,0.202545,30
QuickSort,random,sorted,5000,65,166448557559,85752,7236,0.205813,25
QuickSort,random,sorted,5000,66,166448557560,86176,7104,0.226793,27
QuickSort,random,sorted,5000,67,166448557561,93342,7182,0.218677,30
QuickSort,random,sorted,5000,68,166448557562,88412,7156,0.202404,31
QuickSort,random,sorted,5000,69,166448557563,85550,7288,0.193715,26
QuickSort,random,sorted,5000,70,166448557564,89547,7226,0.259943,27
QuickSort,random,sorted,5000,71,166448557565,88097,7206,0.197355,28
QuickSort,random,sorted,5000,72,166448557566,89806,7186,0.197496,28
QuickSort,random,sorted,5000,73,166448557567,86301,7306,0.196258,27
QuickSort,random,sorted,5000,74,166448557568,96919,7200,0.212240,33
QuickSort,random,sorted,5000,75,166448557569,91760,7310,0.243578,26
QuickSort,random,sorted,5000,76,166448557570,91370,7158,0.204636,27
QuickSort,random,sorted,5000,77,166448557571,93564,7320,0.218757,28
QuickSort,random,sorted,5000,78,166448557572,87220,7214,0.212481,25
QuickSort,random,sorted,5000,79,166448557573,88199,7188,0.204808,27
QuickSort,random,sorted,5000,80,166448557574,87513,7212,0.197063,27
QuickSort,random,sorted,5000,81,166448557575,92391,7152,0.198692,31
QuickSort,random,sorted,5000,82,166448557576,92470,7052,0.205622,26
QuickSort,random,sorted,5000,83,166448557577,88821,7186,0.252892,26
QuickSort,random,sorted,5000,84,166448557578,89387,7152,0.233370,32
QuickSort,random,sorted,5000,85,166448557579,88590,7122,0.334457,28
QuickSort,random,sorted,5000,86,166448557580,88835,7244,0.213758,28
QuickSort,random,sorted,5000,87,166448557581,93551,7242,0.197606,28
QuickSort,random,sorted,5000,88,166448557582,93374,7260,0.213286,30
QuickSort,random,sorted,5000,89,166448557583,86353,7250,0.192900,24
QuickSort,random,sorted,5000,90,166448557584,89746,7238,0.195816,27
QuickSort,random,sorted,5000,91,166448557585,91101,7102,0.209213,27
QuickSort,random,sorted,5000,92,166448557586,90340,7110,0.212210,26
QuickSort,random,sorted,5000,93,166448557587,88008,7154,0.195062,26
QuickSort,random,sorted,5000,94,166448557588,89959,7240,0.209624,27
QuickSort,random,sorted,5000,95,166448557589,88359,7212,0.214875,27
QuickSort,random,sorted,5000,96,166448557590,89380,7214,0.199105,30
QuickSort,random,sorted,5000,97,166448557591,97558,7134,0.200403,32
QuickSort,random,sorted,5000,98,166448557592,93089,7166,0.197818,29
QuickSort,random,sorted,5000,99,166448557593,90026,7144,0.207211,29
QuickSort,random,sorted,5000,100,166448557594,91165,7166,0.232526,31
QuickSort,random,sorted,5000,101,166448557595,84631,7188,0.213084,24
QuickSort,random,sorted,5000,102,166448557596,95053,7136,0.206517,32
QuickSort,random,sorted,5000,103,166448557597,90380,7102,0.204114,25
QuickSort,random,sorted,5000,104,166448557598,89538,7146,0.200544,29
QuickSort,random,sorted,5000,105,166448557599,85813,7174,0.194599,28
QuickSort,random,sorted,5000,106,166448557600,95813,7202,0.198159,31
QuickSort,random,sorted,5000,107,166448557601,88931,7140,0.303218,28
QuickSort,random,sorted,5000,108,166448557602,95163,7152,0.430051,29
QuickSort,random,sorted,5000,109,166448557603,93289,7166,0.320024,33
QuickSort,random,sorted,5000,110,166448557604,91096,7286,0.256724,28
QuickSort,random,sorted,5000,111,166448557605,88213,7136,0.320235,25
QuickSort,random,sorted,5000,112,166448557606,95382,7258,0.228764,29
QuickSort,random,sorted,5000,113,166448557607,87855,7116,0.224449,28
QuickSort,random,sorted,5000,114,166448557608,90548,7162,0.400824,28
QuickSort,random,sorted,5000,115,166448557609,92003,7234,0.260002,30
QuickSort,random,sorted,5000,116,166448557610,90307,7238,0.218455,28
QuickSort,random,sorted,5000,117,166448557611,86096,7168,0.205512,26
QuickSort,random,sorted,5000,118,166448557612,87939,7174,0.204426,27
QuickSort,random,sorted,5000,119,166448557613,86659,7142,0.221161,27
QuickSort,random,sorted,5000,120,166448557614,91887,7148,0.268551,26
QuickSort,random,sorted,5000,121,166448557615,94198,7216,0.261119,30
QuickSort,random,sorted,5000,122,166448557616,88285,7120,0.332405,31
QuickSort,random,sorted,5000,123,166448557617,92369,7214,0.313558,29
QuickSort,random,sorted,5000,124,166448557618,87431,7152,0.614029,26
QuickSort,random,sorted,5000,125,166448557619,97999,7112,0.235532,31
QuickSort,random,sorted,5000,126,166448557620,88034,7172,0.222126,28
QuickSort,random,sorted,5000,127,166448557621,98503,7088,0.223353,29
QuickSort,random,sorted,5000,128,166448557622,90058,7162,0.213427,26
QuickSort,random,sorted,5000,129,166448557623,91207,7278,0.277220,30
QuickSort,random,sorted,5000,130,166448557624,87364,7054,0.221623,27
QuickSort,random,sorted,5000,131,166448557625,91588,7188,0.223293,28
QuickSort,random,sorted,5000,132,166448557626,90993,7246,0.233371,28
QuickSort,random,sorted,5000,133,166448557627,88996,7228,0.211224,29
QuickSort,random,sorted,5000,134,166448557628,87468,7162,0.237363,27
QuickSort,random,sorted,5000,135,166448557629,90314,7114,0.223906,28
QuickSort,random,sorted,5000,136,166448557630,84724,7168,0.201278,26
QuickSort,random,sorted,5000,137,166448557631,94180,7152,0.197556,31
QuickSort,random,sorted,5000,138,166448557632,86609,7198,0.282545,27
QuickSort,random,sorted,5000,139,166448557633,88330,7152,0.235754,26
QuickSort,random,sorted,5000,140,166448557634,92685,7154,0.227396,31
QuickSort,random,sorted,5000,141,166448557635,94204,7172,0.209243,28
QuickSort,random,sorted,5000,142,166448557636,89976,7174,0.203480,26
QuickSort,random,sorted,5000,143,166448557637,88920,7192,0.231912,27
QuickSort,random,sorted,5000,144,166448557638,87866,7178,0.239646,29
QuickSort,random,sorted,5000,145,166448557639,86458,7234,0.315835,24
QuickSort,random,sorted,5000,146,166448557640,93803,7192,0.267083,31
QuickSort,random,sorted,5000,147,166448557641,86542,7180,0.278507,27
QuickSort,random,sorted,5000,148,166448557642,91185,7084,0.242593,28
QuickSort,random,sorted,5000,149,166448557643,87680,7130,0.239827,27
QuickSort,random,sorted,5000,150,166448557644,89083,7106,0.230826,27
QuickSort,random,sorted,5000,151,166448557645,89743,7202,0.203792,27
QuickSort,random,sorted,5000,152,166448557646,87326,7164,0.242703,26
QuickSort,random,sorted,5000,153,166448557647,89315,7190,0.210007,28
QuickSort,random,sorted,5000,154,166448557648,89529,7178,0.203822,29
QuickSort,random,sorted,5000,155,166448557649,93227,7122,0.197948,28
QuickSort,random,sorted,5000,156,166448557650,91053,7074,0.197396,27
QuickSort,random,sorted,5000,157,166448557651,91682,7100,0.197797,27
QuickSort,random,sorted,5000,158,166448557652,90965,7228,0.197918,29
QuickSort,random,sorted,5000,159,166448557653,91433,7222,0.222267,31
QuickSort,random,sorted,5000,160,166448557654,87860,7148,0.210470,29
QuickSort,random,sorted,5000,161,166448557655,90127,7210,0.195404,29
QuickSort,random,sorted,5000,162,166448557656,97426,7128,0.238128,31
QuickSort,random,sorted,5000,163,166448557657,87763,7166,0.285195,26
QuickSort,random,sorted,5000,164,166448557658,88001,7112,0.228814,27
QuickSort,random,sorted,5000,165,166448557659,86510,7124,0.216554,28
QuickSort,random,sorted,5000,166,166448557660,89525,7088,0.240240,26
QuickSort,random,sorted,5000,167,166448557661,95035,7260,0.209273,28
QuickSort,random,sorted,5000,168,166448557662,88523,7132,0.212149,28
QuickSort,random,sorted,5000,169,166448557663,90275,7260,0.224299,28
QuickSort,random,sorted,5000,170,166448557664,87248,7124,0.299020,26
QuickSort,random,sorted,5000,171,166448557665,93008,7132,0.236156,28
QuickSort,random,sorted,5000,172,166448557666,90685,7204,0.204365,30
QuickSort,random,sorted,5000,173,166448557667,97317,7246,0.205682,30
QuickSort,random,sorted,5000,174,166448557668,85552,7248,0.203531,25
QuickSort,random,sorted,5000,175,166448557669,87629,7224,0.209333,28
QuickSort,random,sorted,5000,176,166448557670,90410,7102,0.206095,27
QuickSort,random,sorted,5000,177,166448557671,89851,7128,0.267207,26
QuickSort,random,sorted,5000,178,166448557672,94593,7166,0.208066,30
QuickSort,random,sorted,5000,179,166448557673,88895,7234,0.202212,28
QuickSort,random,sorted,5000,180,166448557674,87225,7190,0.196812,26
QuickSort,random,sorted,5000,181,166448557675,90247,7306,0.205783,32
QuickSort,random,sorted,5000,182,166448557676,91565,7140,0.205310,26
QuickSort,random,sorted,5000,183,166448557677,89743,7128,0.217328,27
QuickSort,random,sorted,5000,184,166448557678,87689,7244,0.227929,30
QuickSort,random,sorted,5000,185,166448557679,93369,7096,0.255909,28
QuickSort,random,sorted,5000,186,166448557680,94963,7124,0.258543,30
QuickSort,random,sorted,5000,187,166448557681,91382,7226,0.224671,34
QuickSort,random,sorted,5000,188,166448557682,89174,7128,0.227607,27
QuickSort,random,sorted,5000,189,166448557683,93034,7306,0.240944,28
QuickSort,random,sorted,5000,190,166448557684,88980,7168,0.237202,28
QuickSort,random,sorted,5000,191,166448557685,88941,7224,0.226179,30
QuickSort,random,sorted,5000,192,166448557686,91664,7130,0.231419,29
QuickSort,random,sorted,5000,193,166448557687,96425,7218,0.286372,30
QuickSort,random,sorted,5000,194,166448557688,91885,7088,0.323645,27
QuickSort,random,sorted,5000,195,166448557689,94043,7130,0.255215,33
QuickSort,random,sorted,5000,196,166448557690,92974,7256,0.252781,30
QuickSort,random,sorted,5000,197,166448557691,91738,7260,0.416876,28
QuickSort,random,sorted,5000,198,166448557692,94170,7210,0.261873,28
QuickSort,random,sorted,5000,199,166448557693,86683,7112,0.254953,26
QuickSort,random,sorted,50000,0,186166916524,1146530,71924,2.171315,39
QuickSort,random,sorted,50000,1,186166916525,1201401,71740,2.204922,40
QuickSort,random,sorted,50000,2,186166916526,1156841,72160,2.208649,41
QuickSort,random,sorted,50000,3,186166916527,1155044,71734,2.110856,42
QuickSort,random,sorted,50000,4,186166916528,1184234,72274,2.115655,39
QuickSort,random,sorted,50000,5,186166916529,1111079,71862,2.517338,36
QuickSort,random,sorted,50000,6,186166916530,1228597,71696,2.240572,38
QuickSort,random,sorted,50000,7,186166916531,1171270,71798,2.107870,38
QuickSort,random,sorted,50000,8,186166916532,1147497,71908,2.144102,39
QuickSort,random,sorted,50000,9,186166916533,1157389,71754,2.109504,41
QuickSort,random,sorted,50000,10,186166916534,1152045,71734,2.118331,37
QuickSort,random,sorted,50000,11,186166916535,1111106,71884,2.558619,36
QuickSort,random,sorted,50000,12,186166916536,1133946,72088,2.441389,36
QuickSort,random,sorted,50000,13,186166916537,1135751,72082,2.114393,38
QuickSort,random,sorted,50000,14,186166916538,1132774,71784,2.323596,37
QuickSort,random,sorted,50000,15,186166916539,1126484,71660,2.147298,36
QuickSort,random,sorted,50000,16,186166916540,1140620,71998,2.083132,37
QuickSort,random,sorted,50000,17,186166916541,1147909,71754,2.220222,37
QuickSort,random,sorted,50000,18,186166916542,1085339,71970,2.376962,36
QuickSort,random,sorted,50000,19,186166916543,1118335,71806,2.182748,36
QuickSort,random,sorted,50000,20,186166916544,1103847,71922,2.156877,37
QuickSort,random,sorted,50000,21,186166916545,1107253,71922,2.366511,37
QuickSort,random,sorted,50000,22,186166916546,1125442,71964,2.057921,36
QuickSort,random,sorted,50000,23,186166916547,1111452,71702,2.233318,36
QuickSort,random,sorted,50000,24,186166916548,1075616,72198,2.176525,32
QuickSort,random,sorted,50000,25,186166916549,1117903,71642,2.101157,35
QuickSort,random,sorted,50000,26,186166916550,1111855,71620,2.107019,36
QuickSort,random,sorted,50000,27,186166916551,1130732,71686,2.219600,34
QuickSort,random,sorted,50000,28,186166916552,1120963,72002,2.140353,39
QuickSort,random,sorted,50000,29,186166916553,1118762,71794,2.176134,37
